-- phpMyAdmin SQL Dump
-- version 4.9.1
-- https://www.phpmyadmin.net/
--
-- Host: localhost
-- Generation Time: Dec 31, 2019 at 12:35 PM
-- Server version: 5.6.45
-- PHP Version: 5.6.40

SET SQL_MODE = "NO_AUTO_VALUE_ON_ZERO";
SET AUTOCOMMIT = 0;
START TRANSACTION;
SET time_zone = "+00:00";


/*!40101 SET @OLD_CHARACTER_SET_CLIENT=@@CHARACTER_SET_CLIENT */;
/*!40101 SET @OLD_CHARACTER_SET_RESULTS=@@CHARACTER_SET_RESULTS */;
/*!40101 SET @OLD_COLLATION_CONNECTION=@@COLLATION_CONNECTION */;
/*!40101 SET NAMES utf8mb4 */;

--
-- Database: `Snrakshk_db`
--

-- --------------------------------------------------------

--
-- Table structure for table `3112191234_consumers_bkp`
--

CREATE TABLE `3112191234_consumers_bkp` (
  `c_id` int(10) UNSIGNED NOT NULL DEFAULT '0' COMMENT 'consumer table id',
  `consumer_id` varchar(20) NOT NULL COMMENT 'consumer id',
  `full_name` varchar(50) NOT NULL COMMENT 'full name',
  `address` varchar(255) NOT NULL COMMENT 'address',
  `phone` bigint(20) NOT NULL COMMENT 'phone',
  `email` varchar(150) NOT NULL COMMENT 'email',
  `amount` float NOT NULL COMMENT 'inspection amount',
  `consumer_otp` int(11) NOT NULL COMMENT 'consumer otp',
  `join_date` date NOT NULL COMMENT 'join date',
  `consumer_con_no` varchar(255) NOT NULL,
  `dist_code` varchar(255) NOT NULL,
  `cons_city` varchar(255) NOT NULL,
  `area_name` varchar(255) NOT NULL
) ENGINE=InnoDB DEFAULT CHARSET=utf8;

--
-- Dumping data for table `3112191234_consumers_bkp`
--

INSERT INTO `3112191234_consumers_bkp` (`c_id`, `consumer_id`, `full_name`, `address`, `phone`, `email`, `amount`, `consumer_otp`, `join_date`, `consumer_con_no`, `dist_code`, `cons_city`, `area_name`) VALUES
(1, '1233', 'ram', 'A 26, Sector 63, Noida, Uttar Pradesh', 1231231231, 'ram@gmail.com', 100, 1234, '2000-01-10', '', '', '', ''),
(2, '1211', 'ramesh', 'A 2, Sector 63, Noida, Uttar Pradesh', 1231231444, 'ramesh@gmail.com', 100, 2345, '2000-04-10', '', '', '', ''),
(3, '55555', 'deepak', 'c 2, Sector 22, Noida, Uttar Pradesh', 5555555555, 'deepak@gmail.com', 100, 3456, '2001-04-10', '', '', '', ''),
(4, '1111', 'naresh', 'c 1, Sector 56, Noida, Uttar Pradesh', 1221122121, 'naresh@gmail.com', 100, 4567, '2003-04-10', '', '', '', ''),
(5, '1112', 'akriti', 'A 24, Sector 60, Noida, Uttar Pradesh', 3213212121, 'akriti@gmail.com', 100, 5678, '2003-04-10', '', '', '', ''),
(6, '4444', 'abhinav', 'A 24, Sector 62, Noida, Uttar Pradesh', 9913212121, 'abhinav@gmail.com', 100, 6789, '2000-05-15', '', '', '', ''),
(7, '4411', 'raju', 'A 10, Sector 62, Noida, Uttar Pradesh', 9913212124, 'raju@gmail.com', 100, 7891, '2005-05-15', '', '', '', ''),
(8, '4555', 'raj', 'A 20, Sector 62, Noida, Uttar Pradesh', 9913212133, 'raj@gmail.com', 100, 8912, '2005-05-15', '', '', '', ''),
(9, '8885', 'junaid', 'A 20, Sector 63, Noida, Uttar Pradesh', 9915512133, 'junaid@gmail.com', 100, 9123, '2005-05-15', '', '', '', ''),
(10, '8985', 'zaffar', 'A 20, Sector 63, Noida, Uttar Pradesh', 9915512143, 'zaffar@gmail.com', 100, 1023, '2005-05-15', '', '', '', ''),
(11, '8986', 'deep', 'A 20, Sector 63, Noida, Uttar Pradesh', 9915512112, 'deep@gmail.com', 100, 2034, '2005-05-15', '', '', '', ''),
(12, '8987', 'randhir', 'A 20, Sector 63, Noida, Uttar Pradesh', 9915512188, 'randhir@gmail.com', 100, 2045, '2005-05-15', '', '', '', ''),
(13, '8988', 'kashish', 'A 20, Sector 63, Noida, Uttar Pradesh', 9915512199, 'kashish@gmail.com', 100, 2056, '2005-05-15', '', '', '', ''),
(14, '8989', 'rahul', 'A 20, Sector 63, Noida, Uttar Pradesh', 9915512100, 'rahul@gmail.com', 100, 2067, '2005-05-15', '', '', '', ''),
(15, '9901', 'shubham', 'A 20, Sector 63, Noida, Uttar Pradesh', 9915512000, 'shubham@gmail.com', 100, 2078, '2005-05-15', '', '', '', ''),
(16, '9902', 'sanjeet', 'A 20, Sector 63, Noida, Uttar Pradesh', 9915512111, 'sanjeet@gmail.com', 100, 2089, '2005-05-15', '', '', '', ''),
(17, '9903', 'sanjeev', 'A 20, Sector 63, Noida, Uttar Pradesh', 9915512222, 'sanjeev@gmail.com', 100, 3089, '2005-05-15', '', '', '', ''),
(18, '9904', 'ambhuj', 'A 20, Sector 63, Noida, Uttar Pradesh', 9915512333, 'ambhuj@gmail.com', 100, 4089, '2005-05-15', '', '', '', ''),
(19, '9904', 'manish sir', 'A 20, Sector 63, Noida, Uttar Pradesh', 9915512444, 'manishsir@gmail.com', 100, 5089, '2005-05-15', '', '', '', ''),
(20, '9905', 'lucky', 'A 20, Sector 63, Noida, Uttar Pradesh', 9915512555, 'lucky@gmail.com', 100, 6089, '2005-05-15', '', '', '', '');

-- --------------------------------------------------------

--
-- Table structure for table `3112191234_import_consumers_sample_bkp`
--

CREATE TABLE `3112191234_import_consumers_sample_bkp` (
  `DIST_CODE` varchar(255) DEFAULT NULL,
  `CONS_NO` varchar(255) DEFAULT NULL,
  `CONS_ID` varchar(255) DEFAULT NULL,
  `CONS_NAME` varchar(255) DEFAULT NULL,
  `ADDRESS` varchar(255) DEFAULT NULL,
  `CONS_CITY` varchar(255) DEFAULT NULL,
  `STATUS` varchar(255) DEFAULT NULL,
  `AREA_NAME` varchar(255) DEFAULT NULL,
  `MOBILE` varchar(255) DEFAULT NULL,
  `RUBBER_TUBE_INSP_DATE` varchar(255) DEFAULT NULL,
  `MANDATORY_CHECK_DATE` varchar(255) DEFAULT NULL
) ENGINE=InnoDB DEFAULT CHARSET=utf8;

--
-- Dumping data for table `3112191234_import_consumers_sample_bkp`
--

INSERT INTO `3112191234_import_consumers_sample_bkp` (`DIST_CODE`, `CONS_NO`, `CONS_ID`, `CONS_NAME`, `ADDRESS`, `CONS_CITY`, `STATUS`, `AREA_NAME`, `MOBILE`, `RUBBER_TUBE_INSP_DATE`, `MANDATORY_CHECK_DATE`) VALUES
('103087', 'CX19327754', '7000000021494691', 'KAVITA . JAIN', '197 BEGUM BAGH  RAVI BAND WALI GALI . BEGUM BAGH', 'MEERUT', NULL, 'BEGUM BAGH', '9152790745', NULL, NULL),
('103087', 'CX19331799', '7000000021497762', 'MANPREET . SINGH', '432 BEGUM BAGH  . . BEGUM BAGH', 'MEERUT', NULL, 'BEGUM BAGH', '9927530935', NULL, NULL),
('103087', 'CX17111580', '7000000019541048', 'SANYAM  JAIN', '75 TILAK ROAD NEAR DANIK HINDU PRES  TILAK ROAD . TILAK ROAD', 'MEERUT', NULL, 'TILAK ROAD', '8171556461', NULL, NULL),
('103087', 'CX19338436', '7000000021502974', 'SANTOSH . SETH', '617 BEGUM BAGH  . . BEGUM BAGH', 'MEERUT', NULL, 'BEGUM BAGH', '9917730707', NULL, NULL),
('103087', 'V14494', '7500000103419870', 'VIRENDRA KUMAR', '217 CHOTTA BEGUM BAGH  NEAR KASHMIR ART PRESS . .', 'MEERUT', NULL, 'BEGUM BAGH', NULL, NULL, NULL),
('103087', 'CX8593634', '7500000105766208', 'P.K.JAIN S/O K.C.JAIN', '588 TILAK ROAD  NEAR UCO BANK . .', 'MEERUT', NULL, 'TILAK ROAD', '9458402602', NULL, NULL),
('103087', '45070', '7500000103415314', 'SURESH SONKAR', '278 KHATIK MOHALLA  P L SHARMA ROAD . MRT', 'MEERUT', NULL, 'BEGUM BAGH', '9368289169', NULL, NULL),
('103087', '43911', '7500000103414155', 'MANOJ', '216 P L SHARMA ROAD BEGAM BAGH  . . PL SHARMA ROAD', 'MEERUT', NULL, 'PL SHARMA ROAD', '9639856780', NULL, NULL),
('103087', '43921', '7500000103414165', 'SUNIL', '216 P L SHARMA BEGAM BAGH  . . PL SHARMA ROAD', 'MEERUT', NULL, 'PL SHARMA ROAD', NULL, NULL, NULL),
('103087', 'V19828', '7500000103425120', 'ANURADHA', '68 .  BEGUM BAGH . BEGUM BAGH', 'MEERUT', NULL, 'BEGUM BAGH', '9808928274', NULL, NULL),
('103087', 'CX19429247', '7000000021573009', 'VINAY KUMAR SEHGAL', '365 BEGUM BAGH  NEAR UPPER INDIA DAIRY . BEGUM BAGH', 'MEEERUT', NULL, 'BEGUM BAGH', '8057452420', NULL, NULL),
('103087', 'V12300', '7500000103418418', 'SANTOSH', '70/1 BEGUM BAGH  ISAI WALI GALI . .', 'MEERUT', NULL, 'BEGUM BAGH', '8273123456', NULL, NULL),
('103087', '37586', '7500000103407830', 'SURENDER KUMAR SHARMA', '143 BHOPAL SINGH ROAD  BEGUM BAGH . .', 'MEERUT', NULL, 'BEGUM BAGH', NULL, NULL, NULL),
('103087', '44466', '7500000103414710', 'DAVENDER KUMAR BALI', '38 BEGUM BAGH  MUSJID WALI GALI . .', 'MEERUT', NULL, 'BEGUM BAGH', '8791371540', NULL, NULL),
('103087', '39940', '7500000103410184', 'PAWAN SHARMA', '127 P L SHARMA ROAD OPP. UPPER INDI  . . NA', 'MEERUT', NULL, 'PL SHARMA ROAD', '9368109500', NULL, NULL),
('103087', '7058231851', '7000000058231851', 'MAMTA . KUMARI', '522 PL SHARMA ROAD  . . .', 'MEERUT', NULL, 'PL SHARMA ROAD', '8009881940', NULL, NULL),
('103087', '7058231543', '7000000058231543', 'VIKRAM . .', '510 BEGUM BAGH  KHATIKAN MOHALLA . .', 'MEERUT', NULL, 'BEGUM BAGH', '8126914519', NULL, NULL),
('103087', '7597888844', '7500000097888844', 'SH.DHARMENDRA KUMAR', 'B 23 LAKHPAT SINGH STREET  BEGUM BRIDGE . .', 'MEERUT', NULL, 'BEGUM BAGH', '7500738922', NULL, NULL),
('103087', '7047975202', '7000000047975202', 'RAJESH KUMAR KATARIA', '43 BEGUM BAGH  PL SHARMA ROAD . .', 'MEERUT', NULL, 'BEGUM BAGH', '9045235293', NULL, NULL),
('103087', '7030626047', '7000000030626047', 'ANUPAM . VAISH', '3/66 GEETA COLONY  TILAK ROAD . .', 'MEERUT', NULL, 'TILAK ROAD', '9897000083', NULL, NULL),
('103087', 'CX29770070', '7000000029520380', 'ARPAN . GARG', '1285/2 BEGUM BAGH  . . .', 'MEERUT', NULL, 'BEGUM BAGH', '9897099925', NULL, NULL),
('103087', '42937', '7500000103413181', 'MANJU', '201 NEW SARVODYA COLONY  NAER ADHYATIMIK ASHRAM . .', 'MEERUT', NULL, 'BEGUM BAGH', '8445949586', NULL, NULL),
('103087', 'CX12490643', '7500000107015100', 'RAJAHORA', '82/3 TILAK ROAD  BEGUM BAGH . TILAK ROAD', 'MEERUT', NULL, 'BEGUM BAGH', '9634102777', NULL, NULL),
('103087', 'CX22438307', '7000000024077792', 'JYOTI . .', '72/21 PREET VIHAR COLONY  GARH ROAD NEAR NAUCHANDI GROUND .', 'MEERUT', NULL, 'BEGUM BAGH', '8923927101', NULL, NULL),
('103087', '7058434789', '7000000058434789', 'AMZAD . KHAN', '654 MUSJID COMPOUND  BEGUM BAGH . .', 'MEERUT', NULL, 'BEGUM BAGH', '9319831395', NULL, NULL),
('103087', 'CX12496177', '7000000015830904', 'USHA . GUPTA', '5 TILAK ROAD  BEGAM BRIDGE MEERUT', 'MEERUT', NULL, 'BEGUM BAGH', '9410233536', NULL, NULL),
('103087', '7051306062', '7000000051306062', 'BABLI . .', '1306 PL SHARMA ROAD  KHATIK MOHALLA . .', 'MEERUT', NULL, 'PL SHARMA ROAD', '7251927163', NULL, NULL),
('103087', '44216', '7500000103414460', 'ANIL VERMA', '177 BEGUM BAGHY  . . BEGUM BAGH', 'MEERUT', NULL, 'BEGUM BAGH', '8449118784', NULL, NULL),
('103087', 'CX19915797', '7000000021986970', 'SATYAVRAT . CHAURASIA', '191-192 BEGUM BAGH NEAR RAVI BAND  . . BEGUM BAGH', 'MEERUT', NULL, 'BEGUM BAGH', '9319535894', NULL, NULL),
('103087', '43045', '7500000103413289', 'DINESH KUMAR VERMA', '285/4 RAM NIKETEN  BEGUM BAGH . .', 'MEERUT', NULL, 'BEGUM BAGH', '9634223228', NULL, NULL),
('103087', 'CX7138529', '7000000011883959', 'POOJA . BAKSHI', '154 NEAR KASHMIR ART PRESS  NEAR SETH OON WALE . BEGUM BAGH', 'MEERUT', NULL, 'BEGUM BAGH', '8800190967', NULL, NULL),
('103087', '7063436944', '7000000063436944', 'NITESH . SAHU', '829 RAM KUTIR  BEHIND NISHKAM PRESS . .', 'MEERUT', NULL, 'TILAK ROAD', '7906997456', NULL, NULL),
('103087', 'CX19709483', '7000000021816159', 'YOGESH MOHAN MITTAL', '649/2/89 TILAK ROAD  . . TILAK ROAD', 'MEERUT', NULL, 'TILAK ROAD', '9897605259', NULL, NULL),
('103087', 'CX23341011', '7000000024757733', 'PREM . LATA', '434 BEGAM BAGH  MEERUT MEERUT', 'MEERUT', NULL, 'BEGUM BAGH', '9927530935', NULL, NULL),
('103087', 'CX19768560', '7000000021868080', 'MONIKA . SABHERWAL', '3/C ASHOKA COLONY  BEGUM BAGH . BEGUM BAGH', 'MEERUT', NULL, 'BEGUM BAGH', '8954535371', NULL, NULL),
('103087', 'CX19768620', '7000000021868140', 'BALJEET . SINGH', '51 BEGUM BAGH  BHOPAL SINGH ROAD . BEGUM BAGH', 'MEERUT', NULL, 'BEGUM BAGH', '9897511080', NULL, NULL),
('103087', 'CX19722769', '7000000021826079', 'CHAMAN LAL KAPOOR', '47 BEGUM BAGH  . . BEGUM BAGH', 'MEERUT', NULL, 'BEGUM BAGH', '9412705602', NULL, NULL),
('103087', 'CX19722317', '7000000021825911', 'RAJ . KUMAR', '93 BEGUM BAGH  MOTAR WALI GALI . BEGUM BAGH', 'MEERUT', NULL, 'BEGUM BAGH', '9897798835', NULL, NULL),
('103087', 'CX26375887', '7000000027070018', 'SUDHIR KUMAR JAIN', '41/1 BHOPAL SINGH ROAD  MASJID WALI GALI BEGUM BAGH .', 'MEERUT', NULL, 'BEGUM BAGH', '9897425973', NULL, NULL),
('103087', '7087270659', '7000000087270659', 'KUMUD KUMAR GARG', '233 BEGUM BAGH  NEAR BHOPAL SINGH KOTHI . .', 'MEERUT', NULL, 'BEGUM BAGH', '7017385325', NULL, NULL),
('103087', 'CX29894374', '7000000029624793', 'NEHA . VERMA', '90 BEGUM BAGH  RAVI BAND WALI GALI . .', 'MEERUT', NULL, 'BEGUM BAGH', '9927530935', NULL, NULL),
('103087', 'CX5286174', '7000000010256045', 'ANIL . CHAND', '74/158 BHOPAL SINGH ROAD  BEGUM BAGH ISAI WALI GALI .', 'MEERUT', NULL, 'BEGUM BAGH', '9897527071', NULL, NULL),
('103087', 'CX12713120', '7000000015986324', 'AMIT . RANA', '25 P.L.SHARMA  NEAR UPPER INDIA DAIRY BEGAM BAGH', 'MEERUT', NULL, 'PL SHARMA ROAD', '9837342372', NULL, NULL),
('103087', 'CX16238284', '7000000018787475', 'CHANDRA KIRAN SHARMA', '136 PL SHARMA ROAD  UPPER INDIA DAIRY . PL SHARMA ROAD', 'MEERUT', NULL, 'PL SHARMA ROAD', '7060010101', NULL, NULL),
('103087', 'CX19773474', '7000000021872592', 'PREM SHABDA NAND', '898/2 PL SHARMA ROAD  . . .', 'MEERUT', NULL, 'PL SHARMA ROAD', '9927530935', NULL, NULL),
('103087', 'CX19772258', '7000000021871531', 'KUNAL . SEHGAL', '30 BEGUM BAGH  KAROLI KI KOTHI CHAKBANDI ROAD .', 'MEERUT', NULL, 'PL SHARMA ROAD', '9634486883', NULL, NULL),
('103087', '7056139381', '7000000056139381', 'RAJPAL . SINGH', '159 PL SHARMA ROAD  . . .', 'MEERUT', NULL, 'PL SHARMA ROAD', '8791669364', NULL, NULL),
('103087', '7080390210', '7000000080390210', 'VIKAS . RATHOR', '271 KHATIK MOHALLA  P.L.SHARMA ROAD . .', 'MEERUT', NULL, 'PL SHARMA ROAD', '8218165371', NULL, NULL),
('103087', '43865', '7500000103414109', 'RAJESH AGERWAL', '75 1ST FLOOR  TILAK ROAD BEGUM BAGH TILAK ROAD', 'MEERUT', NULL, 'TILAK ROAD', '7500346687', NULL, NULL),
('103087', '7030410824', '7000000030410824', 'KIRAN . VAID', '579/1 TILAK ROAD  . . .', 'MEERUT', NULL, 'TILAK ROAD', NULL, NULL, NULL),
('103087', 'CX5462152', '7000000010412555', 'RAJNI . KHANDUJA', '232 BUGUM BAGH  MANDIR WALI LANE . MRT', 'MEERUT', NULL, 'BEGUM BAGH', '9927530935', NULL, NULL),
('103087', 'CX5502879', '7000000010451540', 'SURENDRA . KUMAR', '92 BEGUM BAGH  OPP MINI LAND SCHOOL NEAR SHIV MANDIR MEERUT', 'MEERUT', NULL, 'BEGUM BAGH', '9997349818', NULL, NULL),
('103087', 'CX9064408', '7000000013410650', 'USHA . RANI', '158 ISAI WALI GALI  BEGAM BAGH .', 'MEERUT', NULL, 'BEGUM BAGH', '9997530028', NULL, NULL),
('103087', 'CX23178648', '7000000024633862', 'RAKESH KUMAR SHARMA', '322 CHOTTA BBEGUM BAGH  . . .', 'MEERUT', NULL, 'BEGUM BAGH', '8267901017', NULL, NULL),
('103087', 'CX21802474', '7000000023572772', 'Vaibhav . Kumar', '171 - 203 0  Begum Bag Mandir Wali Gali Near Begum Bridge', 'Meerut City', NULL, 'BEGUM BAGH', '8881791181', NULL, NULL),
('103087', 'CX19910762', '7000000021982882', 'RAM . GOPAL', '1261 PL SHARMA ROAD  . . .', 'MEERUT', NULL, 'PL SHARMA ROAD', '8126376882', NULL, NULL),
('103087', 'CX23481039', '7000000024854703', 'RAJAN . GARG', '94 P L SHARMA ROAD  ANAMIKA MEERUT', 'MEERUT', NULL, 'TILAK ROAD', '9756220195', NULL, NULL),
('103087', 'CX19887407', '7000000021962921', 'SUMIT . MALIK', '1152 P L SHARMA ROAD  . . .', 'MEERUT', NULL, 'PL SHARMA ROAD', '9027210250', NULL, NULL),
('103087', 'CX23496569', '7000000024865694', 'VAIBHAV . LUTHRA', '616 BEGUM BAGFH  DR SONDHI WALI GALI . .', 'MEERUT', NULL, 'BEGUM BAGH', '9927530935', NULL, NULL),
('103087', 'CX26550449', '7000000027203532', 'AMIT . SONKAR', '41 BEGUM BAGH  NEAR POLICE CHOWKI . .', 'MEERUT', NULL, 'BEGUM BAGH', '8191067566', NULL, NULL),
('103087', 'CX19925981', '7000000021994251', 'ALKA . GOEL', '555 BEGUM BAGH  . . .', 'MEERUT', NULL, 'BEGUM BAGH', '9927530935', NULL, NULL),
('103087', 'CX19925993', '7000000021994263', 'NISHA . GUPTA', '107 BEGUM BAGH  . . .', 'MEERUT', NULL, 'BEGUM BAGH', '9837044190', NULL, NULL),
('103087', '36726', '7500000103406970', 'ASHOK KUMAR GUPTA', 'F-5 AVASIYA YOAJNA  BEGUM BAGH . .', 'MEERUT', NULL, 'BEGUM BAGH', '9897019411', NULL, NULL),
('103087', 'CX26534823', '7000000027189171', 'RAJAT . AGARWAL', '93 BEGUM BAGH  BHOPAL SINGH ROAD . .', 'MEERUT', NULL, 'BEGUM BAGH', '9411907444', NULL, NULL),
('103087', 'CX30137452', '7000000029797425', 'GITESHWAR . KUMAR', '1320 HEERA LAL BUILDING  BEGUM BAGH . .', 'MEERUT', NULL, 'BEGUM BAGH', '7417578010', NULL, NULL),
('103087', '7078724552', '7000000078724552', 'MANU DEVI PASI', '880 P.L.SHARMA ROAD  BEGUM BAGH . .', 'MEERUT', NULL, 'PL SHARMA ROAD', '9759169064', NULL, NULL),
('103087', 'CX10415097', '7000000004855269', 'fateh chand mr.', '7 PRINCIPAL AWAS  GOVT. INTER COLLEGE CAMPUS KHOONI  PUL', 'MEERUT', NULL, 'BEGUM BAGH', '9411075132', NULL, NULL),
('103087', 'CX19961281', '7000000022024098', 'RUCHI . VIRMANI', '4 TILAK ROAD  . . .', 'MEERUT', NULL, 'TILAK ROAD', '9997270782', NULL, NULL),
('103087', 'CX12886378', '7000000016113318', 'NEELAM . CHAUHAN', '455 BEGAM BAGH  CHANKBANDI RAOD MEERUT', 'MEERUT', NULL, 'BEGUM BAGH', NULL, NULL, NULL),
('103087', '7046078379', '7000000046078379', 'SUSHILA . VERMA', '459 BEGUM BAGH  . . .', 'MEERUT', NULL, 'BEGUM BAGH', '9837400253', NULL, NULL),
('103087', 'CX12895144', '7000000016119863', 'KAMLESH . SAXENA', '1329 P L SHARMA ROAD  BEGAM BAGH MEERUT', 'MEERUT', NULL, 'BEGUM BAGH', '9899845601', NULL, NULL),
('103087', 'CX5538605', '7000000010485100', 'MANI . SHEKHAR', '575 TILAK ROAD  BEGUM BAGH . MRT', 'MEERUT', NULL, 'TILAK ROAD', '9837456699', NULL, NULL),
('103087', 'CX22328306', '7000000023996634', 'RAVI . .', '1364 PL SHARMA ROAD  . . BEGUM BAGH', 'MEERUT', NULL, 'BEGUM BAGH', '8126592636', NULL, NULL),
('103087', 'CX30215301', '7500000097891568', 'RISHABH MAHESHWARI', '72/2 TILAK ROAD  . . .', 'MEERUT', NULL, 'TILAK ROAD', '9756056060', NULL, NULL),
('103087', '36832', '7500000103407076', 'PRABHAKAR SINGH', '64, BEGUM BAGH  OPP.NEW STYLE TAILOR PH---2649322', 'MEERUT', NULL, 'BEGUM BAGH', NULL, NULL, NULL),
('103087', '38062', '7500000103408306', 'JAGDISH PRASAD', '315, PL SHARMA ROAD  NEAR HEERA LAL BUILDING PH--9258838880', 'MEERUT', NULL, 'PL SHARMA ROAD', NULL, NULL, NULL),
('103087', '38063', '7500000103408307', 'POONAM GUPTA', '246, PL SHARMA ROAD  W/O, JAI BHAGWAN GUPTA', 'MEERUT', NULL, 'PL SHARMA ROAD', NULL, NULL, NULL),
('103087', '38078', '7500000103408322', 'KAILASH CHAND', 'MEERUT NAMKEEN BHANDAR  TILAK ROAD', 'MEERUT', NULL, 'TILAK ROAD', NULL, NULL, NULL),
('103087', '38570', '7500000103408814', 'ATUL JAIN', 'F-1, TILAK PALACE  TILAK ROAD', 'MEERUT', NULL, 'TILAK ROAD', NULL, NULL, NULL),
('103087', '38578', '7500000103408822', 'RAVI KUMAR', '287, PL SHARMA ROAD  KHATIC MOHALLA', 'MEERUT', NULL, 'PL SHARMA ROAD', NULL, NULL, NULL),
('103087', '40002', '7500000103410246', 'ARJUN KUMAR', '119, BEGUM BAGH CHAKKI WALI GALI  H/O, BASANT LAL NA', 'MEERUT', NULL, 'BEGUM BAGH', '9045966360', NULL, NULL),
('103087', '40020', '7500000103410264', 'BHAWAR SINGH', '142, PL SHARMA ROAD  H/O SAGAR PHOTOSTATE PH--9012053638', 'MEERUT', NULL, 'PL SHARMA ROAD', '9012053638', NULL, NULL),
('103087', '40051', '7500000103410295', 'COL JP SINGH', '261, ASORA HOUSE  BEGUM BAGH', 'MEERUT', NULL, 'BEGUM BAGH', '9897390173', NULL, NULL),
('103087', '38928', '7500000103409172', 'VISHALSETHI S/O MOHAN LAL SETHI', '227,BEGAM BAGH', 'MEERUT', NULL, 'BEGUM BAGH', '9412365454', NULL, NULL),
('103087', '38966', '7500000103409210', 'VIJAYA RANI', '5-A, ASHOA OLONY  BEGUM BAGH', 'MEERUT', NULL, 'BEGUM BAGH', '9897470320', NULL, NULL),
('103087', '38971', '7500000103409215', 'MAHENDRA SINGH', '178, BEGUM BAGH  BHOPAL SINGH MARKET H/O DURGA MEDICAL STORE', 'MEERUT', NULL, 'BEGUM BAGH', '8868884554', NULL, NULL),
('103087', '39099', '7500000103409343', 'JAIPRAKASH TOMAR', '1315,BEGUM BAG HIRA LAL BUILDING  MEERUT NA', 'NA', NULL, 'BEGUM BAGH', NULL, NULL, NULL),
('103087', '39877', '7500000103410121', 'INDU RANJANA', 'W/O,RAJEEV KUMAR  901/2,HIRA LAL BUILDING BEGUM BAGH KYC DEP 116', 'MEERUT 9837614672', NULL, 'BEGUM BAGH', '9456483123', NULL, NULL),
('103087', '40951', '7500000103411195', 'SUNIL KUMAR', '89, BEGUM BAGH  NEAR RAVI BAND 9690242420', 'MEERUT', NULL, 'BEGUM BAGH', NULL, NULL, NULL),
('103087', '38827', '7500000103409071', 'RAMESH KAPOOR', '203/2, PL SHARMA ROAD  PH--2641746 NA', 'MEERUT', NULL, 'PL SHARMA ROAD', NULL, NULL, NULL),
('103087', '38832', '7500000103409076', 'RAHUL', '79, ISAI WALI GALI  BEGUM BAGH', 'MEERUT', NULL, 'BEGUM BAGH', '9897201631', NULL, NULL),
('103087', '38848', '7500000103409092', 'SUSHILA GOEL', '505/11, BEGUM BAGH', 'MEERUT', NULL, 'BEGUM BAGH', NULL, NULL, NULL),
('103087', '40152', '7500000103410396', 'PAWAN KUMAR', '582/205, P L SHARMA ROAD  NEAR UTTAM BACKARY PH--6540106', 'MEERUT', NULL, 'PL SHARMA ROAD', NULL, NULL, NULL),
('103087', '40298', '7500000103410542', 'MANJU JAIN', '241/14, BHOPAL SINGH ROAD  MANDIR WALI GALI BEGUM BAGH', 'MEERUT', NULL, 'BEGUM BAGH', '7520059822', NULL, NULL),
('103087', '40300', '7500000103410544', 'RITESH JAIN', '75/1, A TILAK ROAD  OPP.PARIVARTAN BEAUTY PARLOR PH--9319974746', 'MEERUT', NULL, 'BEGUM BAGH', NULL, NULL, NULL),
('103087', '40983', '7500000103411227', 'BRIJ KUMAR', '136, PL SHARMA ROAD  HIRA LAL BUILDING', 'MEERUT', NULL, 'PL SHARMA ROAD', NULL, NULL, NULL),
('103087', '40197', '7500000103410441', 'VISHWAS SHARMA', '353, BEGUM BAGH  NEAR MALIK PROVISION STORE', 'MEERUT', NULL, 'BEGUM BAGH', NULL, NULL, NULL),
('103087', '41058', '7500000103411302', 'PRABHAT SINGHAL', 'G-14, CHAKBANDI ROAD  BEGUM BAGH', 'MEERUT', NULL, 'BEGUM BAGH', '9837219760', NULL, NULL),
('103087', '37125', '7500000103407369', 'RAKESH KUMAR', '1237, PL SHARMA ROAD  NEAR UPPER INDIA DAIRY PH--2652174', 'MEERUT', NULL, 'PL SHARMA ROAD', NULL, NULL, NULL),
('103087', '38162', '7500000103408406', 'AMIT YADAV', 'S/O, CHHAIL RAM  1309, HEERA LAL BUILDING NEAR RATION CARD OFFICE', 'BEGUM BAGH MEERUT', NULL, 'BEGUM BAGH', NULL, NULL, NULL),
('103087', '38168', '7500000103408412', 'MADAN LAL VERMA', '177/1, BEGUM BAGH  NEAR PROMPT TAILOR H/O HORI LAL VERMA', 'MEERUT', NULL, 'BEGUM BAGH', '9675899648', NULL, NULL),
('103087', '38183', '7500000103408427', 'AMIT KUMAR JAIN', '122-B, PL SHARMA ROAD  BEGUM BAGH', 'MEERUT', NULL, 'PL SHARMA ROAD', NULL, NULL, NULL),
('103087', '37001', '7500000103407245', 'SUMAN DEVI', '1266, BEGUM BAGH  OPP.NAVEEN MASSALE WALE GALI NEAR HEERA LAL BUILDING', 'MEERUT PH--9897305225', NULL, 'BEGUM BAGH', '8755747413', NULL, NULL),
('103087', '37008', '7500000103407252', 'HER GOPAL', '218, BEGUM BAGH  MOTAR WALE GALI OPP. RADHA SHARMA PH-', 'MEERUT', NULL, 'BEGUM BAGH', NULL, NULL, NULL),
('103087', '36579', '7500000103406823', 'TAJENDER BALI', '38, BEGUM BAGH  MUSJID WALI GALI NEAR SCHOOL', 'MEERUT PH--9639182226', NULL, 'BEGUM BAGH', NULL, NULL, NULL),
('103087', '36589', '7500000103406833', 'GOPAL SINGH', '50, TILAK ROAD   9258584316', 'MEERUT', NULL, 'TILAK ROAD', NULL, NULL, NULL),
('103087', '36590', '7500000103406834', 'JEET SINGH', '218, BEGUM BAGH  MANDIR WALI GALI', 'MEERUT', NULL, 'BEGUM BAGH', NULL, NULL, NULL),
('103087', '36836', '7500000103407080', 'MUNISH BAKSHI', '11,RAMA KUTEER  TILAK ROAD KYC DEP 1326 9897300612', 'MEERUT 2641914', NULL, 'TILAK ROAD', '7060160208', NULL, NULL),
('103087', '38136', '7500000103408380', 'TANPREET SINGH WADHAVA', '10-C, ASHOKA COLONY  BEGUM BAGH', 'MEERUT', NULL, 'BEGUM BAGH', '9690038869', NULL, NULL),
('103087', '38138', '7500000103408382', 'ABHISHEKH KUMAR', 'S/O, VINOD KUMAR  235/4, BEGUM BAGH', 'MEERUT', NULL, 'BEGUM BAGH', NULL, NULL, NULL),
('103087', '37567', '7500000103407811', 'GUDDI', '172, BEGUM BAGH  NEAR POLIE CHOWKI MEERUT', 'MEERUT', NULL, 'BEGUM BAGH', '8439075520', NULL, NULL),
('103087', '37715', '7500000103407959', 'MANISH BAJAJ', '114, BEGUM BAGH', 'MEERUT', NULL, 'BEGUM BAGH', NULL, NULL, NULL),
('103087', '38721', '7500000103408965', 'ROHIT GUPTA', '726,P.L.SHARMA ROAD  H/O,KAMAL GUPTA NA', 'OPP DAYAL GARMENTS, MEERUT', NULL, 'PL SHARMA ROAD', NULL, NULL, NULL),
('103087', '36858', '7500000103407102', 'PUSHPA GUPTA', '146. PL SHARMA ROAD  UP TO BALAJI CONF. KYC DEP 537 9897284361', 'MEERUT', NULL, 'PL SHARMA ROAD', '9897885806', NULL, NULL),
('103087', '36874', '7500000103407118', 'TRILOK CHAND GUPTA', '459/1,BEGUM BAGH  CHAKBANDI ROAD NA', 'MEERUT 663234', NULL, 'BEGUM BAGH', '9837003380', NULL, NULL),
('103087', '38603', '7500000103408847', 'VARUN PRATAP SINGH', '172, PL SHARMA ROAD  SAGAR COMPUTAX AVNITIKA KOTHI', 'MEERUT', NULL, 'PL SHARMA ROAD', NULL, NULL, NULL),
('103087', '38607', '7500000103408851', 'NANMUN VERMA', '503, CHAKBANDI ROAD  BEGUM BAGH', 'MEERUT', NULL, 'BEGUM BAGH', '9897904823', NULL, NULL),
('103087', '38754', '7500000103408998', 'ANIL YADAV', '205/7, BEGUM BAGH   MANDIR WALI GALI', 'MEERUT', NULL, 'BEGUM BAGH', '9897148209', NULL, NULL),
('103087', '38776', '7500000103409020', 'SHALINI MONGA', '678/3, BEGUM BAGH  BANK WALI GALI NA', 'MEERUT 3952065', NULL, 'BEGUM BAGH', NULL, NULL, NULL),
('103087', '40071', '7500000103410315', 'CHAMAN LAL', '4/1, CHAKBANDI ROAD  BEGUM BAGH', 'MEERUT', NULL, 'BEGUM BAGH', '9897112233', NULL, NULL),
('103087', '36747', '7500000103406991', 'SANJEEV GHAMBHEER', '14-B, ASHOKA COLONY 11  BEGUM BAGH TWO CON. NA', 'MEERUT PH.2663024', NULL, 'BEGUM BAGH', NULL, NULL, NULL),
('103087', '36755', '7500000103406999', 'AKSHEY TYAGI', '234,BEGUM BAGH  MOTAR WALI GALI NA', 'MEERUT PH--2663267', NULL, 'BEGUM BAGH', '9897669192', NULL, NULL),
('103087', '36757', '7500000103407001', 'ARUN TANDON', '317, CHOTA BEGUM BAGH  H/O,DR.KAPIL SETH PH--9837081185', 'MEERUT', NULL, 'BEGUM BAGH', NULL, NULL, NULL),
('103087', '36759', '7500000103407003', 'REHANA', '665, BEGUM BAGH  MUSJID WALI GALI NMEAR NEW MODEL SCHOOL', 'MEERUT', NULL, 'BEGUM BAGH', NULL, NULL, NULL),
('103087', '37868', '7500000103408112', 'ASHISH KUMAR', 'S/O, ASHOK KUMAR  286, BEGUM BAGH MANDIR WALI GALI', 'MEERUT KYC DEP 521 4058963', NULL, 'BEGUM BAGH', NULL, NULL, NULL),
('103087', '37991', '7500000103408235', 'SUDESH PAL', '549, BEGUM BAGH   KYC DEP 1499 9412209007', 'MEERUT', NULL, 'BEGUM BAGH', NULL, NULL, NULL),
('103087', '38019', '7500000103408263', 'DEEPAK SINGHAL', 'S/O, HERDWARI LAL GUPTA  118, PL SHARMA ROAD', 'MEERUT', NULL, 'PL SHARMA ROAD', '9997374476', NULL, NULL),
('103087', '38027', '7500000103408271', 'PRADEEP KUMAR SHARMA', '1128, PL SHARMA ROAD  NEAR UPPER INDIA DAIRY KYC DEP 789 9411820828', 'MEERUT1', NULL, 'PL SHARMA ROAD', '9411820828', NULL, NULL),
('103087', '38039', '7500000103408283', 'ARJUN', '435, BEGUM BAGH  BEHIND HEERA LAL BUILDING NEAR R.K.SCHOOL', 'MEERUT', NULL, 'BEGUM BAGH', NULL, NULL, NULL),
('103087', '38645', '7500000103408889', 'VED PRAKASH', '92, BEGUM BAGH  MANDIR WALI GALI KYC DEP', 'MEERUT TB NO 4069', NULL, 'BEGUM BAGH', NULL, NULL, NULL),
('103087', '39939', '7500000103410183', 'AKASH SHARMA', '195/2,P.L.SHARMA ROAD  MEERUT MEERUT', 'MEERUT', NULL, 'PL SHARMA ROAD', NULL, NULL, NULL),
('103087', '39944', '7500000103410188', 'K K MITTAL', '170/5, P L SHARMA ROAD', 'MEERUT', NULL, 'PL SHARMA ROAD', '9456451509', NULL, NULL),
('103087', '39963', '7500000103410207', 'SONU KHAN', '654, BEGUM BAGH  MUSJID WALI GALI KYC DEP 360 9760841312', 'MEERUT', NULL, 'BEGUM BAGH', '9837502666', NULL, NULL),
('103087', '37880', '7500000103408124', 'AMIT GARG', '170, BEGUM BAGH  NEAR AHUJA DAIRY WALI GALI PH--9319499120', 'MEERUT', NULL, 'BEGUM BAGH', '8869022052', NULL, NULL),
('103087', '38870', '7500000103409114', 'KULJEET SINGH', '385,CHOTA BEGUM BAGH  NEAR KASHMIR ART PRESS KYC DEP 932 9897077970', 'MEERUT', NULL, 'BEGUM BAGH', '9897077970', NULL, NULL),
('103087', '38871', '7500000103409115', 'BHAGWANI', '54, BEGUM BAGH  CHAKKI WALI GALI NA', 'MEERUT', NULL, 'BEGUM BAGH', NULL, NULL, NULL),
('103087', '38900', '7500000103409144', 'PRAKASH WATI', 'NEAR ARVIND DAIRY  133 PL SHARMA ROAD 641614 NA', 'MEERUT 640936 TB NO 3216', NULL, 'PL SHARMA ROAD', '8439612334', NULL, NULL),
('103087', '37056', '7500000103407300', 'SANJAY KUMAR JAIN', '241/2, BEGUM BAGH  NEAR MINILAND SCHOOL PH--9997513543', 'MEERUT', NULL, 'BEGUM BAGH', '9997513543', NULL, NULL),
('103087', '37085', '7500000103407329', 'ASHOK KUMAR', '174, CHANDRA VILLA  PL SHARMA ROAD NEAR WINERS PUBLIC SCHOOL', 'MEERUT PH--9837418871', NULL, 'PL SHARMA ROAD', NULL, NULL, NULL),
('103087', '39798', '7500000103410042', 'MOH.MUSTALIM', '664,BAGEM BAG MEERUT  NA KYC DEP 270 9997778629', 'MEERUT', NULL, 'BEGUM BAGH', '9997778629', NULL, NULL),
('103087', '41204', '7500000103411448', 'MANISH BANSAL', '37/4, BEGUM BAGH  MUSJID WALI GALI', 'MEERUT', NULL, 'BEGUM BAGH', '7251837373', NULL, NULL),
('103087', '38911', '7500000103409155', 'USHA CHAUDHARY', '616/2, CHAKBANDI ROAD  BEGUM BAGH ASHOKA COLONY', 'MEERUT', NULL, 'BEGUM BAGH', '9897204194', NULL, NULL),
('103087', '40401', '7500000103410645', 'SANDEEP KUMAR', '530, MANGAT RAM QUATER  BEGUM BAGH', 'MEERUT', NULL, 'BEGUM BAGH', '8755916463', NULL, NULL),
('103087', '40414', '7500000103410658', 'GOPAL AGERWAL', '11, TILAK ROAD  SAMAGRI WALI KOTHI', 'MEERUT', NULL, 'TILAK ROAD', '9837440887', NULL, NULL),
('103087', '41133', '7500000103411377', 'ANIL ARORA', '241 KUCHESER HOUSE  BEGUM BAGH', 'MEERUT', NULL, 'BEGUM BAGH', '9897004010', NULL, NULL),
('103087', '40914', '7500000103411158', 'NEENA SAHANI', '242, PREM PLAZA  OPP UCO BANK 2ND FLOOR PL SHARMA AROAD', 'MEERUT', NULL, 'PL SHARMA ROAD', '7505094109', NULL, NULL),
('103087', '40920', '7500000103411164', 'PAWAN KUMAR', '43, BEGUM BAGH  NEAR NAVEEN MASALE WALE', 'MEERUT', NULL, 'BEGUM BAGH', '8439161800', NULL, NULL),
('103087', '40929', '7500000103411173', 'ANITA GOEL', 'W/O, ANUJ GOEL  5, TILAK ROAD NEAR DEVI MANDIR', 'MEERUT', NULL, 'TILAK ROAD', '9837636588', NULL, NULL),
('103087', '40279', '7500000103410523', 'RAJEEV KAUSHIK', '25, BEGUM BAGH  PH--9456204718 KYC DEP 361', 'MEERUT', NULL, 'BEGUM BAGH', '9456204718', NULL, NULL),
('103087', '41030', '7500000103411274', 'RITA RANI', '6, DR. KAROLI ROAD  BEGUM BAGH', 'MEERUT', NULL, 'BEGUM BAGH', '9927530935', NULL, NULL),
('103087', '41139', '7500000103411383', 'SHARANDAS', '50/2, BEGUM BAGH  BHOPAL SINGH ROAD', 'MEERUT', NULL, 'BEGUM BAGH', '9927530935', NULL, NULL),
('103087', '41047', '7500000103411291', 'HUKAM CHAND', '109, BEGUM BAGH  BHOPAL SINGH ROAD', 'MEERUT', NULL, 'BEGUM BAGH', '9634777228', NULL, NULL),
('103087', '41054', '7500000103411298', 'NIRANJAN KUMAR', '213, BEGUM BAGH  NEAR KASHMEER ART PRESS', 'MEERUT', NULL, 'BEGUM BAGH', '8755175524', NULL, NULL),
('103087', '38116', '7500000103408360', 'SANJAY RASTOGI', 'OPP. RADHY CHAT WALA  1 BEGUM BAGH NA', 'MEERUT', NULL, 'BEGUM BAGH', NULL, NULL, NULL),
('103087', '36616', '7500000103406860', 'RAJENDER KUMAR', '174, PL SHARMA ROAD  CHANDRA VILLA', 'MEERUT', NULL, 'PL SHARMA ROAD', NULL, NULL, NULL),
('103087', '36623', '7500000103406867', 'AMERJEET KOUR', '54,GOPAL WATIKA  PL SHARMA ROAD AFTER 2;00 PM NA', 'NA', NULL, 'PL SHARMA ROAD', NULL, NULL, NULL),
('103087', '40494', '7500000103410738', 'PREM KUMAR', '235/7, BEGUM BAGH   MUNDIR WALI GALI KYC DEP 45 9719767778', 'MEERUT', NULL, 'BEGUM BAGH', '9719767778', NULL, NULL),
('103087', '40513', '7500000103410757', 'MOHAN SINGH RAWAT', '113/1, P.L.SHARMA ROAD  NEAR UPPER INDIA DAIRY KYC DEP 764 9760013457', 'MEERUT', NULL, 'PL SHARMA ROAD', '9760013457', NULL, NULL),
('103087', '36677', '7500000103406921', 'HARJEET SINGH', '13, RAMA KUTIR  TILAK ROAD NA', 'MEERUT #2551830', NULL, 'TILAK ROAD', '9897986810', NULL, NULL),
('103087', '36679', '7500000103406923', 'DEEPAK KOUSHIK', '1278, HIRA LAL BUILDING  BEGUM BAGH NA', 'MEERUT 668133', NULL, 'BEGUM BAGH', NULL, NULL, NULL),
('103087', '37506', '7500000103407750', 'SHOBHA BANSAL', '78,HAR NIWAS  H/O,R.K. GOEL TB NO 917/1 NA', 'TLAK ROAD, MEERUT #2663389', NULL, 'TILAK ROAD', '9012664978', NULL, NULL),
('103087', '37513', '7500000103407757', 'PARTAP PARBHIYA', '103, HIRA LAL BUILDING  BEGUM BAGH KYC DEP 1212 7417356567', 'MEERUT', NULL, 'BEGUM BAGH', NULL, NULL, NULL),
('103087', '37515', '7500000103407759', 'KAUSHIK', '103, HIRA LAL BULDING  BEGUM BAGH KYC DEP 1227 9997313813', 'MEERUT', NULL, 'BEGUM BAGH', '9557555801', NULL, NULL),
('103087', '37521', '7500000103407765', 'NEERAJ VERMA', '235/3, CHOTA BEGUM BAGH', 'MEERUT', NULL, 'BEGUM BAGH', NULL, NULL, NULL),
('103087', '37635', '7500000103407879', 'SUDHIR KUMAR KHURANA', '167, BEGUM BAGH  NEAR KASHMIR ART PRESS KYC DEP 730 9837140543', 'MEERUT', NULL, 'BEGUM BAGH', '9837140543', NULL, NULL),
('103087', '37664', '7500000103407908', 'SANJEEV KUMAR', '318, BEGUM BAGH  NEAR KAPIL SETH NA', 'MEERUT PH.5523275 9837030365', NULL, 'BEGUM BAGH', '9837030365', NULL, NULL),
('103087', '37826', '7500000103408070', 'NARLEP KOUR', '200, KUCHESAR HOUSE  NEAR MINI LAND SCHOOL BEGUM BAGH', 'MEERUT', NULL, 'BEGUM BAGH', '7351915667', NULL, NULL),
('103087', '38785', '7500000103409029', 'HEM CHAND JAIN', '4FF AKSHYAT APARTMENT  PL SHARMA ROAD', 'MEERUT', NULL, 'PL SHARMA ROAD', '9412202776', NULL, NULL),
('103087', '38786', '7500000103409030', 'SHASHI PREMI', 'W/O, ASHOK KUMAR PREMI  170/2, PL SHARMA ROAD', 'MEERUT', NULL, 'PL SHARMA ROAD', NULL, NULL, NULL),
('103087', '38790', '7500000103409034', 'ASHOK KUMAR', '170/2, PL SHARMA ROAD', 'MEERUT', NULL, 'PL SHARMA ROAD', '9897202514', NULL, NULL),
('103087', '38804', '7500000103409048', 'RAM MOHAN', '1232,P.L.SHARMA ROAD  OPP.ARVIND DIRY PH--2656229', 'MEERUT PH--9997166552', NULL, 'PL SHARMA ROAD', '9997166552', NULL, NULL),
('103087', '36767', '7500000103407011', 'MEGHA', '257, GOPAL VATIKA  PL SHARMA ROAD', 'MEERUT', NULL, 'PL SHARMA ROAD', '9997184244', NULL, NULL),
('103087', '36774', '7500000103407018', 'ARUN KUMAR SHARMA', '165, BEGUM BAGH  H/O MEERA MEDICAL STORE PH-4002897', 'MEERUT', NULL, 'BEGUM BAGH', NULL, NULL, NULL),
('103087', '36777', '7500000103407021', 'POONAM GOEL', '1004, PL SHARMA ROAD  NEAR GUJRAL BANDOOK WALE NA', 'MEERUT', NULL, 'PL SHARMA ROAD', '9456074834', NULL, NULL),
('103087', '36779', '7500000103407023', 'PRAMOD KUMAR SHARMA', '283/5, BEGUM BAGH  NEAR KASHMIR ART PRESS PH--9897804791', 'MEERUT', NULL, 'BEGUM BAGH', NULL, NULL, NULL),
('103087', '36782', '7500000103407026', 'BABITA', '1316, HIRA LAL BUILDING  DHARAM DEV TYAGI 2668338', 'MEERUT', NULL, 'PL SHARMA ROAD', NULL, NULL, NULL),
('103087', '36926', '7500000103407170', 'DEEPAK RASTOGI', '98, TILAK ROAD  NEAR RASTOGI NURSING HOME NA', 'MEERUT PH-2653426', NULL, 'TILAK ROAD', '9897136998', NULL, NULL),
('103087', '36940', '7500000103407184', 'JASWANT SINGH', 'H/O DOLLY, 102, BEGUM BAGH  CHAKKI WALI GALI NEAR DURGA MANDIR', 'MEERUT', NULL, 'BEGUM BAGH', NULL, NULL, NULL),
('103087', '38045', '7500000103408289', 'DEVENDER PAL SINGH', '36/1, BEGUM BAGH  NEAR NEW MODAL SCHOOL', 'MEERUT', NULL, 'BEGUM BAGH', NULL, NULL, NULL),
('103087', '37539', '7500000103407783', 'RAVI PRAKASH', '1127, PL SHARMA ROAD  %%6  NEAR UPPER INDIA DAIRY NA', 'MEERUT PHONE-2646020', NULL, 'PL SHARMA ROAD', '9837032770', NULL, NULL),
('103087', '38528', '7500000103408772', 'DEEN DAYAL', '113, BEGUM BAGH  NEAR CHAKKI WALI GALI NA', 'MEERUT 2657543 (TB NO-551).', NULL, 'BEGUM BAGH', NULL, NULL, NULL),
('103087', '38556', '7500000103408800', 'ANIL KUMAR', '205, BEGUM BAGH', 'MEERUT', NULL, 'BEGUM BAGH', '9808172916', NULL, NULL),
('103087', '40735', '7500000103410979', 'AMIT KUMAR', '182, PL SHARMA ROAD  HIRA LAL BUILDING ``', 'MEERUT', NULL, 'PL SHARMA ROAD', '9997040410', NULL, NULL),
('103087', '37447', '7500000103407691', 'KUNAL MEHRA', '1027,TILAK ROAD  GEETA COLONY KYC DEP 9313030727', 'MEERUT,', NULL, 'TILAK ROAD', '9313030727', NULL, NULL),
('103087', '37468', '7500000103407712', 'LOKESH', '174, PL SHARMA ROAD  CHANDRA VILL NEAR WINNERS SCHOOL', 'MEERUT', NULL, 'PL SHARMA ROAD', NULL, NULL, NULL),
('103087', '37490', '7500000103407734', 'JASBIR KOUR', '20, BEGUM BAGH  NEAR MASJID WALI GALI NA', 'MEERUT PH-2643639', NULL, 'BEGUM BAGH', '9412782933', NULL, NULL),
('103087', '37491', '7500000103407735', 'ANJU GUPTA', '71, TILAK ROAD  BEGUM BAGH NA', 'MEERUT *2663537*', NULL, 'TILAK ROAD', '9319684808', NULL, NULL),
('103087', '40554', '7500000103410798', 'VIBHAR RASTOGI', '826, TILAK ROAD   KYC DEP 9758172643', 'MEERUT', NULL, 'BEGUM BAGH', '9758172643', NULL, NULL),
('103087', '43205', '7500000103413449', 'GOPAL', 'S/O, SOHAN LAL  1309 OR HAL 882 BEGUM BAH  HIRA LAL BUILDIN', 'MEERUT', NULL, 'BEGUM BAGH', NULL, NULL, NULL),
('103087', '43218', '7500000103413462', 'ASHWANI KUMAR CHAWLA', '549-B BEGUM BAGH  NEAR SARDAR DAIRY', 'MEERUT', NULL, 'BEGUM BAGH', NULL, NULL, NULL),
('103087', '43330', '7500000103413574', 'SADHNA SHARMA', 'W/O, LATE SOMESHWER SHAR  233, PL SHARMA ROAD', 'MEERUT', NULL, 'PL SHARMA ROAD', '9759261679', NULL, NULL),
('103087', '43356', '7500000103413600', 'VIMLA DEVI', '270, BEGUM BAGH  7520040749 NA', 'MEERUT (T.B.NO.3006/1)_', NULL, 'BEGUM BAGH', NULL, NULL, NULL),
('103087', '37336', '7500000103407580', 'VEER BAHADUR KHANNA', '55, BEGUM BAGH  NEAR MANDIR WALI GALI NA', 'MEERUT *663338*', NULL, 'BEGUM BAGH', NULL, NULL, NULL),
('103087', '37341', '7500000103407585', 'NIRMALA CHORASIYA', '191, BEGUM BAGH BEFORE 10:30 AM  NEAR RAVI BAND WALE AFTER 2:00 PM NA', 'MEERUT*2663654*', NULL, 'BEGUM BAGH', '9319535894', NULL, NULL),
('103087', '38358', '7500000103408602', 'ANURADHA SHARMA', '143, BEGUM BAGH  MEERUT', 'MEERUT', NULL, 'BEGUM BAGH', '9898741141', NULL, NULL),
('103087', '38375', '7500000103408619', 'MANOHER GURNAMI', 'S/O, HIRA NANDGURNAMI  43 BEGUM BAGH NEAR NAVEEN MASALE WALE', 'MEERUT', NULL, 'BEGUM BAGH', '9837416805', NULL, NULL),
('103087', '38483', '7500000103408727', 'CHAMAN LAL', '555BAGAM BAGH  TALAK ROAD PH--9897333630', '9997614541', NULL, 'BEGUM BAGH', '9897333630', NULL, NULL),
('103087', '38515', '7500000103408759', 'ANIL KUMAR', '42/1 BEGUM BAGH   KYC DEP 460 9760776399', 'MEERUT', NULL, 'BEGUM BAGH', '9760776399', NULL, NULL),
('103087', '38518', '7500000103408762', 'TANYA', '24,BEGUM BAGH  BEHIND D.S.O. NA', 'MEERUT PH.2663950', NULL, 'BEGUM BAGH', '9837388188', NULL, NULL),
('103087', '43086', '7500000103413330', 'TUMUL KAKKER', '161, TILAK ROAD  OPP, MAILLORA STUDIO 9837300123', 'MEERUT', NULL, 'TILAK ROAD', '9927530935', NULL, NULL),
('103087', '43101', '7500000103413345', 'VIKAS', '1250, PL SHARMA ROAD', 'MEERUT', NULL, 'PL SHARMA ROAD', '9259131253', NULL, NULL),
('103087', '43230', '7500000103413474', 'ANSUYA BISHNOI', '1308/10, HIRA LAL BUILDING  BEGUM BAGH KYC DEP 898 999772777', 'MEERUT', NULL, 'BEGUM BAGH', '9997727777', NULL, NULL),
('103087', '45269', '7500000103415513', 'VINOD KUMAR JAIN', '815 PL SHARMA ROAD', 'MEERUT', NULL, 'PL SHARMA ROAD', NULL, NULL, NULL),
('103087', '45276', '7500000103415520', 'CHIRANJI LAL', '117,BEGUM BAGH  H/O,NARAYAN SINGH TB NO 2709 NA', 'CHAKKI WALI GALI MEERUT.', NULL, 'BEGUM BAGH', NULL, NULL, NULL),
('103087', '38397', '7500000103408641', 'MADHVI SHARMA', 'W/O, ATUL SHARMA  195/1, PL SHARMA ROAD', 'MEERUT', NULL, 'PL SHARMA ROAD', '8755469500', NULL, NULL),
('103087', '38408', '7500000103408652', 'RAVINDER KUMAR', '202/1A BEGUM BAGH', 'MEERUT', NULL, 'BEGUM BAGH', NULL, NULL, NULL),
('103087', 'V12171', '7500000103418359', 'MALIK RAM', '236,BEGUM BAGH,NEAR MINILAND SCHOOL  NEAR AHUJA DAIRY NA', 'MEERUT PH.2657730', NULL, 'BEGUM BAGH', '9758367894', NULL, NULL),
('103087', 'V12196', '7500000103418371', 'RAMESHWARI KAUSHIK', '25,BEGUM BAGH (KAUSHIK\'S HOUSE)  MUSJID WALI GALI,(SURAKSHA ISSUED)  KYC DEP 431 MEERUT PH--2641858', 'NA', NULL, 'BEGUM BAGH', '9675036990', NULL, NULL),
('103087', '45833', '7500000103416077', 'RADHIKA MEHTA', '562/3,TILAK ROAD  BEHIND DSO NA', 'MEERUT 2663539 TB NO 3666', NULL, 'TILAK ROAD', NULL, NULL, NULL),
('103087', '44045', '7500000103414289', 'GOPLA', '57/4 BEGUM BAGH  CHAKKI WALI GALI', 'MEERUT', NULL, 'BEGUM BAGH', '9259881112', NULL, NULL),
('103087', '45140', '7500000103415384', 'ISHAN JOHARI', '766 JOHARI NIWAS  TILAK ROAD', 'MEERUT', NULL, 'TILAK ROAD', '9368933030', NULL, NULL),
('103087', '45141', '7500000103415385', 'NUTAN', 'E-5 MADA COLONY  2ND FLOOR BEGUM BAGH', 'MEERUT', NULL, 'BEGUM BAGH', '9412285249', NULL, NULL),
('103087', '45142', '7500000103415386', 'DEEPAK KUMAR', '50, BEGUM BAGH  MASJID WALI GALI NA', 'MEERUT TB NO 1407', NULL, 'BEGUM BAGH', '9259552155', NULL, NULL),
('103087', '45143', '7500000103415387', 'AMAN JAIN', '589/1, TILAK ROAD  NEAR GEETA ASHRAM NA', 'MEERUT PHONE-2665301', NULL, 'TILAK ROAD', '9899710589', NULL, NULL),
('103087', 'V11887', '7500000103418209', 'MAYA DEVI', '173, PL SHARMA ROAD  BEGUM BAGH TWO TB 3190 NA', 'MEERUT 666617', NULL, 'PL SHARMA ROAD', NULL, NULL, NULL),
('103087', 'V11907', '7500000103418217', 'K.KAPOOR', '238/2,BEGUM BAGH  NEAR SHIVA VIDEO NA', 'MEERUT', NULL, 'BEGUM BAGH', NULL, NULL, NULL),
('103087', 'V11965', '7500000103418238', 'LATA TANDON', '205,BEGUM BAGH  NEAR DR. S.P SONDHI NA', 'MEERUT', NULL, 'BEGUM BAGH', NULL, NULL, NULL),
('103087', 'V12347', '7500000103418453', 'KRISHNA PAL MALIK', '1149,BEGUM BAGH  NEAR UPPER INDIA DAIRY NA', 'MEERUT 2668790 TB NO 2924', NULL, 'BEGUM BAGH', '9259053727', NULL, NULL),
('103087', 'V12348', '7500000103418454', 'REKHA MALIK', '1149,BEGUM BAGH  NEAR UPPER INDIA DAIRY NA', 'MEERUT 2668790', NULL, 'BEGUM BAGH', NULL, NULL, NULL),
('103087', 'V14606', '7500000103419975', 'DILIP SEHGAL', '42,BEGUM BAGH  MASJID WALI GALI NA', 'MEERUT PH-2663467', NULL, 'BEGUM BAGH', NULL, NULL, NULL),
('103087', '46744', '7500000103416988', 'BIMLA', 'W/O, HARISH CHAND  273 PL SHARMA ROAD', 'MEERUT', NULL, 'PL SHARMA ROAD', NULL, NULL, NULL),
('103087', '45071', '7500000103415315', 'VEENA KAPOOR', '12, YASEEN MANZIL, BEGUM BAGH  NEAR SHIV MANDIR NA', 'MEERUT', NULL, 'BEGUM BAGH', NULL, NULL, NULL),
('103087', '46034', '7500000103416278', 'RUCHI', 'W/O, PRASHANT  32 BEGUM BAGH NEAR UPPER INDIA DAIRY', 'MEERUT', NULL, 'BEGUM BAGH', NULL, NULL, NULL),
('103087', '46044', '7500000103416288', 'GAGAN VERMA', '90 BEGUM BAGH  RAVI BAND WALI GALI', 'MEERUT', NULL, 'BEGUM BAGH', '9897648471', NULL, NULL),
('103087', '46054', '7500000103416298', 'RAKESH', '1277 PL SHARMA ROAD', 'MEERUT', NULL, 'PL SHARMA ROAD', NULL, NULL, NULL),
('103087', '46203', '7500000103416447', 'NUPUR GUTA', '1004,PL SHARMA ROAD  NEAR SHIV GUN HO NA', 'MEERUT', NULL, 'PL SHARMA ROAD', '9897631830', NULL, NULL),
('103087', 'G455', '7500000103417347', 'ARCHNA SHARMA', '538,MANGAT RAM BUILDING  BEGUM BAGH TB NO 2358 9412203043', 'MEERUT PH-2663044', NULL, 'BEGUM BAGH', '8273040910', NULL, NULL),
('103087', 'G646', '7500000103417362', 'DEBASHISH CHATTERJEE', '79/1E PL SHARMA ROAD  NEAR GURBAKSAH SINGH GUN HOUSE AFTER 2:00 PM', 'MEERUT PH 5534817', NULL, 'PL SHARMA ROAD', NULL, NULL, NULL),
('103087', 'G6882', '7500000103417364', 'SUNEETA ARYA', '8,RAMA KUTEER  TILAK ROAD NA', 'MEERUT', NULL, 'TILAK ROAD', NULL, NULL, NULL),
('103087', 'V14410', '7500000103419800', 'PUSHPA', '159, VISHAL BHAWAN  PL SHARMA ROAD KYC DEP 899 9837963705', 'MEERUT 2662236', NULL, 'PL SHARMA ROAD', '9837963705', NULL, NULL),
('103087', 'V14692', '7500000103420049', 'SOHAN LAL ALLAHAWADI', '12-C, ASHOKA COLONY 11  BEGUM BAGH NA', 'MEERUT PH--2649748', NULL, 'BEGUM BAGH', '9411027744', NULL, NULL),
('103087', 'V1261', '7500000103418620', 'MANJUL RANI GARG', 'SHANKAR BHAWAN(V.VIP)  (T.B.6485/1)  NEAR, OLD CHAKBANDI (U\\T) NA', 'MEERUT 662270 (URG DEL)', NULL, 'BEGUM BAGH', '9760801227', NULL, NULL),
('103087', 'V12676', '7500000103418666', 'RAVINDRA KUMAR SINGHAL', '4, KAROLI ROAD  OPP. DR. S.P GUPTA NA', 'MEERUT', NULL, 'BEGUM BAGH', NULL, NULL, NULL),
('103087', '45958', '7500000103416202', 'NEERAJ BAJAJ', '14, BEGUM BAGH  MUSJID WALI GALI NA', 'MEERUT. PH-2663957', NULL, 'BEGUM BAGH', '9412203974', NULL, NULL),
('103087', '46834', '7500000103417078', 'KAPIL DHINGRA', '237 PL SHARMA ROAD', 'MEERUT', NULL, 'PL SHARMA ROAD', '9760046467', NULL, NULL),
('103087', '46954', '7500000103417198', 'KAMLESH MITTAL', '73/1,BEGUM BAGH    MOTOR WALI GALI,OPP.MINILAND NA', 'MEERUT', NULL, 'BEGUM BAGH', '9927030799', NULL, NULL),
('103087', '46955', '7500000103417199', 'RAJU VERMA', '76 BEGUM BAGH  RAVI BAND WALI GALI', 'MEERUT', NULL, 'BEGUM BAGH', NULL, NULL, NULL),
('103087', 'V13574', '7500000103419203', 'NANAK CHAND', '132,BEGUM BAGH (T.B.NO.2907/1)  NEAR AHUJA DAIRY H. DEL. NA', 'MEERUT PH-9837963693', NULL, 'BEGUM BAGH', NULL, NULL, NULL),
('103087', 'V13625', '7500000103419227', 'GOPAL CHAND KASHYAP', '156, BEGUM BAGH  ISAI WALI GALI   TWO CON. NA', 'MEERUT # 2640193 PIPE JAYEGA', NULL, 'BEGUM BAGH', NULL, NULL, NULL),
('103087', '42855', '7500000103413099', 'RAMAN JET SINGH', '12, MUSJID WALI GALI  BEGUM BAGH', 'MEERUT', NULL, 'BEGUM BAGH', '9897222272', NULL, NULL),
('103087', '42871', '7500000103413115', 'MOHIT GOEL', '378, PL SHARMA ROAD', 'MEERUT', NULL, 'PL SHARMA ROAD', '9837803420', NULL, NULL),
('103087', '37192', '7500000103407436', 'VIBHAR RASTOGI', '408/3,TILAK ROAD  NEAR HINDU PRESS', 'MEERUT', NULL, 'TILAK ROAD', NULL, NULL, NULL),
('103087', 'V12734', '7500000103418701', 'GURDEEP SINGH', '964/1-E, PL SHARMA ROAD  NEAR CHANDRA TALE NA', 'MEERUT 554594   26640078', NULL, 'PL SHARMA ROAD', '9760633333', NULL, NULL),
('103087', 'V15913', '7500000103421159', 'GEETA RANI', '179, CHOTTA BEGUM BAGH  H/O, SUBASH CHAND NA', 'MEERUT 2667217 TB NO 1889', NULL, 'BEGUM BAGH', NULL, NULL, NULL),
('103087', 'V12884', '7500000103418807', 'R.K AGARWAL', '729, GEETA COLONY  PL SHARMA ROAD NA', 'MEERUT PH-2654240', NULL, 'PL SHARMA ROAD', NULL, NULL, NULL),
('103087', 'V12892', '7500000103418809', 'ANAND PRAKASH', '283/7-A,BAGUM BAGH  MEERUT NA', '(T.B.NO.4110/1)', NULL, 'BEGUM BAGH', NULL, NULL, NULL),
('103087', 'V12920', '7500000103418825', 'HARIOM GUPTA', '239,HIRA LAL BUILDING  BEGUM BAGH NA', 'MEERUT #2663696', NULL, 'BEGUM BAGH', '9368955101', NULL, NULL),
('103087', 'V13126', '7500000103418981', 'HARINDRA SINGH RAWAT', '113/1,PL SHARMA ROAD  NEAR UPPER INDIA DAIRY TB NMO 3732 KYC DEP 1117 9319313011', 'MEERUT', NULL, 'PL SHARMA ROAD', '9139133011', NULL, NULL),
('103087', 'V13161', '7500000103419001', 'RAJ RANI', '1084,KANSAL WATIKA  CHAKBANDI ROAD  2663806 NA', 'BEGUM BAGH, MEERUT, #2663904', NULL, 'BEGUM BAGH', NULL, NULL, NULL),
('103087', 'V13194', '7500000103419025', 'ASHOK KUMAR WASAN', '214,BEGUM BAGH  ASHOKA COLONY NA', 'MEERUT', NULL, 'BEGUM BAGH', NULL, NULL, NULL),
('103087', '42740', '7500000103412984', 'RAHUL JAIN', '180, PL SHARMA ROAD  S/O, AJAY JAIN OPP. WINNER PUBLIC SCHOOL', 'MEERUT', NULL, 'PL SHARMA ROAD', '9756666635', NULL, NULL),
('103087', '42771', '7500000103413015', 'BEENA DEVI', '333, BEGUM BAGH  W/O, SUSHEEL KUMAR NEAR WINNER PUBLIC SCHOOL', 'MEERUT', NULL, 'BEGUM BAGH', '9457941668', NULL, NULL),
('103087', '42904', '7500000103413148', 'RAVINDER RAVI', '174, CHANDRA VILLA  PL SHARMA ROAD', 'MEERUT', NULL, 'PL SHARMA ROAD', '9412109758', NULL, NULL),
('103087', '42909', '7500000103413153', 'MOHSIN', '665, BEGUM BAGH', 'MEERUT', NULL, 'BEGUM BAGH', '8439084375', NULL, NULL),
('103087', '38229', '7500000103408473', 'LAL SINGH BISHT', '164,CHOTA BEGUM BAGH  OPP,KAYA KALP BEAUTY PARLOUR NA', 'MEERUT PH-9358339826', NULL, 'BEGUM BAGH', NULL, NULL, NULL),
('103087', '38245', '7500000103408489', 'AMITA VERMA W/O, LATE ROHTASH VERMA', '503, CHAKBANDI ROAD  DR. KAROLI KI KOTHI BEGUM BAGH', 'MEERUT', NULL, 'BEGUM BAGH', '9897200787', NULL, NULL),
('103087', '38268', '7500000103408512', 'B.K.SHARMA', '278, BEGUM BAGH  MANDIR WALI GALI  KASHIMER ART PRESS', 'MEERUT', NULL, 'BEGUM BAGH', NULL, NULL, NULL),
('103087', '38276', '7500000103408520', 'PRADEEP KATARIA', '505/11, BEGUM BAGH   KAROLI ROAD', 'MEERUT', NULL, 'BEGUM BAGH', NULL, NULL, NULL),
('103087', 'V12925', '7500000103418830', 'PRAMOD KUMAR', '1082/2,DURGA VATIKA  PL SHARMA ROAD NA', 'MEERUT TB NBO 4662', NULL, 'PL SHARMA ROAD', '8859368989', NULL, NULL),
('103087', 'V12940', '7500000103418837', 'OM PRAKASH CHAWLA', '116,BEGUM BAGH  CHAKKI WALI GALI KYC DEP 93584164332', 'MEERUT', NULL, 'BEGUM BAGH', NULL, NULL, NULL),
('103087', 'V12949', '7500000103418845', 'AMAR JEET SINGH', '547,BEGUM BAGH  NEAR DAIRY WALE NA', 'MEERUT 646376', NULL, 'BEGUM BAGH', '9997777727', NULL, NULL),
('103087', 'V14759', '7500000103420115', 'SUBHASH CHANDRA GUPTA', '146/1, PL SHARMA ROAD  H/O, NIRMAL GUPTA NA', 'MEERUT', NULL, 'PL SHARMA ROAD', NULL, NULL, NULL),
('103087', 'V15020', '7500000103420335', 'GURUMUKH SINGH', '193,CHOTTA BEGUM BAGH  NEAR,KASHMIR ART PRESS NA', 'MEERUT', NULL, 'BEGUM BAGH', '9634101144', NULL, NULL),
('103087', 'V15101', '7500000103420406', 'PRAMOD KUMAR', '235/4, CHOTA BEGUM BAGH  MEERUT VP NA', '2649019', NULL, 'BEGUM BAGH', NULL, NULL, NULL),
('103087', '44386', '7500000103414630', 'BOBY SAINI W/O MONOJ SAINI', '92 BAGEM BAGH   MEERUT', 'MEERUT', NULL, 'BEGUM BAGH', '8126776360', NULL, NULL),
('103087', '44387', '7500000103414631', 'RAJENDRA', '1304 P L SHARMA ROAD   MEERUT', 'MEERUT', NULL, 'PL SHARMA ROAD', NULL, NULL, NULL),
('103087', '44400', '7500000103414644', 'DINESH SONKAR', '223 BEGAM BAGH  PL SHARMA ROAD KHATIK MOHALLA', 'MEERUT', NULL, 'PL SHARMA ROAD', '9897524282', NULL, NULL),
('103087', '45323', '7500000103415567', 'DIVYE HANDA', '245 CHAKBANDI ROAD  KAROLI KI KOTHI NEAR SHIV MANDIR', 'MEERUT', NULL, 'BEGUM BAGH', NULL, NULL, NULL),
('103087', '45338', '7500000103415582', 'ASHA RANI', '80, BEGUM BAGH  MANDIR WALI GALI PH-2641023', 'MEERUT', NULL, 'BEGUM BAGH', '9359311128', NULL, NULL),
('103087', '45345', '7500000103415589', 'SAVINDER SINGH', '119/3 BEGUM BAGH  BHOPAL SINGH ROAD', 'MEERUT', NULL, 'BEGUM BAGH', NULL, NULL, NULL),
('103087', '43780', '7500000103414024', 'VISHAL BHARDWAJ', '15-B, ASHOKA COLONY  BEGUM BAGH', 'MEERUT', NULL, 'BEGUM BAGH', NULL, NULL, NULL),
('103087', '43900', '7500000103414144', 'SARLA SABHERWAL', '3/D, ASHOKA COLONY  BEGUM BAGH NA', 'MEERUT, # 2663058', NULL, 'BEGUM BAGH', '9548637943', NULL, NULL),
('103087', 'V14790A', '7500000103420142', 'PUSHPA SHARMA', '1285/3, BEGUM BAGH  HIRA LAL BUILDING NA', 'MEERUT', NULL, 'BEGUM BAGH', '7895390991', NULL, NULL),
('103087', 'V14791', '7500000103420143', 'SHYAM SINGH', '110, BEGUM BAGH  OPP. MINI LAND SCHOOL NA', 'NA', NULL, 'BEGUM BAGH', '9897479995', NULL, NULL),
('103087', '46250', '7500000103416494', 'RAKESH KUMAR CHHABRA', '322/2A, BEGUM BAGH  OPP.NARI NIKETAN,NEAR BACKARY WALE NA', 'NA', NULL, 'BEGUM BAGH', NULL, NULL, NULL),
('103087', 'V10180', '7500000103417437', 'HARBANSH LAL BATRA', '788,TILAK ROAD  BEHIND OLD DSO OFFICE KYC DEP 580 2663829', 'MEERUT', NULL, 'TILAK ROAD', '9358806015', NULL, NULL),
('103087', 'V10220', '7500000103417460', 'V.K SEXSENA', '1,KAROLI ROAD  BEGUM BAGH NA', 'MEERUT PH-2641582', NULL, 'BEGUM BAGH', '9808611177', NULL, NULL),
('103087', '37398', '7500000103407642', 'KRISHAN PAL SINGH', '146, PL SHARMA RAD  OPP.GOPAL MARKET PH--9719761888', 'MEERUT', NULL, 'PL SHARMA ROAD', '9719761888', NULL, NULL),
('103087', '37409', '7500000103407653', 'VIMLA', '235/7, BEGUM BAGH  MANDIR WALI GALI NWE STYLE LADIS TALIOR', 'MEERUT', NULL, 'BEGUM BAGH', NULL, NULL, NULL),
('103087', '44730', '7500000103414974', 'MUSTKEEM', '661 BEGUM BAGH  CHAKBANDI ROAD', 'MEERUT', NULL, 'BEGUM BAGH', '8171816168', NULL, NULL),
('103087', '44737', '7500000103414981', 'SACHIN GUPTA', '172 PL SHARMA ROAD', 'MEERUT', NULL, 'PL SHARMA ROAD', NULL, NULL, NULL),
('103087', '44768', '7500000103415012', 'REENA MEHTA', '9, RAMA KUTER  TILAK ROAD NA', 'MEERUT', NULL, 'TILAK ROAD', NULL, NULL, NULL),
('103087', '44894', '7500000103415138', 'SAVITRI DEVI', '139 PL SHARMA ROAD  OPP. RAGHUNANDAN SARAF NA', 'MEERUT', NULL, 'PL SHARMA ROAD', '7520065148', NULL, NULL),
('103087', '44899', '7500000103415143', 'ABISHEK SINGHAL', '118 BEGUM BAGH', 'MEERUT', NULL, 'BEGUM BAGH', '7351752321', NULL, NULL),
('103087', '43132', '7500000103413376', 'KALPANA VERMA', 'W/O, LATE RAKESH VERMA  80, BEGUM BAGH', 'MEERUT', NULL, 'BEGUM BAGH', NULL, NULL, NULL),
('103087', '43246', '7500000103413490', 'DHARAM VEER SINGH', '88, BEGUM BAGH  RAVI BAND WALI GALI', 'MEERUT', NULL, 'BEGUM BAGH', '9758280109', NULL, NULL),
('103087', '43250', '7500000103413494', 'SANJEEV', '160/1, PL SHARMA ROAD', 'MEERUT', NULL, 'PL SHARMA ROAD', '9411111007', NULL, NULL),
('103087', '43283', '7500000103413527', 'N.K.JAIN', '728/3 P.L.SHARMA ROAD', 'MEERUT', NULL, 'PL SHARMA ROAD', '9997176798', NULL, NULL),
('103087', 'V13798', '7500000103419338', 'GEETA DEVI', '270, BEGUM BAGH  W/O, ASHOK KUMAR \\', 'MEERUT (T.B.NO.5366/1)', NULL, 'BEGUM BAGH', NULL, NULL, NULL),
('103087', 'V15630', '7500000103420886', 'CHAMAN LAL', '1236/31 BAGUM BAGH,NEAR AHUJA DAIRY  NEAR MINI LAND SCHOOL NA', 'MEERUT PH.2660942', NULL, 'BEGUM BAGH', '9897439196', NULL, NULL),
('103087', 'V15637', '7500000103420892', 'ASHA RANI AGARWAL', '555,BEGUM BAGH  NEAR LITTLE STEPS SCHOOL PH--2664022', 'MEERUT', NULL, 'BEGUM BAGH', NULL, NULL, NULL),
('103087', '38423', '7500000103408667', 'BIJENDER SINGH', '435, BEGUM BAGH  NEAR DR SONDHI, MEERUT NA', '# 647483 TB NO 4687', NULL, 'BEGUM BAGH', NULL, NULL, NULL),
('103087', '38432', '7500000103408676', 'RAJENDER KUMAR', '81 BEGUM BAGH  ISAI WALI GALI', 'MEERUT', NULL, 'BEGUM BAGH', '8057581323', NULL, NULL),
('103087', '38445', '7500000103408689', 'AVKASH JAIN', '43, GOPAL VATIKA  P.L SHARMA ROAD KYC DEP 1078 9927222248', 'MEERUT', NULL, 'PL SHARMA ROAD', NULL, NULL, NULL),
('103087', '45667', '7500000103415911', 'SUSHILA', '1345 BEGUM BAGH  NEAR POLICE CHOWKI', 'MEERUT', NULL, 'BEGUM BAGH', '9568064105', NULL, NULL),
('103087', '45677', '7500000103415921', 'RAVINDER SINGH BEDI', '55, PL SHARMA ROAD  GOPAL VATIKA NA', 'MEERUT', NULL, 'PL SHARMA ROAD', '9897142227', NULL, NULL),
('103087', '45679', '7500000103415923', 'PRABHA RASTOGI', '627,TILAK ROAD  HINDU PRESS WALI GALI NA', 'MEERUT, # 2663216', NULL, 'TILAK ROAD', '8126336379', NULL, NULL),
('103087', '45684', '7500000103415928', 'SANTOSH RAJVANSHI', '283/8,BEGUM BAGH (T.B.NO.1062/1)  NEAR KASHMIR ART PRESS NA', 'MEERUT AFTER 2:00 PM', NULL, 'BEGUM BAGH', '9458456642', NULL, NULL),
('103087', '44969', '7500000103415213', 'PUSHPA', 'W/O, BUDHUSEN  90 BEGUM BAGH', 'MEERUT', NULL, 'BEGUM BAGH', '8755381507', NULL, NULL),
('103087', '43172', '7500000103413416', 'MUKUL SINGHAL', '258, PL SHARMA ROAD', 'MEERUT', NULL, 'PL SHARMA ROAD', '9927530935', NULL, NULL),
('103087', '44107', '7500000103414351', 'MAHENDRA', '282 BEGUM BAGH', 'MEERUT', NULL, 'BEGUM BAGH', '8126104109', NULL, NULL),
('103087', '43301', '7500000103413545', 'PARVESH KUMAR', 'G-12, MDA FLATE 2ND FLOOR  NEAR GURUDWARA BEGUM BAGH', 'MEERUT', NULL, 'BEGUM BAGH', '9319801926', NULL, NULL),
('103087', '44231', '7500000103414475', 'RAJU SONKAR', '244 BEGUM BAGH', 'MEERUT', NULL, 'BEGUM BAGH', NULL, NULL, NULL),
('103087', '45284', '7500000103415528', 'KAMLA SONKAR', 'W/O, HIRA  220 BEGUM BAGH KHATIKAN MOHALLA', 'MEERUT', NULL, 'BEGUM BAGH', NULL, NULL, NULL),
('103087', '45309', '7500000103415553', 'ATUL GOEL', '68 PL SHARMA ROAD', 'MEERUT', NULL, 'PL SHARMA ROAD', '9927254858', NULL, NULL),
('103087', '46166', '7500000103416410', 'RAJEEV SHARMA', '283/5 BEGUM BAGH  BHOPAL SINGH ROAD', 'MEERUT', NULL, 'BEGUM BAGH', '9412285346', NULL, NULL),
('103087', 'V12060', '7500000103418285', 'VIJAY TAND0N', '431,BEGUM BAGH  NEAR DR. S.P SONDHI NA', 'MEERUT PH.2648336', NULL, 'BEGUM BAGH', NULL, NULL, NULL),
('103087', '46700', '7500000103416944', 'RAJESH', '1348 BEGUM BAGH  KHATIK MOHALLA', 'MEERUT', NULL, 'BEGUM BAGH', '8267048735', NULL, NULL),
('103087', '45870', '7500000103416114', 'DEEPRAJ', '32 BEGUM BAGH  KAROLI ROAD', 'MEERUT', NULL, 'BEGUM BAGH', NULL, NULL, NULL),
('103087', '45885', '7500000103416129', 'ANANT JEET SINGH', '200 BEGUM BAGH  KUCHESAR HOUSE MINI LAND SCHOOL', 'MEERUT', NULL, 'BEGUM BAGH', '9313432600', NULL, NULL),
('103087', '45082', '7500000103415326', 'POONAM BISHNOI', 'AVANTIKA, PL SHARMA ROAD  MEERUT *3257316* NA', '3293891', NULL, 'PL SHARMA ROAD', '9557743777', NULL, NULL),
('103087', '45091', '7500000103415335', 'SANJAY', '216 BEGUM BAGH  BEHIND NAVEEN MASALE WALE', 'MEERUT', NULL, 'BEGUM BAGH', '8979791545', NULL, NULL),
('103087', '45238', '7500000103415482', 'CHANDRA PRAKASH', '43/4 PL SHARMA ROAD  2ND FLOOR GOPAL VATIKA', 'MEERUT', NULL, 'PL SHARMA ROAD', NULL, NULL, NULL),
('103087', 'V10094', '7500000103417406', 'ASHOK KUMAR', '131 ,RAJ NIWAS,BEGUM BAGH  NEAR UPPER INDIA DAIRY NA', 'MEERUT', NULL, 'BEGUM BAGH', NULL, NULL, NULL);
INSERT INTO `3112191234_import_consumers_sample_bkp` (`DIST_CODE`, `CONS_NO`, `CONS_ID`, `CONS_NAME`, `ADDRESS`, `CONS_CITY`, `STATUS`, `AREA_NAME`, `MOBILE`, `RUBBER_TUBE_INSP_DATE`, `MANDATORY_CHECK_DATE`) VALUES
('103087', 'V10108', '7500000103417411', 'KAILASH NATH KHURANA', '72 , BEGUM BAGH  ISAI WALI GALI TB NO 6200', 'MEERUT', NULL, 'BEGUM BAGH', '9897233014', NULL, NULL),
('103087', 'V10151', '7500000103417428', 'P.A BAKSHI', '11, RAMA KUTEER  TILAK ROAD KYC DEP 1327 9897300612', 'MEERUT 2641914', NULL, 'TILAK ROAD', '7060406015', NULL, NULL),
('103087', 'V14504', '7500000103419879', 'MUKESH', '121, BEGUM BAGH  NEAR CHAKKI WALI GALI NA', 'MEERUT PH.641763 TB NO 4814', NULL, 'BEGUM BAGH', '7417985532', NULL, NULL),
('103087', 'V12495', '7500000103418551', 'RAM KUMAR', '1290 ,BEGUM BAGH  BEHIND R.K. ACEDAMY NA', 'MEERUT (T.B.NO.5456/1)', NULL, 'BEGUM BAGH', '7836835122', NULL, NULL),
('103087', '45112', '7500000103415356', 'CHARANJEET LAL KHANNA', '12, BEGUM BAGH   MUSJID WALI GALI', 'MEERUT', NULL, 'BEGUM BAGH', NULL, NULL, NULL),
('103087', '45129', '7500000103415373', 'RAJIV BHATNAGAR', '114, RAJ NIVAS  PL SHARMA ROAD NA', 'NA', NULL, 'PL SHARMA ROAD', '9634766262', NULL, NULL),
('103087', '46118', '7500000103416362', 'RENU MOORJANI', '463, BEGUM BAGH  NEAR UPPER INDIA DAIRY NA', 'MEERUT 2631492', NULL, 'BEGUM BAGH', '9675523402', NULL, NULL),
('103087', '47000', '7500000103417244', 'SWARAN SINGH  REKHI', '241/5 BEGUM BAGH', 'MEERUT', NULL, 'BEGUM BAGH', NULL, NULL, NULL),
('103087', 'V15479', '7500000103420732', 'URMILA VERMA', 'H/O,SURESH CHAND VERMA  243,BEGUM BAGH 9219797000 NA', 'MANDIR WALI GALI,MEERUT', NULL, 'BEGUM BAGH', NULL, NULL, NULL),
('103087', '40860', '7500000103411104', 'SUNIL KUMAR', '158. BEGUM BAGH  ISAI WALI GALI', 'MEERUT', NULL, 'BEGUM BAGH', '9897187893', NULL, NULL),
('103087', 'V14555', '7500000103419930', 'RAJEEV VERMA', '76, BEGUM BAGH  RAVI BAND WALI GALI NA', 'MEERUT TB NO 315', NULL, 'BEGUM BAGH', NULL, NULL, NULL),
('103087', 'V12783', '7500000103418738', 'R.K GANDHI', '582, PL SHARMA ROAD  NEAR DELUXE DRYCLEANERS NA', '#  MEERUT.', NULL, 'PL SHARMA ROAD', NULL, NULL, NULL),
('103087', 'V12818', '7500000103418768', 'VINOD KUMAR', '115,BEGUM BAGH  CHAKKI WALI GALI KYC DEP 802 9634287519', 'MEERUT', NULL, 'BEGUM BAGH', NULL, NULL, NULL),
('103087', 'V12839', '7500000103418780', 'RAHUL ASRANI', '2-C,ASHOKA COLONY 1  NEAR DURGA MANDIR NA', 'BEGUM BAGH,MEERUT #2643660', NULL, 'BEGUM BAGH', NULL, NULL, NULL),
('103087', '43401', '7500000103413645', 'VISHAL KUMAR', 'S/O, VED PRAKASH  176, BEGUM BAGH', 'MEERUT', NULL, 'BEGUM BAGH', '9027339286', NULL, NULL),
('103087', '43412', '7500000103413656', 'JITENDER KUMAR', '1147/10, PL SHARMA ROAD', 'MEERUT', NULL, 'PL SHARMA ROAD', NULL, NULL, NULL),
('103087', '42922', '7500000103413166', 'REENA', 'D/O HERDEV SHARMA  235/5 BEGUM BAGH', 'MEERUT', NULL, 'BEGUM BAGH', '9658796227', NULL, NULL),
('103087', '42947', '7500000103413191', 'PRATIBHA', 'W/O, AMIT 223, BEGUM BAGH  NEAR ADARSH DAIRY MANDIR WALI GALI', 'MEERUT', NULL, 'BEGUM BAGH', '9837617330', NULL, NULL),
('103087', '42980', '7500000103413224', 'MANOHER LAL', '272, KHATIC MOHALLA  PL SHARMA ROAD', 'MEERUT', NULL, 'PL SHARMA ROAD', NULL, NULL, NULL),
('103087', '37253', '7500000103407497', 'ANKIT GOEL', '3-A,SHIV BAKSH BUILDING  BEGUM BAGH NA', 'MEERUT', NULL, 'BEGUM BAGH', NULL, NULL, NULL),
('103087', '37266', '7500000103407510', 'RAKESH LUTHRA', '616/1, BEGUM BAGH  DR.SONDHI WALI GALI  PH--2647661', 'MEERUT', NULL, 'BEGUM BAGH', NULL, NULL, NULL),
('103087', '37267', '7500000103407511', 'KEWAL LUTHRA', '616/1, BEGUM BAGH  DR.SONDHI WALI GALI PH--2642698', 'MEERUT', NULL, 'BEGUM BAGH', NULL, NULL, NULL),
('103087', '37278', '7500000103407522', 'SANJAY RASTOGI', '241/7, KUCHESER HOUSE  BEGUM BAGH', 'MEERUT', NULL, 'BEGUM BAGH', '9897434732', NULL, NULL),
('103087', '38298', '7500000103408542', 'PRADEEP ARORA', 'S/O, MANOHER LAL ARORA  683, BEGUM BAGH NEAR MDA COLONY', 'MEERUT', NULL, 'BEGUM BAGH', NULL, NULL, NULL),
('103087', 'V15547', '7500000103420801', 'AJAY TANDON', '205,BEGUM BAGH  OPP SHIV MANDIR WALI GALI NA', 'MEERUT', NULL, 'BEGUM BAGH', NULL, NULL, NULL),
('103087', 'V15572', '7500000103420825', 'BHARAT BHUSHAN GUPTA', '203/4, HARI PRYIA APARTMENT  IIND. FLOOR,TILAK ROAD NA', 'MEERUT', NULL, 'TILAK ROAD', '9634102366', NULL, NULL),
('103087', 'V15573', '7500000103420826', 'RAJENDRA PRASAD GUPTA', '203, HARI PRYIA APARTMENT  IIND. FLOOR,TILAK ROAD NA', 'MEERUT', NULL, 'TILAK ROAD', '9358808011', NULL, NULL),
('103087', 'V13028', '7500000103418901', 'PANKAJ VERMA', '235/3,CHOTA BEGUM BAGH  NEAR AHUJA DAIRY(T.B.NO.2213/1) NA', 'MEERUT 650041', NULL, 'BEGUM BAGH', NULL, NULL, NULL),
('103087', 'V13038', '7500000103418913', 'USHA', '72,BEGUM BAGH  ISAI WALI GALI NA', 'MEERUT PH-9319302603', NULL, 'BEGUM BAGH', '100', NULL, NULL),
('103087', 'V13041', '7500000103418917', 'ROOP WATI', '64 ,BEGUM BAGH  OPP NEW STYLE TAILOR KYC DEP 622 9627466577', 'MEERUT', NULL, 'BEGUM BAGH', NULL, NULL, NULL),
('103087', 'V13046', '7500000103418919', 'ARUN KUMAR BHALLA', '5/B,ASHOKA COLONY  BEGUM BAGH NA', 'MEERUT 2663205', NULL, 'BEGUM BAGH', NULL, NULL, NULL),
('103087', 'V13073', '7500000103418939', 'SOM NATH SHARMA', '361,BEGUM BAGH  NEAR UPPER INDIA DAIRY WALI GALI NA', 'MEERUT PHONE*2648769*(VIP)', NULL, 'BEGUM BAGH', NULL, NULL, NULL),
('103087', '42846', '7500000103413090', 'SHANKAR GUPTA', 'S/O, SATISH KUMAR GUPTA  139, PL SHARMA ROAD', 'MEERUT', NULL, 'PL SHARMA ROAD', '9760963340', NULL, NULL),
('103087', '42854', '7500000103413098', 'RAVI', '50/2, BEGUM BAGH', 'MEERUT', NULL, 'BEGUM BAGH', '8865941534', NULL, NULL),
('103087', '42986', '7500000103413230', 'SURENDER KOUR', '47, BEGUM BAGH  BEHIND DURGA MANDIR', 'MEERUT', NULL, 'BEGUM BAGH', '8979991010', NULL, NULL),
('103087', '38321', '7500000103408565', 'SOURABH TUTEJA', 'SUBASH CHANDRA TUTEJA  1, RAMA KUTEER  TILAK ROAD', 'MEERUT', NULL, 'TILAK ROAD', '9720002575', NULL, NULL),
('103087', '38343', '7500000103408587', 'HARISH KUMAR', '110, BEGUM BAGH  NEAR MINI LAND SCHOOL KYC DEP 772', 'MEERUT', NULL, 'BEGUM BAGH', '9557446771', NULL, NULL),
('103087', '38345', '7500000103408589', 'POONAM SINGH', '766, TILAK ROAD', 'MEERUT', NULL, 'TILAK ROAD', '9368933030', NULL, NULL),
('103087', '43062', '7500000103413306', 'MUNSHI SINGH', '16, LAKHPAT SINGH QUATER  BEGUM BAGH', 'MEERUT', NULL, 'BEGUM BAGH', NULL, NULL, NULL),
('103087', 'V13079', '7500000103418944', 'USHA MITTAL', '89,TILAK ROAD  NEAR AHLUWALIA KI KOTHI NA', 'MEERUT 2649216 (T.BNO.3700/1)', NULL, 'TILAK ROAD', '9412205297', NULL, NULL),
('103087', 'V13107', '7500000103418966', 'SUBODH KUMAR', '235/4,CHOTA BEGUM BAGH  NEAR AHUJA DAIRY V.I.P.', 'MEERUT PHONE-2649014', NULL, 'BEGUM BAGH', NULL, NULL, NULL),
('103087', 'V13115', '7500000103418972', 'SURESH CHAND JAIN', '719/2PL SHARMA ROAD  HEM PRAKASHAN NA', 'MEERUT TB NO 4487', NULL, 'PL SHARMA ROAD', '9897729579', NULL, NULL),
('103087', 'V14895', '7500000103420231', 'NEERAJ KUMAR AGARWAL', '33/2, BEGUM BAGH  CHAKBANDI ROAD NA', 'MEERUT 9837022849', NULL, 'BEGUM BAGH', '8958337777', NULL, NULL),
('103087', 'V15181', '7500000103420464', 'GAYATRI DEVI', '1285/1, HIRA LAL BUILDING  PL SHARMA ROAD NA', 'MEERUT TB NOP5426', NULL, 'PL SHARMA ROAD', NULL, NULL, NULL),
('103087', 'V10379', '7500000103417528', 'MANJU KANNOJYIA', '275, PL SHARMA ROAD  KANOJIA DRY-CLEAN NA', 'MEERUT *9897858513*', NULL, 'PL SHARMA ROAD', NULL, NULL, NULL),
('103087', 'V13700', '7500000103419276', 'RAM KUMAR', '76,BEGUM BAGH  NEAR RAVI BAND WALI GALI NA', 'MEERUT TB NO 1591', NULL, 'BEGUM BAGH', NULL, NULL, NULL),
('103087', 'V13749', '7500000103419307', 'SUSHMA SHRIWASTVA', 'FLATE NO 3 44 TILAK ROAD  BEGUM BAGH NA', ', MEERUT.', NULL, 'TILAK ROAD', '9690412688', NULL, NULL),
('103087', '7030943979', '7000000030943979', 'MOHINI . MATHUR', '222 BEGUM BAGH  BHOPAL SINGH ROAD . .', 'MEERUT', NULL, 'BEGUM BAGH', '8826287832', NULL, NULL),
('103087', '46394', '7500000103416638', 'SHAKUNTLA', 'W/O, ASHOK  280 PL SHARMA ROAD', 'MEERUT', NULL, 'PL SHARMA ROAD', NULL, NULL, NULL),
('103087', 'V11053', '7500000103417809', 'GYAN PRAKASH', '1261, PL SHARMA ROAD  GYAN PROVISION STORE NA', 'MEERUT PHONE-2666146', NULL, 'PL SHARMA ROAD', NULL, NULL, NULL),
('103087', 'V24051', '7500000103429337', 'ALOK KUMAR RASTOGI', '42, TILAK ROAD  NEAR DR. RAKESH GALI PH--2666688', 'MEERUT  TB NO 2177', NULL, 'TILAK ROAD', NULL, NULL, NULL),
('103087', 'V14151', '7500000103419587', 'PAWAN KUMAR AGARWAL', '33,BEGUM BAGH  NEAR UPPER INDIA DAIRY NA', 'MEERUT 648920', NULL, 'BEGUM BAGH', '9627609000', NULL, NULL),
('103087', 'V14225', '7500000103419645', 'SUMIT CHANDRA', '19,TILAK ROAD  MATHUR LANE NA', 'MEERUT', NULL, 'TILAK ROAD', NULL, NULL, NULL),
('103087', 'V30311', '7500000103435703', 'KRISHAN KUMAR SHARMA', 'B-229, HIRA LAL BUILDING  BEGUM BAGH NA', 'MEERUT', NULL, 'BEGUM BAGH', '9412831178', NULL, NULL),
('103087', 'V31755', '7500000103437173', 'SHIVANI GARG', 'H/O,ASHOK GARG  298/3,PL SHARMA ROAD NA', 'MEERUT 651344 SANDAY DELIVERY', NULL, 'PL SHARMA ROAD', NULL, NULL, NULL),
('103087', 'V31964', '7500000103437386', 'VIJAY KUMAR ARORA', '540,BEGUM BAGH  MEERUT NA', 'PHONE-2646474', NULL, 'BEGUM BAGH', '8853098409', NULL, NULL),
('103087', 'V31985', '7500000103437407', 'SARDA,H/O,RAJ BHAN', '465,BEGUM BAGH  PH-2663459 (T.B.NO.1939) NA', 'NEAR MADHURI BUILDING MEERUT', NULL, 'BEGUM BAGH', '9412472719', NULL, NULL),
('103087', 'V31990', '7500000103437412', 'SANGEETA GUPTA', 'H/O,OM PRAKASH THEKEDAR  268,BEGUM BAGH 9412701575 TB 68 NA', 'NA', NULL, 'BEGUM BAGH', NULL, NULL, NULL),
('103087', 'V16582', '7500000103421818', 'ANSHU SINGHAL', 'S-3,SECONND FLOOR  TILAK PALACE,TILAK ROAD NA', 'PH-9358406540', NULL, 'TILAK ROAD', NULL, NULL, NULL),
('103087', '43469', '7500000103413713', 'VED PRAKASH', 'S/O, RAM DEV SEHGAL  517/30, KAROLI ROAD BEGUM BAGH', 'MEERUT', NULL, 'BEGUM BAGH', '9634226402', NULL, NULL),
('103087', '43473', '7500000103413717', 'JANKI', 'W/O, RAM KUMAR  74/158, BHOPAL SINGH ROAD BEGUM BAGH', 'MEERUT', NULL, 'BEGUM BAGH', '9219514376', NULL, NULL),
('103087', '44420', '7500000103414664', 'PREMA', 'W/O, RAJEEV  191 BEGUM BAGH', 'MEERUT', NULL, 'BEGUM BAGH', NULL, NULL, NULL),
('103087', '45509', '7500000103415753', 'SUMAN SHARMA', '173, PL SHARMA ROAD  BEGUM BAGH NA', 'MEERUT', NULL, 'PL SHARMA ROAD', '9458251175', NULL, NULL),
('103087', 'V11173', '7500000103417852', 'SUNIL KUMAR', '555 PL SHARMA ROAD   9997852487', 'MEERUT', NULL, 'PL SHARMA ROAD', NULL, NULL, NULL),
('103087', 'V26445', '7500000103431780', 'N.K KAPOOR', '23,TILAK ROAD  BEHIND DSO OFFICE NA', 'MEERUT PHONE*2663285*', NULL, 'TILAK ROAD', '9411262896', NULL, NULL),
('103087', 'V28983', '7500000103434363', 'AMRISH KUMAR GUPTA', '71,TILAK ROAD *2663537*  H/O,SURESH CHAND GUPTA NA', 'OPP.BINDIYA BEAUTY PARLOR,MRT', NULL, 'TILAK ROAD', '9837027850', NULL, NULL),
('103087', 'V16352', '7500000103421582', 'BHARAT BHUSHAN', '181, BEGUM BAGH  MOTOR WALI GALI (T.B.NO.1049/1) NA', 'MEERUT PHONE*9219793485*', NULL, 'BEGUM BAGH', '8171396692', NULL, NULL),
('103087', 'V16392', '7500000103421621', 'ANU DEWAN', '616/1 BEGUM BAGH  H/O, O.P. BAJAJ NA', 'MEERUT. 2657754', NULL, 'BEGUM BAGH', NULL, NULL, NULL),
('103087', 'V16402', '7500000103421632', 'BRAJ BALA', '27,TILAK ROAD  BEHIND DSO OFFICE 9897979170 NA', 'MEERUT # 2663711 (VIP)', NULL, 'TILAK ROAD', '9997987282', NULL, NULL),
('103087', 'V16418', '7500000103421649', 'RAJESH CHAND', '66/3, GEETA COLONY  TILAK ROAD TB NO 906 NA', 'MEERUT 5522701', NULL, 'TILAK ROAD', '9837044248', NULL, NULL),
('103087', 'V16641', '7500000103421879', 'MUKESH BANSAL', '2-A,ASHOKA COLONY 1  BEGUM BAGH *9897330718* NA', 'NA', NULL, 'BEGUM BAGH', NULL, NULL, NULL),
('103087', 'V1666', '7500000103421898', 'MAHENDRA SINGH', '529, MANGAT ROY QUATERS  BEGUM BAGH PH-*2648265* NA', 'MEERUT (T.B.NO.4902/1)', NULL, 'BEGUM BAGH', NULL, NULL, NULL),
('103087', 'V18796', '7500000103424068', 'MUKESH GULATI', '11-AB, BEGUM BAGH ASHOKA COLONEY 11  CHAKBANDI WALI ROAD NA', 'MEERUT PH.2663688 784', NULL, 'BEGUM BAGH', '9219550442', NULL, NULL),
('103087', 'V28319', '7500000103433689', 'MANISH KUMAR', '191, BEGUM BAGH PH-9219701130  H/O, BINDAR PRASAD (T.B.NO.2825 NA', 'NEAR KASHMIR ART PRESS, MRT', NULL, 'BEGUM BAGH', NULL, NULL, NULL),
('103087', 'V28404', '7500000103433776', 'VINAY SEHGAL', '3-A, 3-B- ASHOKA COLONY  OPP. DURGA MANDIR BEGUM BAGH', 'MEERUT 9837500563', NULL, 'BEGUM BAGH', '9358400309', NULL, NULL),
('103087', 'V2869', '7500000103434067', 'O.P VERMA', '1/1BEGUM BAGH  MUSJID WALI GALI  MAYAR SHAHEB NA', 'MEERUT', NULL, 'BEGUM BAGH', NULL, NULL, NULL),
('103087', 'V31279', '7500000103436690', 'RUCHIRA GUPTA', '1342,BEGUM BAGH  NEAR POLICE CHOWKI NA', 'P L SHARMA ROAD 9897201883', NULL, 'BEGUM BAGH', '9837040367', NULL, NULL),
('103087', 'V31292', '7500000103436703', 'RAMAN CHAWLA', '549/B, BEGUM BAGH  BEHIND D.S.O. OFFICE NA', 'NA', NULL, 'BEGUM BAGH', '9837000177', NULL, NULL),
('103087', 'V31298', '7500000103436709', 'PANKAJ RAJ', '283/8, BEGUM BAGH (T.B.NO.264)  MANDIR WALI GALI PH-9319315763 NA', 'NEAR KASHMIR ART PRESS MRT.', NULL, 'BEGUM BAGH', NULL, NULL, NULL),
('103087', '43619', '7500000103413863', 'DEVI DAYAL', 'S/O, KALLU  288, BEGUM BAGH KHATIK MOHALLA', 'MEERUT', NULL, 'BEGUM BAGH', '9761470159', NULL, NULL),
('103087', 'V18597', '7500000103423867', 'PADAM SINGH', '81 BEGUM BAGH  ISAI WALI GALI NA', 'MEERUT', NULL, 'BEGUM BAGH', '9837874042', NULL, NULL),
('103087', 'V18812', '7500000103424084', 'TILAK RAJ CHANDNA', '50,BEGAM BAGH  BEHIND DSO OFFICE(PAIPE JAEGA NA', 'NA', NULL, 'BEGUM BAGH', NULL, NULL, NULL),
('103087', 'V18872', '7500000103424144', 'NEERAJ JAIN', '1147/2, PL SHARMA ROAD  NEAR, UPPER INDIA DAIRY NA', 'MEERUT 2648566', NULL, 'PL SHARMA ROAD', NULL, NULL, NULL),
('103087', '45427', '7500000103415671', 'SWAMI ANURAKTNAND', 'RAM KRISHAN ASHRAM  SETH WOOL WALI GALI PHY--9897518721', 'BEGUM BAGH,MEERUT TB NO 4118', NULL, 'BEGUM BAGH', NULL, NULL, NULL),
('103087', 'V16806', '7500000103422047', 'SUBHASH CHAND', 'CHANDRA VILA  NEAR, R.K.ACADEMY TB NO 3306 NA', 'MEERUT  PHONE-2652395', NULL, 'BEGUM BAGH', '9045721359', NULL, NULL),
('103087', 'V16870', '7500000103422113', 'NILIMA BISHNOI', '1308/10, HIRA LAL BUILDING  BEGUM BAGH (T..NO.1389) KYC DEP 154 9897400591', 'MEERUT', NULL, 'BEGUM BAGH', NULL, NULL, NULL),
('103087', '43627', '7500000103413871', 'PREM LATA', 'W/O, HUKAM CHAND  57/1, BEGUM BAGH BHOPAL SINGH ROAD', 'MEERUT', NULL, 'BEGUM BAGH', '9639535097', NULL, NULL),
('103087', '43633', '7500000103413877', 'MEENAKSHI', 'W/O, LATE KISHAN SINGH  1131, BEGUM BAGH PL SHARMA ROAD', 'MEERUT', NULL, 'PL SHARMA ROAD', NULL, NULL, NULL),
('103087', '43643', '7500000103413887', 'RATISH KUMAR', '110, BEGUM BAGH', 'MEERUT', NULL, 'BEGUM BAGH', '8979897661', NULL, NULL),
('103087', '43646', '7500000103413890', 'R.K.GUPTA', '318 OR 161, BEGUM BAGH  BHOPAL SIN GH ROAD', 'MEERUT', NULL, 'BEGUM BAGH', '9410805974', NULL, NULL),
('103087', '43667', '7500000103413911', 'AMAN BINDRA', '27, TILAK ROAD  BEHIND D.S.O.OFFICE NA', 'MEERUT', NULL, 'TILAK ROAD', '9897995768', NULL, NULL),
('103087', 'V20590', '7500000103425903', 'MOHAN SINGH', '336, BEGUM BAGH  NEAR KASHMIR ART PLACE PH--9319684033', 'MEERUT  PNF (T.B.NO.3141/1)', NULL, 'BEGUM BAGH', NULL, NULL, NULL),
('103087', 'V20767', '7500000103426087', 'PARMEET', '119/3, BEGUM BAGH  DURGA MANDIR WALI GALI NA', 'MEERUT 651161 TB NO 5395', NULL, 'BEGUM BAGH', '9897989897', NULL, NULL),
('103087', 'V10448', '7500000103417557', 'RAJ KUMAR', '197, CHOTA BEGUM BAGH  PH 2657953 NA', 'MEERUT', NULL, 'BEGUM BAGH', NULL, NULL, NULL),
('103087', 'V10508', '7500000103417581', 'MADHU YADAV', '294-B, PL SHAMRA ROAD  NEAR CAMBRIDGE TAILOR NA', 'MEERUT  PH-2646702', NULL, 'PL SHARMA ROAD', NULL, NULL, NULL),
('103087', 'V106', '7500000103417606', 'RAKESH MOHAN GUPTA', '199,BEGUM BAGH  NEAR KASHMIR ART PRESS NA', 'MEERUT 664223  NOC', NULL, 'BEGUM BAGH', '9012263623', NULL, NULL),
('103087', 'V10606', '7500000103417608', 'VINAY KUMAR', '675,BEGUM BAGH  OPP.CHAKBANDI NA', 'MEERUT', NULL, 'BEGUM BAGH', '9837888544', NULL, NULL),
('103087', 'V19071', '7500000103424348', 'ABDUL RASHEED', '656, BEGUM BAGH  MUSJID COMPOUND NA', 'MEERUT TB 1464', NULL, 'BEGUM BAGH', NULL, NULL, NULL),
('103087', 'V17289', '7500000103422537', 'SUNIL CHAUDHARY', '163,PL SHARMA ROAD  H/O, MAHA SINGH (ADVOCATE) NA', 'MEERUT TB NO 2044', NULL, 'PL SHARMA ROAD', NULL, NULL, NULL),
('103087', 'V17587', '7500000103422839', 'VIKAS VERMA', '79,BEGUM BAGH  RAVI BAND WALI GALI NA', 'MEERUT PH.2648471 657346', NULL, 'BEGUM BAGH', NULL, NULL, NULL),
('103087', 'V17601', '7500000103422854', 'RAM SINGH', '209, PL SHARMA ROAD  OPP. VIJAY COMLEX NA', 'MEERUT TB 2767', NULL, 'PL SHARMA ROAD', '8791141186', NULL, NULL),
('103087', 'V17621', '7500000103422874', 'SANJAY KUMAR', '181, BEGUM BAGH  MANDIR WALI GALI NA', 'MEERUT', NULL, 'BEGUM BAGH', '9760003065', NULL, NULL),
('103087', '45536', '7500000103415780', 'DEEPAK KUMAR', '236 BEGUM BAGH   NA', 'MEERUT', NULL, 'BEGUM BAGH', '9219112030', NULL, NULL),
('103087', 'V13928', '7500000103419439', 'RAVI BHUSHAN BANSAL', '177,BEGUM BAGH  TILAK ROAD NA', 'MEERUT PH*664973*', NULL, 'BEGUM BAGH', '9690119011', NULL, NULL),
('103087', 'V19103', '7500000103424381', 'SEEMA GUPTA', '2.52, ASORA HOUSE  BEGUM BAGH NA', 'MEERUT TB NO 4033', NULL, 'BEGUM BAGH', '8859333719', NULL, NULL),
('103087', 'V19104', '7500000103424382', 'RAJNI KASHYAP', '159, BEGUM BAGH T NO 527  NEAR SHIV MANDIR NEAR BHAGATJI NA', 'NA', NULL, 'BEGUM BAGH', '9058628643', NULL, NULL),
('103087', 'V20989', '7500000103426312', 'ANUMA SHARMA', '106, BEGUM BAGH  CHAKKI WALI GALI NA', 'MEERUT PH.2649863', NULL, 'BEGUM BAGH', '9557077533', NULL, NULL),
('103087', 'V19340', '7500000103424619', 'LAXMAN GOUR', '254,ASORA HOUSE  BEGUM BAGH TOOK 1718 NA', 'MEERUT  4004991', NULL, 'BEGUM BAGH', '8126913181', NULL, NULL),
('103087', 'V17335', '7500000103422583', 'RAJESH AGERWAL', '45/46, RAMA KUTEER  OPP, HANUMAR MANDIR WALI GALI NA', 'TILAK ROAD MEERUT 642092', NULL, 'TILAK ROAD', NULL, NULL, NULL),
('103087', 'V17363', '7500000103422612', 'VIPIN KUMAR', '2-A, M.D.A.FLATS  BEGUM BAGH NA', 'MEERUT PHONE-2646661 2648553', NULL, 'BEGUM BAGH', '9897423030', NULL, NULL),
('103087', 'V19657', '7500000103424945', 'OM PRAKASH', '1329, PL SHARMA ROAD  NEAR POLICE CHOWKI KYC DEP 579 8909140965', 'MEERUT', NULL, 'PL SHARMA ROAD', NULL, NULL, NULL),
('103087', 'V19671', '7500000103424960', 'SUNITA', '415, BEGUM BAGH  H/O,HARISH KUMAR NA', 'MANDIR WALI GALI, MEERUT', NULL, 'BEGUM BAGH', '9267320842', NULL, NULL),
('103087', '45584', '7500000103415828', 'RAJEEV AILAWADI', '12-C,  ASHOKA COLONY  BEGUM BAGH PIPE JAYEGA NA', 'NA', NULL, 'BEGUM BAGH', '9897982025', NULL, NULL),
('103087', 'V25566', '7500000103430884', 'T.R KAPOOR', '231, BEGUM BAGH  NEAR KUSECHAR HOUSE NA', 'MEERUT PHONE-2657409', NULL, 'BEGUM BAGH', '7895996396', NULL, NULL),
('103087', 'V25587', '7500000103430905', 'RAKESH', '810, TILAK ROAD  NEAR DSO OFFICE NA', 'MEERUT PHONE-2647359', NULL, 'TILAK ROAD', '9411643542', NULL, NULL),
('103087', 'V27852', '7500000103433202', 'SANDEEP KUMAR', '216, BEGUM BAGH (TB NO 890  3/O, SHIV CHARAN NA', 'MEERUT 9358432895', NULL, 'BEGUM BAGH', NULL, NULL, NULL),
('103087', 'V15790', '7500000103421044', 'M. SINGH', '437, BEGUM BAGH,NEAR DR. SONDHI  H/O, KULDEEP SINGH NA', 'MEERUT #2663403', NULL, 'BEGUM BAGH', '7906060221', NULL, NULL),
('103087', 'V15793', '7500000103421047', 'PRAMOD KUMAR', '282/2-A, ASHOKA COLONY  BEGUM BAGH NA', 'MEERUT', NULL, 'BEGUM BAGH', '9837050299', NULL, NULL),
('103087', 'V15798', '7500000103421051', 'SUMANT PRASAD JAIN', '1328, BEGUM BAGH  OPP. POLICE CHOWKI NA', 'MEERUT PHONE-2647316 H DEL', NULL, 'BEGUM BAGH', NULL, NULL, NULL),
('103087', 'V15817', '7500000103421068', 'RAVI KANT SAPRA', '405,NATIONAL BULDING  NEAR HOTAL SALEEN  PH-2665064 NA', 'PL SHARMA ROAD MEERUT(VIP)', NULL, 'PL SHARMA ROAD', NULL, NULL, NULL),
('103087', 'V23414', '7500000103428790', 'ANIL', '231,BEGUM BAGH  NEAR KUSECHER HOUSE TBBNO 9047', 'MEERUT 2657409 *2657409*', NULL, 'BEGUM BAGH', NULL, NULL, NULL),
('103087', 'V19399', '7500000103424678', 'ANGOORI DEVI', '282, BEGUM BAGH  KHATIC MOHALLA,NEAR POLICE CHOWKI NA', 'MEERUT', NULL, 'BEGUM BAGH', NULL, NULL, NULL),
('103087', 'V11304', '7500000103417917', 'S.C TUTEZA', '1,RAMA KUTEER  TILAK ROAD NA', 'MEERUT, # 2640574', NULL, 'TILAK ROAD', '9358416362', NULL, NULL),
('103087', 'V27463', '7500000103432807', 'MUKESH KUMAR', '203, BEGUM BAGH  RAVI BAND WALI GALI NA', 'MEERUT TB NO 2935 20/12/7', NULL, 'BEGUM BAGH', '9927530935', NULL, NULL),
('103087', 'V27469', '7500000103432813', 'DINESH BANSAL', '2-A, ASHOKA COLONY 1  BEGUM BAGH KYC DEP1436  9897413112', 'MEERUT *9897330718*', NULL, 'BEGUM BAGH', NULL, NULL, NULL),
('103087', 'V27480', '7500000103432824', 'SONALI GOEL', '4/1 NARAYAN MARKET  PL SHARMA ROAD NA', 'MEERUT', NULL, 'PL SHARMA ROAD', '9258010203', NULL, NULL),
('103087', 'V27537', '7500000103432881', 'DINESH', '144,BAGEM BAGH.  ISAI WALI GALIALA NA', 'MEERUT (T.B.NO.2656', NULL, 'BEGUM BAGH', '9760801778', NULL, NULL),
('103087', 'V27546', '7500000103432890', 'NEELAM', 'C/O,SHEELA VERMA  277, PL SHARMA  ROAD OPP. VIJAY SHREE COMPLEX', 'NA', NULL, 'PL SHARMA ROAD', NULL, NULL, NULL),
('103087', 'V27918', '7500000103433270', 'KRISHAN LAL MALIK', '426, BEGUM BAGH  MEERUT NA', 'NA', NULL, 'BEGUM BAGH', NULL, NULL, NULL),
('103087', 'V30535', '7500000103435930', 'ADESH BANSAL', 'H/O, SUDESH BANSAL  282, BEGUM BAGH,ASHOKA COLONEY 1 NA', 'MEERUT 2665121 *9897413112*', NULL, 'BEGUM BAGH', NULL, NULL, NULL),
('103087', 'V26020', '7500000103431347', 'VIRENDRA KUMAR RASTOGI', '101, HARI PRIYA APART  TILAK ROAD 2534066 NA', 'MEERUT 27/3 H. ,.OCK', NULL, 'TILAK ROAD', '9917687310', NULL, NULL),
('103087', 'V26064', '7500000103431392', 'BADRI NATH KAPOOR', 'H/O USHA DEEVAN, 331, BEGUM BAGH  NEAR MANDIR WALI GALI,OPP.SHIVA NA', 'NA', NULL, 'BEGUM BAGH', '9536957767', NULL, NULL),
('103087', 'V23758', '7500000103429140', 'AMAN SINGH', '549, BEGUM BAGH (VP)  NEAR SAR GOPAL DAIRY NA', 'MEERUT PH-2665126', NULL, 'BEGUM BAGH', NULL, NULL, NULL),
('103087', 'V21724', '7500000103427069', 'PARMOD KUMAR', '1320,BEGUM BAGH  NEAR,R.K.ACADEMY NA', 'MEERUT TB NO 1489', NULL, 'BEGUM BAGH', NULL, NULL, NULL),
('103087', 'V11473', '7500000103418007', 'SAROJ SALKAN', '12, TILAK ROAD  BEGUM BAGH (T.B.NO.359) NA', 'MEERUT 2663450', NULL, 'TILAK ROAD', '8126074458', NULL, NULL),
('103087', 'V14259', '7500000103419675', 'RAJ MEHTA', '1-B,ASHOKA COLONY 1  BEGUM BAGH NA', 'MEERUT #2663240', NULL, 'BEGUM BAGH', '9997768845', NULL, NULL),
('103087', 'V14265', '7500000103419681', 'MAHESH PRAKASH', '283/7-A,BEGUM BAGH  NEAR KASHMIR ART PRESS NA', 'MEERUT', NULL, 'BEGUM BAGH', NULL, NULL, NULL),
('103087', '43496', '7500000103413740', 'RASHMI SHARMA', '146/2, PL SHARMA ROAD', 'MEERUT', NULL, 'PL SHARMA ROAD', '9359723855', NULL, NULL),
('103087', 'V28136', '7500000103433504', 'HARIOM SONKAR', '1268, PL SHARMA ROAD  H/O, D.D.SONKAR NA', 'NA', NULL, 'PL SHARMA ROAD', NULL, NULL, NULL),
('103087', 'V28186', '7500000103433555', 'SANJEEV KUMAR', '23, BEGUM BAGH  H/O, N. K. KAPOOR*2663282* NA', 'BEHIND DSO OFFICE MEERUT', NULL, 'BEGUM BAGH', '9756201231', NULL, NULL),
('103087', 'V28197', '7500000103433566', 'REKHA CHOPRA', '547,BEGUM BAGH  H/O, LATE R.S. CHOPRA NA', 'NA', NULL, 'BEGUM BAGH', '9760383183', NULL, NULL),
('103087', 'V28203', '7500000103433573', 'RAVI KUMAR GOEL', '1254, BEGUM BAGH (T.B.NO.115)  H/O, LATE MAHENDER GOEL NA', 'MEERUT PH-2665494', NULL, 'BEGUM BAGH', '9837347453', NULL, NULL),
('103087', 'V23795', '7500000103429178', 'KANHEYA YADAV', '292, BEGUM BAGH  MERI SAHELI BUTIC WALA MAKAN 9456450008', 'MEERUT', NULL, 'BEGUM BAGH', NULL, NULL, NULL),
('103087', 'V26249', '7500000103431578', 'O.P. VASUDEVA', '836,TILAK ROAD  BEHIND DASS BHAWAN NA', 'MEERUT  2663026 5543026', NULL, 'TILAK ROAD', '9837106538', NULL, NULL),
('103087', 'V26465', '7500000103431800', 'S.C SINGHAL', '758/1,TILAK ROAD  MEERUT NA', '2663404', NULL, 'TILAK ROAD', '9358080801', NULL, NULL),
('103087', 'V26511', '7500000103431846', 'SUKHMAL CHAND JAIN', '1003,PL SHARMA ROAD  NEAR DAINIK HINDU KYC DEP 1295 9897888833', 'MEERUT', NULL, 'PL SHARMA ROAD', NULL, NULL, NULL),
('103087', 'V17694', '7500000103422946', 'JAMEEL AHMED', '40,BEGUM BAGH  MUSJID WALI GALI KYC DEP 694 9319040490', 'MEERUT', NULL, 'BEGUM BAGH', '9634896166', NULL, NULL),
('103087', 'V14315', '7500000103419723', 'SOM NATH', '182,HIRA LAL BUILDING  BEGUM BAGH PIPE JAYEGA NA', 'MEERUT  641219', NULL, 'BEGUM BAGH', NULL, NULL, NULL),
('103087', 'V31907', '7500000103437328', 'MANISH KUMAR', '32,BEGUM BAGH,MUSJID WALI GALI  BHOPAL SINGH ROAD,OPP.ZAMEER PAINTE NA', 'MEERUT (T.B.NO.7407/1)', NULL, 'BEGUM BAGH', '9837605710', NULL, NULL),
('103087', 'V16725', '7500000103421965', 'NEENA TANDON', '246 ,BEGUM BAGH  NEAR DR.S.P.SONDHI TB NO 999 NA', 'MEERUT', NULL, 'BEGUM BAGH', NULL, NULL, NULL),
('103087', 'V28242', '7500000103433612', 'K. L. GAMBHEER', '14-C, ASHOKA COLONY 11  BEGUM BAGH NA', 'MEERUT  #2663024', NULL, 'BEGUM BAGH', '9837028063', NULL, NULL),
('103087', 'V30806', '7500000103436209', 'SYAM SINGH RAWAT', '1,BEGUM BAGH  H/O,KRISHNA JEWELLERS TB NO 3873 PH=2648359', 'OPP.RADHEY CHAT WALE,MEERUT', NULL, 'BEGUM BAGH', '8126270430', NULL, NULL),
('103087', 'V26315', '7500000103431646', 'RAKESH JAIN', '87 PL SHARMA ROAD  SHIV BAKSH BUILDING KYC DEP 1248 9411666688', 'MEERUT', NULL, 'PL SHARMA ROAD', NULL, NULL, NULL),
('103087', 'V26331', '7500000103431663', 'B.K TIRKHA', '32, BEGUM BAGH  MASJID WALI GALI NA', 'MEERUT', NULL, 'BEGUM BAGH', NULL, NULL, NULL),
('103087', 'V2207', '7500000103427423', 'MANJEET BHATIA', '54/3,GOPAL VATIKA PIPE JAYEGA  OPP METRO TAILOR WALI GALI NA', 'PL SHARMA ROAD, AFTER 2:00 PM', NULL, 'PL SHARMA ROAD', NULL, NULL, NULL),
('103087', '42693', '7500000103412937', 'SEEMA CHOUHAN', '100, MOTAL WALI GALI  BEGUM BAGH MINI LAND SCHOOL WALI GALI', 'MEERUT', NULL, 'BEGUM BAGH', '9258590973', NULL, NULL),
('103087', 'V16507', '7500000103421740', 'KAPIL KUMAR JAIN', '1332, BEGUM BAGH  NEAR POLICE CHOWKI NA', 'MEERUT PHONE-2663548', NULL, 'BEGUM BAGH', '9358401269', NULL, NULL),
('103087', 'V1652', '7500000103421754', 'GOPAL ARORA', 'B-1 FIRST FLOOR  BEGUM BRIDGE ROAD BEGUM BAGH', 'MEERUT', NULL, 'BEGUM BAGH', '6395252660', NULL, NULL),
('103087', 'V18945', '7500000103424219', 'MADHURI', '283/8, BEGUM BAGH  H/O, GOPAL NARAYAN TB 4431', 'MEERUT PH-2646284 TB NO0 4431', NULL, 'BEGUM BAGH', NULL, NULL, NULL),
('103087', '44528', '7500000103414772', 'SARVAN', '288 PL SHARMA ROAD  KHATIKAN', 'MEERUT', NULL, 'PL SHARMA ROAD', '8218884934', NULL, NULL),
('103087', '44531', '7500000103414775', 'SANJAY KUMAR', '112 BEGUM BAGH  DURGA MANDIR WALI GALI', 'MEERUT', NULL, 'BEGUM BAGH', '9837283303', NULL, NULL),
('103087', 'V32546', '7500000103437976', 'S.C.GUPTA', '1004,P.L.SHARMA ROAD  MEERUT (T.B.NO.3285) NA', 'PHONE-3290472', NULL, 'PL SHARMA ROAD', '9897039830', NULL, NULL),
('103087', 'V32584', '7500000103438014', 'PUSHPA DEVI MAHESHWARI', '289,BEGUM BAGH  BEHIND ASHOKA ACADEMY NA', 'MEERUT. PH-2663229', NULL, 'BEGUM BAGH', '8171541226', NULL, NULL),
('103087', 'V28879', '7500000103434259', 'RAM NARAYAN KHANNA', 'A-5, MDA FLATS  BEGUM BAGH TB NO 146 NA', 'MEERUT PH-PNF', NULL, 'BEGUM BAGH', NULL, NULL, NULL),
('103087', 'V31172', '7500000103436580', 'SHARDA RANI', '71-B,ASHOKA COLONY 11 *663004*-  H/O, LATE B.D.MEHTA *9897975701* NA', 'NA', NULL, 'BEGUM BAGH', '9837117700', NULL, NULL),
('103087', '42711', '7500000103412955', 'GUNJAN BHARDWAJ', '6, TAJ BUILDING  BEGUM BAGH', 'MEERUT', NULL, 'BEGUM BAGH', '8958111101', NULL, NULL),
('103087', 'V18955', '7500000103424229', 'RADHEY SHYAM', '103 BEGUM BAGH  NEAR MANDIR DAIRY WALE NA', 'MEERUT TB NO 1168', NULL, 'BEGUM BAGH', '9219193095', NULL, NULL),
('103087', '46360', '7500000103416604', 'SUSHIL KUMAR', '235/4 BEGUM BAGH', 'MEERUT', NULL, 'BEGUM BAGH', NULL, NULL, NULL),
('103087', 'V16948', '7500000103422192', 'SUNITA RANI', '327/1,CHOTA BEGUM BAGH  KASHMIR ART WALI GALI NA', 'MEERUT', NULL, 'BEGUM BAGH', '9719671097', NULL, NULL),
('103087', 'V30968', '7500000103436371', 'ANAND PRAKASH', '293 PL SHARMA ROAD  HEERA LAL BUILDING KHATIKAN MOHALLA', '9358432290', NULL, 'BEGUM BAGH', NULL, NULL, NULL),
('103087', 'V30976', '7500000103436379', 'SANJAY GARG', '103, AKASH DEEP COMPLEX  PL SHARMA ROAD MEERUT', 'PH 9456202804', NULL, 'PL SHARMA ROAD', '7533930033', NULL, NULL),
('103087', 'V30980', '7500000103436383', 'MANOJ KUMAR', 'BHOPAL SINGH NURSING HOME  BEGUM BAGH PIPE JAYEGA NA', 'MEERUT 2640309 (T.B.N.2956/1)', NULL, 'BEGUM BAGH', '9557374245', NULL, NULL),
('103087', 'V19823', '7500000103425115', 'CHAMAN LAL', '1293, BEGUM BAGH  BEHIND POLICE CHOWKI NA', 'MEERUT TB NO 2384', NULL, 'BEGUM BAGH', '9557614619', NULL, NULL),
('103087', 'V19838', '7500000103425130', 'RAKESH KUMAR SHARMA', '283/5, BEGUM BAGH  NEAR KASHMIR ART PRESS KYC DEP 1043 01212665266', 'MEERUT', NULL, 'BEGUM BAGH', '9634880880', NULL, NULL),
('103087', 'V19846', '7500000103425139', 'VEERMATI', '251, BEGUM BAGH  NEAR POLICE CHOWKI NA', 'NA', NULL, 'BEGUM BAGH', '8630106251', NULL, NULL),
('103087', '43712', '7500000103413956', 'KAMLA MEHTA', 'W/O, LATE LEKHRAJ  623/6B ASHOKA COLONY BEGUM BAGH', 'MEERUT', NULL, 'BEGUM BAGH', '9359344114', NULL, NULL),
('103087', '44685', '7500000103414929', 'ANUJ GUPTA', '343-A, BEGUM BAGH  NEAR UPPER INDIA DAIRY TOTE WALA MAKAN', 'MEERUT', NULL, 'BEGUM BAGH', '9897143747', NULL, NULL),
('103087', 'V10729', '7500000103417666', 'YATEESH PAL SINGH', '885-C,TILAK ROAD  NEAR DR. CHATTARJEE NA', 'NA', NULL, 'TILAK ROAD', '9837144934', NULL, NULL),
('103087', 'V10851', '7500000103417715', 'AMBRESH CHAND MATHUR', '19,TILAK ROAD PH-9412662401  BINDIA BUITY PARLOUR KI GALI NA', 'MEERUT', NULL, 'TILAK ROAD', NULL, NULL, NULL),
('103087', 'V10940', '7500000103417755', 'RAJEEV KUMAR', 'E-3 MDA COLONEY BEGUM BAGH  MEERUT NA', 'NA', NULL, 'BEGUM BAGH', '9837782368', NULL, NULL),
('103087', 'V32325', '7500000103437753', 'RAJ KUMAR SAXENA', '555,FIRST FLORE,BEGUM BAGH  NEAR LITTLE STEPS SCHOOL WALI GALI MEERUT', 'PH-9412433444', NULL, 'BEGUM BAGH', NULL, NULL, NULL),
('103087', 'V17414', '7500000103422665', 'PRADEEP KUMAR', '292, CHOTA BEGUM BAGH  MANDIR WALI GALI (T.B.NO.697) NA', 'MEERUT PHONE-2665271', NULL, 'BEGUM BAGH', NULL, NULL, NULL),
('103087', 'V17424', '7500000103422675', 'RAKESH KUMAR', '826,TILAK ROAD  H/O, HAR SWAROOP NA', 'MEERUT 663664', NULL, 'TILAK ROAD', '9837258789', NULL, NULL),
('103087', '44697', '7500000103414941', 'MAHENDRA SINGH', '218 BEGUM BAGH  FIRST FLOOR', 'MEERUT', NULL, 'BEGUM BAGH', '8979852080', NULL, NULL),
('103087', '44711', '7500000103414955', 'SWATANTRA RASTOGI', '101 HARI PRIYA APPARTMANT  OPP GEETA ASHARAM TILAK ROAD', 'MEERUT', NULL, 'TILAK ROAD', NULL, NULL, NULL),
('103087', '45614', '7500000103415858', 'DAYA KAPOOR', '105 PL SHARMA ROAD  PL SHARMA ROAD NA', 'MEERUT 665043', NULL, 'PL SHARMA ROAD', NULL, NULL, NULL),
('103087', 'V22841', '7500000103428210', 'AMIT KUMAR', '387,BEGUM BAGH  NEAR,KASMIR ART PRESS NA', 'MEERUT PH-691218 TB NO 966', NULL, 'BEGUM BAGH', '7409684868', NULL, NULL),
('103087', 'V22846', '7500000103428215', 'KAILASH CHAND VIJAY', '159,BEGUM BAGH  VIKAS BHAWAN KYC DEP 303 9359810881', 'MEERUT', NULL, 'BEGUM BAGH', '9359810881', NULL, NULL),
('103087', 'V22879', '7500000103428248', 'USHA DEVI', '283/7-A,BEGUM BAGH  KASHMIR ART PRESS WALI GALI NA', 'MEERUT PH-9837335334', NULL, 'BEGUM BAGH', '9927471879', NULL, NULL),
('103087', 'V23366', '7500000103428741', 'HUSNBANO', '346,BEGUM BAGH  H/O,IMAMAD KHAN MUSJID COMPOUND', 'MEERUT TB NO 4594', NULL, 'BEGUM BAGH', '9690601212', NULL, NULL),
('103087', 'V14002A', '7500000103419500', 'RAM GOPAL', 'GOPAL MARKET  UPPER INDIA DAIRY NA', 'PL SHARMA ROAD, MEERUT', NULL, 'PL SHARMA ROAD', NULL, NULL, NULL),
('103087', 'V21398', '7500000103426728', 'ANIL KUMAR', '558, BEGUM BAGH  NEAR NARI NIKETAN NA', 'MEERUT TB NO 2034', NULL, 'BEGUM BAGH', '8954831583', NULL, NULL),
('103087', 'V17206', '7500000103422453', 'SURESH KUMAR', '58, CHAKKI WALI GALI  H/O, LALA RAM 3094408 NA', 'BEGUM BAGH MEERUT PH.2666743', NULL, 'BEGUM BAGH', NULL, NULL, NULL),
('103087', 'V17214', '7500000103422462', 'DAVENDRA KUMAR', '380/2,UTTAM VATIKA  ASORA HOUSE NA', 'MEERUT PH-2652401', NULL, 'BEGUM BAGH', '9412830290', NULL, NULL),
('103087', 'V17236', '7500000103422483', 'NARENDRA KUMAR SHARMA', '582, P.L. SHARMA ROAD  NEAR SHIVAM PLAZA KYC DEP 675 9634066918', 'MEERUT', NULL, 'PL SHARMA ROAD', NULL, NULL, NULL),
('103087', 'V17462', '7500000103422713', 'ARVIND DAIRY', 'PL SHARMA ROAD  MEERUT NA', 'NA', NULL, 'PL SHARMA ROAD', NULL, NULL, NULL),
('103087', 'V19729', '7500000103425019', 'DINESH KUMAR', '198, BEGUM BAGH  RAVI BAND WALI GALI KYC DEP 1189 9927392549', 'MEERUT PH.2650208', NULL, 'BEGUM BAGH', '9927392549', NULL, NULL),
('103087', '46502', '7500000103416746', 'SALRA VERMA', '235/2,BEGUM BAGH  MEERUT PH-9412631794 NA', 'NA', NULL, 'BEGUM BAGH', '9927530864', NULL, NULL),
('103087', 'V21411', '7500000103426742', 'ARCHANA AGARWAL', '159, P.L. SHARMA ROAD  OPP. SATYAM PLAZA NA', 'MEERUT PH-9897416260', NULL, 'PL SHARMA ROAD', NULL, NULL, NULL),
('103087', 'V23745', '7500000103429127', 'ANUJ SHARMA', '127,PL SHARMA ROAD  NEAR UPPER INDIA DAIRY NA', 'MEERUT.PHONE-2641765', NULL, 'PL SHARMA ROAD', '9412209500', NULL, NULL),
('103087', 'V1952', '7500000103424804', 'ASHOK KUMAR JAIN', '43/1, GOPAL VATIKA...  P.L SHARMA ROAD KYC DEP 1220 9837122265', 'MEERUT', NULL, 'PL SHARMA ROAD', NULL, NULL, NULL),
('103087', 'V21766', '7500000103427111', 'USHA', '229,BEGUM BAGH  MANDIR WALI GALI NA', 'NA', NULL, 'BEGUM BAGH', '8958910235', NULL, NULL),
('103087', 'V32659', '7500000103438089', 'ASHA SHRIVASTAVA', '1309,HEERA LAL BUILDING  BEGUM BAGH KYC DEP 900 9811760332', 'MEERUT PH-*2661932*', NULL, 'TILAK ROAD', NULL, NULL, NULL),
('103087', 'V11591', '7500000103418068', 'RITA BALA', '51/52, BEGUM BAGH  NEAR MASJID WALI GALI TB NO 2342 NA', 'MEERUT PH-9897426674 H. DEL', NULL, 'BEGUM BAGH', NULL, NULL, NULL),
('103087', 'V11592', '7500000103418069', 'ASHOK KUMAR', '287, BEGUM BAGH  PL SHARMA ROAD TB 10087', 'MEERUT #2611511', NULL, 'BEGUM BAGH', '9837078285', NULL, NULL),
('103087', 'V26210', '7500000103431539', 'G.S. MITTAL', '1089/2, BEGUM BAGH  MEERUT NA', 'NA', NULL, 'BEGUM BAGH', NULL, NULL, NULL),
('103087', 'V21619', '7500000103426960', 'OM PRAKASH', '901,BEGUM BAGH  NEAR POLICE CHOWKI NA', 'MEERUT', NULL, 'BEGUM BAGH', '9634279669', NULL, NULL),
('103087', 'V23958', '7500000103429241', 'BIMLA', '243,CHOTA BEGUM BAGH  NEAR SETH WOOL WALE NA', 'MEERUT H. DEL', NULL, 'BEGUM BAGH', '8791808577', NULL, NULL),
('103087', 'V20005', '7500000103425302', 'PRAMOD KUMAR', '174, CHANDRA VILLA WINNERS   PUBLIC SCHOOL PL SHARMA  ROAD', 'MEERUT', NULL, 'PL SHARMA ROAD', NULL, NULL, NULL),
('103087', 'V30231', '7500000103435621', 'BANJUL BADIL', 'H/O, SURESH CHAND  18, TILAK ROAD NA', 'MEERUT 2663179  TWO CON.', NULL, 'TILAK ROAD', '9837072156', NULL, NULL),
('103087', '43424', '7500000103413668', 'DUSHYANT KUMAR', '322-A, BEGUM BAGH', 'MEERUT', NULL, 'BEGUM BAGH', '9720170579', NULL, NULL),
('103087', '43446', '7500000103413690', 'S.K.RASTOGI', '830, TILAK ROAD  S.K, ROHATGI', 'MEERUT', NULL, 'TILAK ROAD', '9627004658', NULL, NULL),
('103087', '43550', '7500000103413794', 'RISHABH KUMAR JAIN', 'T-3, 3RD FLOOR  RADHA KRISHNA APPARTMANT OPP, BHOPAL HOSPITAL', 'BEGUM BAGH ,MEERUT', NULL, 'BEGUM BAGH', '9634695185', NULL, NULL),
('103087', '43567', '7500000103413811', 'ARUN KUMAR', '549, BEGUM BAGH', 'MEERUT', NULL, 'BEGUM BAGH', '9412205814', NULL, NULL),
('103087', '43596', '7500000103413840', 'KRISHNA DEV TYAGI', '1316, HIRA LAL BUILDING  BEGUM BAGH NA', 'MEERUT PH*668338*', NULL, 'BEGUM BAGH', '9917149486', NULL, NULL),
('103087', 'V29965', '7500000103435350', 'RAKESH JAIN (P.N.B WALE)', '18, PL SHARMA ROAD  OPP. SHALEN HOTAL VIP BY SIR', 'MEERUT', NULL, 'PL SHARMA ROAD', '8171960171', NULL, NULL),
('103087', 'V31592', '7500000103437007', 'RAJESH ADAV', '177, BEGUM BAGH  BAND WALI GALI NEEAR MANDIR NA', 'NA', NULL, 'BEGUM BAGH', '9456838801', NULL, NULL),
('103087', 'V18335', '7500000103423599', 'MANOJ', '480, BEGUM BAGH  MADHURI BUILDING KYC DEP 903 9897260387', 'MEERUT 9897260387', NULL, 'BEGUM BAGH', '9897260387', NULL, NULL),
('103087', 'V18341', '7500000103423605', 'MAHENDER', '118, BEGUM BAGH  CHAKKI WALI GALI KYC DEP 692 9758825850', 'MEERUT', NULL, 'BEGUM BAGH', NULL, NULL, NULL),
('103087', 'V34241', '7500000103439689', 'VED PARKASH', '59,TILAK ROAD OPP GEETA MANDER  MEERUT. NA', '655820', NULL, 'TILAK ROAD', '9927530935', NULL, NULL),
('103087', 'V34275', '7500000103439723', 'SURESH CHAND', '262,P.L.SHARMA ROAD  *9997352175*  OPP.BEGUM BAGH POLICE CHOWKI NA', 'OPP.MUKUL SINGHAL,MEERUT.', NULL, 'PL SHARMA ROAD', NULL, NULL, NULL),
('103087', 'V20394', '7500000103425698', 'SHASHI GROVER', '10/4, SHIV KUNJ  CHAKBANDI ROAD BEGUM BAGH', 'MEERUT PH-2640311', NULL, 'BEGUM BAGH', '9917549287', NULL, NULL),
('103087', 'V22456', '7500000103427819', 'MANOHAL LAL', '683, BEGUM BAGH  NEAR MDA BUILDIND NA', 'MEERUT PH-2648381', NULL, 'BEGUM BAGH', '8650753867', NULL, NULL),
('103087', 'V31394', '7500000103436806', 'PARVEEN KUMAR', '203/1,PL SHARMA ROAD  OPP HIRA LAL BUILDING NA', 'MEERUT # 2641748 TB NO 55/1', NULL, 'PL SHARMA ROAD', NULL, NULL, NULL),
('103087', 'V16155', '7500000103421382', 'UTPAL CHATARJI', '650/A, TILAK ROAD  MEERUT KYC DEP 1074  9917729769', 'MEERUT', NULL, 'TILAK ROAD', '8979782801', NULL, NULL),
('103087', 'V16205', '7500000103421434', 'KULDEEP SINGH', '316 PL SHARMA ROAD  NEAR HIRA LAL BUILDING NA', 'MEERUT', NULL, 'PL SHARMA ROAD', '9837379281', NULL, NULL),
('103087', 'V20290', '7500000103425594', 'SHARU AGARWAL', '759 TILAK ROAD  TILAK ROAD NA', 'MEERUT  (T.B.NO.7420/1)', NULL, 'BEGUM BAGH', NULL, NULL, NULL),
('103087', 'V34070', '7500000103439515', 'MUKESH AGERWAL', '729, GEETA BHAWAN  PL SHARMA ROAD (T.B.NO.353/1) NA', 'MEERUT*640235*', NULL, 'PL SHARMA ROAD', '9897063235', NULL, NULL),
('103087', 'V35779', '7500000103441265', 'KANCHAN SINGHAL', 'T-2, BHOPAL SINGH NURSING HOME  B.BRIDGE MEERUT NA', 'NA', NULL, 'BEGUM BAGH', '9760962822', NULL, NULL),
('103087', 'V34313', '7500000103439761', 'RAJENDER KUMAR', '568/9, BEGUM BAGH  MEERUT PH= 9897662297 NA', 'BEHIND GURDWARA', NULL, 'BEGUM BAGH', NULL, NULL, NULL),
('103087', 'V34321', '7500000103439770', 'RAJAT KUMAR CHORASIYA', 'SHOP NO 9, SHIVAM PLAZA  PL SHARMA ROAD MEERUT NA', 'NA', NULL, 'PL SHARMA ROAD', NULL, NULL, NULL),
('103087', 'V35952', '7500000103441444', 'SUBASH CHAND', '102/53, BEGUM BAGH  NEAR DURGA MANDIR,CHAKKI WALI GALI NA', 'MEERUT.PH-*2664216* TB 400', NULL, 'BEGUM BAGH', NULL, NULL, NULL),
('103087', 'V35964', '7500000103441456', 'ALKA JAIN', '370, BEGUM BAGH  OPP. UCO BANK PL SHARMA ROAD', 'MERUT TB NO 693', NULL, 'BEGUM BAGH', '9457170644', NULL, NULL),
('103087', 'V35985', '7500000103441478', 'AJAY KUMAR JAIN', '170/4 BHAVYA LOK  PL SHARMA ROAD MEERUT NA', 'NA', NULL, 'PL SHARMA ROAD', NULL, NULL, NULL),
('103087', 'V35995', '7500000103441488', 'RAJEEV TYAGI', 'A-8,M.D.A.FLATS   OPP.GURDWARA BEGUM BAGH', 'MEERUT', NULL, 'BEGUM BAGH', '9412472769', NULL, NULL),
('103087', 'V25312', '7500000103430623', 'R.K BAJAJ', '114/1, BAJAJ BUILDING  CHAKKI WALI GALI,BEGAM BAGH NA', 'MEERUT PH.2663566', NULL, 'BEGUM BAGH', NULL, NULL, NULL),
('103087', 'V25320', '7500000103430631', 'MURLI DHAR GORALA', '46,BEGUM BAGH TB NO 2944  NEAR MASJID WALI GALI NA', 'MEERUT 665602', NULL, 'BEGUM BAGH', NULL, NULL, NULL),
('103087', 'V25366', '7500000103430677', 'DINESH CHAND GARG', '559,BEGUM BAGH  SHANKAR KUTIR NA', 'MEERUT 663300', NULL, 'BEGUM BAGH', NULL, NULL, NULL),
('103087', 'V25404', '7500000103430716', 'GOPAL KISHAN', '4, RAMA KUTEER  TILAK ROAD PH--9358438055', 'MEERUT (T.B.NO.3728/1)', NULL, 'TILAK ROAD', NULL, NULL, NULL),
('103087', 'V25420', '7500000103430732', 'V.L. BINDRA', '27,TILAK ROAD  BEHIND DSO OFFICE KYC DEP 627', 'MEERUT', NULL, 'TILAK ROAD', '8755090020', NULL, NULL),
('103087', 'V5809', '7500000103442548', 'RISHI KUMAR', '758, TILAK ROAD  NEAR KARTIK HAWAN NA', 'MEERUT 2644509', NULL, 'TILAK ROAD', '9927014201', NULL, NULL),
('103087', 'V35596', '7500000103441078', 'JAHID AHMED', '665, MUSJID COMP.  BEGUM BAGH MEERUT NA', 'NA', NULL, 'BEGUM BAGH', NULL, NULL, NULL),
('103087', 'V35627', '7500000103441110', 'SAVITA AGERWAL', '116,BEGUM BAGH  AHUJA DAIRY WALI GALI MEERUT', 'PH--9917010088', NULL, 'BEGUM BAGH', NULL, NULL, NULL),
('103087', 'V35795', '7500000103441281', 'BINESH', '1147/12,P.L.SHARMA ROAD  H/O MAHA SINGH(ADVT.) NEAR UPPER INDIA DAIRY', 'OPP.GOPAL MARKET', NULL, 'PL SHARMA ROAD', NULL, NULL, NULL),
('103087', 'V35836', '7500000103441323', 'BALBIR SINGH', '84 , BEGUM BAGH  MANDIR WALI GALI NEAR SHIV MANDIR NA', 'MEERUT', NULL, 'BEGUM BAGH', '8791808590', NULL, NULL),
('103087', 'V35871', '7500000103441358', 'NIDHI JAIN', '170, PL SHARMA ROAD MEERUT  OPP. NEENA ELECTRIC NA', 'PH-2641917 TB NO 49', NULL, 'PL SHARMA ROAD', NULL, NULL, NULL),
('103087', 'V7048', '7500000103442959', 'SANT LAL', '267, PL SHARMA ROAD  NEAR KANNOJIA DRY CLEANERS NA', 'MEERUT 2647145 (T.B.NO.4642', NULL, 'PL SHARMA ROAD', NULL, NULL, NULL),
('103087', 'V7061', '7500000103442963', 'NAND LAL', '463, BEGUM BAGH  NEAR RAMA NIVAS NA', 'MEERUT', NULL, 'BEGUM BAGH', NULL, NULL, NULL),
('103087', 'V7112', '7500000103442972', 'CHANDRA VASUDEVA', '836, TILAK ROAD  BEHIND DAS BHAWAN NA', 'MEERUT 5543026', NULL, 'TILAK ROAD', '9897489824', NULL, NULL),
('103087', 'V36004', '7500000103441499', 'RAJ BALA RATHI', '244, P.L.SHARMA ROAD,LAST HOUSE  ASORA HOUSE,OPP.GOPAL MARKET NA', 'MEERUT PH-*2662329', NULL, 'BEGUM BAGH', NULL, NULL, NULL),
('103087', 'V36008', '7500000103441503', 'AVNISH SHARMA', '121 PL SHARMA ROAD  MEERUT NA', '(T.B.NO.4500/1)', NULL, 'PL SHARMA ROAD', '8791578262', NULL, NULL),
('103087', 'V7827', '7500000103443183', 'B.K DAS', 'DASS BHAWAN  TILAK ROAD NA', 'MEERUT *663066* TB NO 435', NULL, 'TILAK ROAD', NULL, NULL, NULL),
('103087', 'V7942', '7500000103443238', 'BIJENDER SINGH', '364,PL SHARMA ROAD  UPPER INDIA WALI GALI NA', 'PHONE-2663052  MEERUT.', NULL, 'PL SHARMA ROAD', '9457478933', NULL, NULL),
('103087', 'V8012', '7500000103443265', 'RAJENDER KUMAR GOEL', '1125, BEGUM BAGH  UPPER INDIA DAIRY NA', 'MEERUT PH-2663979', NULL, 'BEGUM BAGH', NULL, NULL, NULL),
('103087', 'V27260', '7500000103432602', 'PREM KISHAN KAPOOR', '134, RAM KUTEER  TILAK ROAD NA', 'MEERUT 2663932', NULL, 'TILAK ROAD', NULL, NULL, NULL),
('103087', 'V17722', '7500000103422975', 'JAMEEL KHAN', '654,BEGUM BAGH  MUSJID COUMPOUND KYC DEP 637 9719564751', 'MEERUT', NULL, 'BEGUM BAGH', '9719564751', NULL, NULL),
('103087', 'V17761', '7500000103423015', 'RADHA DEVI', '109,BEGAM BAGH  CHAKKI WALI GALI TB NO 2009 NA', 'MEERUT, # 2651120 9897154519', NULL, 'BEGUM BAGH', '8057327447', NULL, NULL),
('103087', 'V35658', '7500000103441142', 'FIROJ BEGUM', '664/3, BEGUM BAGH  MUSJID COMPOUND KYC DEP 608 9368389130', 'MEERUT.', NULL, 'BEGUM BAGH', '9368389130', NULL, NULL),
('103087', 'V6268', '7500000103442708', 'SHAMMI CHIBBAR', '34, BEGUM BAGH  MUSJID WALI GALI NA', 'MEERUT PH-2663275', NULL, 'BEGUM BAGH', '9719695777', NULL, NULL),
('103087', 'V6284', '7500000103442714', 'PUNIT KUMAR', 'AVANTIKA  133 PL SHARMA ROAD NEAR SAGAR COMPLEX', 'MEERUT 2665280', NULL, 'PL SHARMA ROAD', NULL, NULL, NULL),
('103087', 'V6499', '7500000103442777', 'SUSHIL KUMAR GUPTA', '2-A,ASHOKA COLONY 1  BEGUM BAGH *9897072130* NA', 'MEERUT #2652855  NOC', NULL, 'BEGUM BAGH', NULL, NULL, NULL),
('103087', 'V6564', '7500000103442805', 'RAJKUMAR JAIN', '359,CHOTA BEGUM BAGH  NEAR KASHMIR ART PRESS NA', 'MEERUT', NULL, 'BEGUM BAGH', '9760317617', NULL, NULL),
('103087', 'V7338', '7500000103443038', 'PREM PAL SINGH', '1309, HIRA LAL BUILDING  BEGUM BAGH KYC DEP 1055 9412578685', 'MEERUT', NULL, 'BEGUM BAGH', '7895600997', NULL, NULL),
('103087', 'V30034', '7500000103435420', 'ASHOK KUMAR', 'H/O, KISHOR LAL  50/1,BEGUM BAGH TWO CON. NA', 'MUSJID WALI GALI MEERUT', NULL, 'BEGUM BAGH', NULL, NULL, NULL),
('103087', 'V17837', '7500000103423091', 'BISHAN DUTT PANDAY', '50,BEGUM BAGH,MUSJID WALI GALI  H/O,HARI DUTT PANDAY NEAR NEW MODEL SCHOOL', 'MEERUT PH--9837289801', NULL, 'BEGUM BAGH', NULL, NULL, NULL),
('103087', 'V6591', '7500000103442813', 'BABU RAM', '259/360, CHOTA BEGUM BAGH  NEAR KASHMIR ART PRESS TB 7517', 'MEERUT', NULL, 'BEGUM BAGH', NULL, NULL, NULL),
('103087', 'V6608', '7500000103442821', 'YOGENDRA KUMAR GUPTA', '208, BEGUM BAGH  MOTOR WALI GALI KYC DEP 8859321887', 'MEERUT', NULL, 'BEGUM BAGH', NULL, NULL, NULL),
('103087', 'V6616', '7500000103442823', 'P.L YADAV', '294-A, PL SHARMA ROAD  NEAR DR. PRABHAT AGARWAL NA', 'MEERUT PH-2661942 TB 3827', NULL, 'PL SHARMA ROAD', NULL, NULL, NULL),
('103087', 'V31655', '7500000103437071', 'SOHAN LAL,H/O,BHAGWAN DASS', '880,BEGUM BAGH  BEHIND R.K.ACKADEMY NA', 'MEERUT H. DEL', NULL, 'BEGUM BAGH', NULL, NULL, NULL),
('103087', 'V31710', '7500000103437128', 'VIDHYA BHUSHAN', '536, BEGUM BAGH  NEAR NARINIKETAN WALI GALI NA', 'MEERUT', NULL, 'BEGUM BAGH', '9897989470', NULL, NULL),
('103087', 'V31718', '7500000103437136', 'RAJEEV KUMAR GARG', '24,PL SHARMA ROAD (T.B.NO.1236)  H/O,OM PRAKASH (GARG REWRI WALE) NA', 'NA', NULL, 'PL SHARMA ROAD', '9917555802', NULL, NULL),
('103087', 'V31727', '7500000103437145', 'RISHI KALIKA', '179,HIRA LAL BUILDING  BEGUM BAGH*4000830* NA', 'MEERUT  9219502991', NULL, 'BEGUM BAGH', '8755691590', NULL, NULL),
('103087', 'V33461', '7500000103438901', 'RAHUL SAIN', '1003, PL SHARMA ROAD  HONDA MOTERS SE AGE  MRT TWO CON. NA', '9897740023 TB NO 754/1', NULL, 'PL SHARMA ROAD', NULL, NULL, NULL),
('103087', 'V20088', '7500000103425388', 'ARVIND', '728,P.L.SHARMA ROAD  NEAR SARDAR BANDOOK WALE NA', 'MEERUT.PH-2650802', NULL, 'PL SHARMA ROAD', NULL, NULL, NULL),
('103087', 'V20130', '7500000103425431', 'CHANDRA PRAKASH', '8,BEGUM BAGH  MUSJID WALI GALI KYC DEP 883 9837242200', 'MEERUT 2649747', NULL, 'BEGUM BAGH', NULL, NULL, NULL),
('103087', 'V20132', '7500000103425433', 'VINAY VERMA', '6/3 ,BEGUM BAGH  MUSJID WALI GALI KYC DEP 1435 9286138458', 'MEERUT', NULL, 'BEGUM BAGH', NULL, NULL, NULL),
('103087', 'V22133', '7500000103427489', 'FIRAZ ALAM', '654/D  ,BEGUM BAGH  MUSJID KE ANDER PH--9410607095', 'MEERUT TB NO 3941/1', NULL, 'BEGUM BAGH', '7830128910', NULL, NULL),
('103087', 'V16288', '7500000103421519', 'K.K SINGHAL', 'LABOUR OFFICE COMPOUND  BEGUM BRIDGE ROAD NA', 'MEERUT PHONE-2664334', NULL, 'BEGUM BAGH', '9897107531', NULL, NULL),
('103087', 'V33539', '7500000103438979', 'ANUJ GOYAL', '74/1, TILAK ROAD  MEERUT PH-9412705257 NA', 'NA', NULL, 'TILAK ROAD', NULL, NULL, NULL),
('103087', 'V25154', '7500000103430464', 'DR. BRIJ BHUSHAN', '685, BEGUM BAGH  A. I. I. M. S. R. KYC DEP 1275 2645462', 'MEERUT', NULL, 'BEGUM BAGH', NULL, NULL, NULL),
('103087', 'V25157', '7500000103430467', 'SANJAY GOEL', '685, BEGUM BAGH  A. I. I. M. S. R. KYC DEP 1315 2645461', 'MEERUT', NULL, 'BEGUM BAGH', NULL, NULL, NULL),
('103087', 'V18376', '7500000103423640', 'KISWAR JAHAN', '664,BEGUM BAGH  W/O,HASSIB KHAN (T.B.NO.24/1) KYC DEP 203 9319714680', 'MEERUT', NULL, 'BEGUM BAGH', NULL, NULL, NULL),
('103087', 'V18401', '7500000103423666', 'INDU KUMARI', '26,TILAK ROAD  H/O, DR. S. KUMAR NA', 'MEERUT PHONE-2663192   NOC', NULL, 'TILAK ROAD', NULL, NULL, NULL),
('103087', 'V1844', '7500000103423705', 'VIRENDRA KUMAR GUPTA', '209, BEGUM BAGH  NEAR MOTOR WALI GALI STOP NA', 'MEERUT 643216 (T.B.NO.4134/1)', NULL, 'BEGUM BAGH', '9997513948', NULL, NULL),
('103087', 'V20401', '7500000103425706', 'MURTI DEVI', '1395, PL SHARMA ROAD NEAR NALA  H/O, AMRISH KUMAR KYC DEP 243 9286165898', 'KHATIK MOHALLA MEERUT', NULL, 'PL SHARMA ROAD', NULL, NULL, NULL),
('103087', 'V20409', '7500000103425714', 'PRAVEEN RATHI', '263, ASORA HOUSE  BEGUM BAGH NA', 'MEERUT 2656024', NULL, 'BEGUM BAGH', NULL, NULL, NULL),
('103087', 'V20417', '7500000103425722', 'ANITA', '235/4, BEGUM BAGH  H/O AVDESH KUMAR MEERUT', 'PHONE-2649019', NULL, 'BEGUM BAGH', '9897019798', NULL, NULL),
('103087', 'V33335', '7500000103438775', 'GAURAV', '3/66 TILAK ROAD,GEETA COLONY  GITA ASHRAM CHANDRA WALE NA', 'MEERUT 641612 TB NO 1037', NULL, 'TILAK ROAD', '9897810011', NULL, NULL),
('103087', 'V33361', '7500000103438801', 'MADAN LAL', '382/1, PL SHARMA ROAD  KYC DEP 128 8755686403 NA', 'MEERUT', NULL, 'PL SHARMA ROAD', '8755686403', NULL, NULL),
('103087', 'V35398', '7500000103440872', 'AMIT MITTAL', 'S/O N.H.MITTAL  43,BEGAM BAGH,MUSJID WALI GALI NA', 'MEERUT.PH-2646310', NULL, 'BEGUM BAGH', NULL, NULL, NULL),
('103087', 'V4725', '7500000103442288', 'ANIL KUMAR SHARMA', '538, MANGAT RAI BUILDING  BEGUM BAGH NA', 'MEERUT 3201419', NULL, 'BEGUM BAGH', '9997228426', NULL, NULL),
('103087', 'V4741', '7500000103442293', 'LEELA WATI', '15-C, ASHOKA COLONY-2  BEGUM BAGH KYC DEP 292 9319072610', 'MEERUT', NULL, 'BEGUM BAGH', NULL, NULL, NULL),
('103087', 'V4742', '7500000103442294', 'ASHA RANI', '51, BEGUM BAGH  NEAR DR. S.P. GUPTA NA', 'MEERUT', NULL, 'BEGUM BAGH', '9927530935', NULL, NULL),
('103087', 'V33702', '7500000103439143', 'VED PRAKASH', '283/6B,BEGUM BAGH  H/O PROMPT TAILOR NA', 'MEERUT', NULL, 'BEGUM BAGH', '9568278223', NULL, NULL),
('103087', 'V36097', '7500000103441592', 'SANJAY KUMAR', '470/1, BEGUM BAGH  MEERUT NA', 'NA', NULL, 'BEGUM BAGH', '8449507777', NULL, NULL),
('103087', 'V8185', '7500000103443333', 'PUSHPA MAHENDRA', '569, TILAK ROAD  MEERUT PH-5520015 NA', '(T.B.NO.2693/1)', NULL, 'TILAK ROAD', NULL, NULL, NULL),
('103087', 'V8237', '7500000103443349', 'SUDHA JAIN', '43/1,GOPAL VATIKA  PL SHARMA ROAD,OPP METRO TAILOR NA', 'MEERUT, # 2663226', NULL, 'PL SHARMA ROAD', '2663276', NULL, NULL),
('103087', 'V8292', '7500000103443371', 'S.K JAIN', '39, TILAK ROAD  BEHIND DSO OFFICE NA', 'PHONE-2664193  MEERUT.', NULL, 'TILAK ROAD', '9837643121', NULL, NULL),
('103087', 'V8346', '7500000103443387', 'SURESH CHAND RASTOGI', '212/213, BEGUM BAGH  MOTOR WALI GALI TB NO 4770 NA', 'MEERUT PH-2666378 PIPE JAYEGA', NULL, 'BEGUM BAGH', '9411906818', NULL, NULL),
('103087', 'V36517', '7500000103442029', 'MRINAL KHERA', '202/3, BEGUM BAGH  MEERUT AFTER 3:00 PM', 'NA', NULL, 'BEGUM BAGH', NULL, NULL, NULL),
('103087', 'V4853', '7500000103442316', 'RAVINDRA SINGH', '733, LAKHPAT SINGH QUATERS  BEGUM BAGH NA', 'MEERUT *6450738*', NULL, 'BEGUM BAGH', NULL, NULL, NULL),
('103087', 'V4903', '7500000103442332', 'JITENDRA KUMAR JAIN', '444, PL SHARMA ROAD  OPP. SHALIN HOTEL NA', 'NEAR KING BACKERY MEERUT.', NULL, 'PL SHARMA ROAD', '9997060654', NULL, NULL);
INSERT INTO `3112191234_import_consumers_sample_bkp` (`DIST_CODE`, `CONS_NO`, `CONS_ID`, `CONS_NAME`, `ADDRESS`, `CONS_CITY`, `STATUS`, `AREA_NAME`, `MOBILE`, `RUBBER_TUBE_INSP_DATE`, `MANDATORY_CHECK_DATE`) VALUES
('103087', 'V5011', '7500000103442359', 'ANIL KUMAR MONGA', '678/3, BEGUM BAGH  MEERUT NA', 'NA', NULL, 'BEGUM BAGH', NULL, NULL, NULL),
('103087', 'V5012', '7500000103442360', 'VINOD KUMAR MONGA', '678/3, BEGUM BAGH  MEERUT (T.B.NO.4350/1) NA', '9897423097', NULL, 'BEGUM BAGH', NULL, NULL, NULL),
('103087', 'V5064', '7500000103442377', 'ATUL CHANDRA VASHYA', '3/66, GEETA COLONY  TILAK ROAD NA', 'MEERUT 641612', NULL, 'TILAK ROAD', '9897500211', NULL, NULL),
('103087', 'V5174', '7500000103442396', 'A.K. GAUTAM', '1129, PL SHARMA ROAD  NEAR UPPER INDIA DAIRY NA', 'PHONE-2643051    MEERUT.', NULL, 'PL SHARMA ROAD', '9258063312', NULL, NULL),
('103087', 'V518', '7500000103442397', 'OM PRAKASH KAPOOR', '30, BEGUM BAGH  MASJID WALI GALI NA', 'MEERUT 2663012', NULL, 'BEGUM BAGH', '9058291889', NULL, NULL),
('103087', 'V33745', '7500000103439186', 'ROHIT NIJHWAN', '619-A, BEGUM BAGH  OPP.SHIV MANDIR\\ NA', 'NA', NULL, 'BEGUM BAGH', '9837779695', NULL, NULL),
('103087', 'V35544', '7500000103441024', 'VIMAL KUMAR', '82, BEGUM BAGH  RAVI BAND WALI GALI NA', 'MEERUT*9259038114*', NULL, 'BEGUM BAGH', NULL, NULL, NULL),
('103087', 'V22666', '7500000103428033', 'PAWAN', '91, BEGUM BAGH  MANDIR WALI GALI KYC DEP 1080 8273424410', 'MEERUT', NULL, 'BEGUM BAGH', NULL, NULL, NULL),
('103087', 'V36555', '7500000103442069', 'SUBHASH CHAND', '201, CHOTA BEGUM BAGH  KAYA KALP WALA MAKAN 9719051548', 'MEERUT', NULL, 'BEGUM BAGH', NULL, NULL, NULL),
('103087', 'V31497', '7500000103436910', 'MRS. RUCHI SINGH', 'F-7, MDA FLATE   BEGUM BAGH', 'MEERUT', NULL, 'BEGUM BAGH', '9756704784', NULL, NULL),
('103087', 'V5852', '7500000103442560', 'HARANDRA SINGH BEDI', '43/1, GOPAL VATIKA  PL SHARAMA ROAD KYC DEP 36 9897974807', 'MEERUT', NULL, 'PL SHARMA ROAD', '9719555119', NULL, NULL),
('103087', 'V5913', '7500000103442578', 'RAM AVTAR GUPTA', '3/206, BEGUM BAGH  MOTOR WALI GALI H DEL NA', 'MEERUT 666229 TB NO 3592', NULL, 'BEGUM BAGH', NULL, NULL, NULL),
('103087', 'V6060', '7500000103442633', 'JAGMOHAN', '619-B, BEGUM BAGH  OPP ISAI WALI GALI NA', 'MEERUT 2648738', NULL, 'BEGUM BAGH', NULL, NULL, NULL),
('103087', 'V6072', '7500000103442639', 'PRAHLAD ROY', '129/2, BEGUM BAGH  CHAKKI WALI GALI NA', 'MEERUT PNF 2649255', NULL, 'BEGUM BAGH', NULL, NULL, NULL),
('103087', 'V33903', '7500000103439345', 'SUNITA RANI', '233,BEGUM BAGH  NEAR SHIV MASSLE WALE NA', 'MEERUT PHONE2439233', NULL, 'BEGUM BAGH', NULL, NULL, NULL),
('103087', 'V33916', '7500000103439358', 'BIMAL KUMAR', '59, TILAK ROAD  OPP. HINDU PRESS NA', 'MEERUT 640883', NULL, 'TILAK ROAD', NULL, NULL, NULL),
('103087', 'V33985', '7500000103439429', 'PRAKASH RASTOGI', '10-B,KUCHESER HOUSE  BEGUM BAGH NA', 'MEERUT', NULL, 'BEGUM BAGH', NULL, NULL, NULL),
('103087', 'V34209', '7500000103439656', 'SUMAN SHARMA', '121, GOPAL MARKET  PL SHARMA ROAD MEERUT NA', '2657023', NULL, 'PL SHARMA ROAD', '9927036112', NULL, NULL),
('103087', 'V35906', '7500000103441396', 'ATUL TYAGI', '582, PL SHARMA ROAD  OPP.NAVEEN MASALE WALE,MEERUT PH--3264744', '(T.B.NO.840/2)', NULL, 'PL SHARMA ROAD', NULL, NULL, NULL),
('103087', 'V6103', '7500000103442647', 'SHYAM AVTAR GUPTA', '206, BEGUM BAGH  MOTOR WALI GALI NA', 'MEERUT PH-*2663432*', NULL, 'BEGUM BAGH', NULL, NULL, NULL),
('103087', 'V6109', '7500000103442650', 'RADHA SHARMA', '222/223, BEGUM BAGH  MOTOR WALI GALI TB NO 3379 NA', 'MEERUT   PHONE-2648587', NULL, 'BEGUM BAGH', NULL, NULL, NULL),
('103087', 'V6113', '7500000103442652', 'ANIL KUMAR', '1285, BEGUM BAGH  HIRA LAL BUILDING NA', 'MEERUT  2643701 TB NO 2118', NULL, 'BEGUM BAGH', '9837340181', NULL, NULL),
('103087', 'V6125', '7500000103442657', 'CHAIL RAM YADAV', '1309, CHOTA LAL BHAWAN  BEGUM BAGH  2651387 TB-5802 NA', 'NA', NULL, 'BEGUM BAGH', '9997800792', NULL, NULL),
('103087', 'V6165', '7500000103442670', 'Y.R KHANNA', '562, TILAK ROAD  MEERUT #663685 KYC DEP 881 9412471481', 'MEERUT', NULL, 'TILAK ROAD', '9412471481', NULL, NULL),
('103087', 'V6186', '7500000103442677', 'J.P VERMA', '154, BEGUM BAGH  MANDIR WALI GALI NA', 'MEERUT PH*9897715704*', NULL, 'BEGUM BAGH', NULL, NULL, NULL),
('103087', 'V35950', '7500000103441442', 'VINOD KUMAR KAPOOR', 'G-8,M.D.A. FLATS BEGUM BAGH  GURDWARE WALI GALI NA', 'MEERUT.PH-9837216723', NULL, 'BEGUM BAGH', '9837216723', NULL, NULL),
('103087', 'V7592', '7500000103443096', 'R.K RISHI', '179,BEGUM BAGH *4000830*  M/S, MAD-MAN APPREAL NA', 'HIRA LAL BUILDING, MEERUT', NULL, 'BEGUM BAGH', '9997393325', NULL, NULL),
('103087', 'V7667', '7500000103443120', 'RAJENDRA SINGH', '1149, BEGUM BAGH  NEAR RAJENDER DAIRY NA', 'MEERUT 644377', NULL, 'BEGUM BAGH', '9368379141', NULL, NULL),
('103087', 'V7709', '7500000103443137', 'S.K.GARG', '175,BHOPAL SINGH MARG  BEFORE KASHMIR ART PRESS(RAGHUNATH) BEGUM BAGH', 'MEERUT', NULL, 'BEGUM BAGH', NULL, NULL, NULL),
('103087', 'V8113', '7500000103443308', 'VED PRAKASH', '180,BEGUM BAGH  NEAR RAVI BAND 9412096538 NA', 'NA', NULL, 'BEGUM BAGH', NULL, NULL, NULL),
('103087', 'V8132', '7500000103443313', 'ASHOK KUMAR', '683,BEGUM BAGH,BEFORE 11:00AM  DR GANDHI WALI GALI NA', 'MEERUT TB NO 2244', NULL, 'BEGUM BAGH', NULL, NULL, NULL),
('103087', 'V27322', '7500000103432665', 'VED PRAKASH GUPTA', '343/A, BEGUM BAGH  (ADVOCATE) NA', 'MEERUT 2663249', NULL, 'BEGUM BAGH', NULL, NULL, NULL),
('103087', 'V27325', '7500000103432668', 'DR. M.C. GUPTA', '343,BEGUM BAGH  MEERUT NA', 'NA', NULL, 'BEGUM BAGH', NULL, NULL, NULL),
('103087', 'V27346', '7500000103432689', 'JAWAHAR LAL VIJ', '546, BEGUM BAGH  NEAR GOPAL SINGH DAIRY KYC DEP 1128 9837663055', 'MEERUT', NULL, 'BEGUM BAGH', '9837663055', NULL, NULL),
('103087', 'V27353', '7500000103432696', 'HAR BANSH LAL', '11-B, ASHOKA COLONY 2  BEGUM BAGH PIPE JAYEGA NA', 'MEERUT PH.2663688', NULL, 'BEGUM BAGH', '9368888360', NULL, NULL),
('103087', 'V6735', '7500000103442866', 'KULDEEP SINGH', '2/D,ASHOKA COLONYIOO.DURGA MANDIR  BEGUM BAGH PH--2641371 ,9557896900', 'MEERUT', NULL, 'BEGUM BAGH', '9557896900', NULL, NULL),
('103087', 'V6906', '7500000103442920', 'JAI BHAGWAN', '1285,HIRA LAL BUILDING  BEGUM BAGH KYC DEP 1023 9837340181', 'MEERUT', NULL, 'BEGUM BAGH', NULL, NULL, NULL),
('103087', 'V7800', '7500000103443172', 'VINEETA AGARWAL', '1127,PL SHARMA ROAD  NEAR UPPER INDIA DAIRY NA', 'MEERUT 2640773', NULL, 'PL SHARMA ROAD', '9837362985', NULL, NULL),
('103087', 'V7824', '7500000103443181', 'SATYA PRAKASH AGARWAL', '1127, PL SHARMA ROAD  NANDAN BHAWAN NA', 'MEERUT', NULL, 'PL SHARMA ROAD', '9837800644', NULL, NULL),
('103087', 'V18148', '7500000103423409', 'SHASHI AGRWAL', 'H/O, ARVIND AGARWAL  76, BEGUM BAGH 9412864405 NA', 'NA', NULL, 'BEGUM BAGH', NULL, NULL, NULL),
('103087', 'V18152', '7500000103423413', 'RAJEEV KUMAR AGARWAL', '76, BEGUM BAGH  EASAI WALI GALI TB NO-1521/1 NA', 'NEAR SHIV MANDIR MEERUT', NULL, 'BEGUM BAGH', NULL, NULL, NULL),
('103087', 'V20165', '7500000103425467', 'VIMLA', '274,PL SHARMA ROAD  NEAR KANOJYA DRYCLEAN NA', 'MEERUT TB NO 1654', NULL, 'PL SHARMA ROAD', NULL, NULL, NULL),
('103087', 'V33601', '7500000103439041', 'ASHOK CHAND', 'A-1, MDA APARTMANT  BEGUM BAGH NA', 'MEERUT 640379', NULL, 'BEGUM BAGH', '9412202391', NULL, NULL),
('103087', 'V33160', '7500000103438597', 'J.P.KAPOOR', '778, TOLAK ROAD  BIDIYA BEAUTY PARLOR WALI GALI KYC DEP 1516 9897022259', 'MEERUT', NULL, 'TILAK ROAD', '9897022259', NULL, NULL),
('103087', 'V33161', '7500000103438598', 'SANTOSH CHOPRA', '778, TILAK ROAD (T.B.NO,.1857/1_)  BINDYA BEAUTY PARLOR WALI GALI KYC DEP 1306 2640602', 'MEERUT PH-2640602', NULL, 'TILAK ROAD', '8171109509', NULL, NULL),
('103087', 'V33171', '7500000103438610', 'PARDEEP KUMAR', '289,BEGUM BAGH  KHATIC MOHALLA MEERUT NA', 'NA', NULL, 'BEGUM BAGH', '9410035946', NULL, NULL),
('103087', 'V33375', '7500000103438815', 'NARENDER KUMAR', '145, PL SHARMA ROAD   KYC DEP 656 9837784784', 'MEERUT', NULL, 'PL SHARMA ROAD', '9837784784', NULL, NULL),
('103087', 'V35415', '7500000103440891', 'KARUNA AGERWAL', '40, BEGUM BAGH  MUSJID WALI GALI MEERUT NA', 'H.DEL', NULL, 'BEGUM BAGH', NULL, NULL, NULL),
('103087', 'V25285', '7500000103430596', 'S.P BAJAJ', '114/1, BAJAJ BUILDING  BEGUM BAGH,CHAKKI WALI GALI, KYC DEP 724  9837070865', 'MEERUT', NULL, 'BEGUM BAGH', '9837070865', NULL, NULL),
('103087', 'V35209', '7500000103440680', 'ANJALI JAIN', '728/2, PL SHARMA ROAD  MEERUT KYC DEP 1017 9927089896', 'MEERUT', NULL, 'PL SHARMA ROAD', '9927089895', NULL, NULL),
('103087', 'V35224', '7500000103440695', 'S.C.AHUJA', '592 TILAK ROAD  MEERUT 2691390* NA', 'NA', NULL, 'TILAK ROAD', NULL, NULL, NULL),
('103087', 'V35301', '7500000103440774', 'BHAGWAN SINGH RAWAT', '13, TILAK ROAD  H/O DR. V.PURI,NEAR BINDIYA  BEAUTY PARLOR,MEERUT.', '(T.B.NO.3386/1) PH--9412629208', NULL, 'TILAK ROAD', '8126566158', NULL, NULL),
('103087', 'V35463', '7500000103440942', 'RAJEEV SHARMA', '173, PL SHARMA ROAD  MEERUT NA', 'NA', NULL, 'PL SHARMA ROAD', NULL, NULL, NULL),
('103087', 'V35475', '7500000103440954', 'NITA SINGH', '64, BEGUM BAGH *2649322*  OPP. NEW STYLE TAILOR NA', 'H/O, PAWAN KUMAR MEERUT TB NO', NULL, 'BEGUM BAGH', NULL, NULL, NULL),
('103087', 'V35492', '7500000103440970', 'SARLA GOEL', '3-F TILAK ROAD TILAK PALACE  MEERUT NA', 'PH-2651046', NULL, 'TILAK ROAD', '9219613855', NULL, NULL),
('103087', 'V5258', '7500000103442412', 'RAJKUMAR', '901/2,HIRALAL BUILDING  BEGUM BAGH KYC DEP 818 9319609119', 'MEERUT', NULL, 'BEGUM BAGH', '9319609119', NULL, NULL),
('103087', 'V5410', '7500000103442438', 'RAJENDRA KUMAR', '306, PL SHARMA ROAD  NEAR JONES BOOT HOUSE NA', 'MEERUT  TB NO 3681', NULL, 'PL SHARMA ROAD', '9358899693', NULL, NULL),
('103087', 'V27154', '7500000103432496', 'A.D SETH', '316, BEGUM BAGH  MANDIR WALI GALI NA', 'MEERUT', NULL, 'BEGUM BAGH', '8654900100', NULL, NULL),
('103087', 'V27162', '7500000103432504', 'SURENDRA KUMAR', '13, MUSJID WALI GALI  BEGUM BAGH NA', 'MEERUT 649497', NULL, 'BEGUM BAGH', '9634343157', NULL, NULL),
('103087', 'V27171', '7500000103432513', 'C.L KHANNA', '562, TILAK ROAD  BEHIND DSO OFFICE KYC DEP 699 9818955974', 'MEERUT', NULL, 'TILAK ROAD', '9456655305', NULL, NULL),
('103087', 'V36454', '7500000103441965', 'DHARAM CHAND TEZWANI', '72/4, BEGUM BAGH  TILAK ROAD NA', '(T.B.NO.6271/1)', NULL, 'BEGUM BAGH', '9897289273', NULL, NULL),
('103087', 'V3979', '7500000103442136', 'R.S RAJPOOT', '898, PL SHARMA ROAD  NEAR D.S.P KOTHI & POLICE CHOKI NA', 'NA', NULL, 'PL SHARMA ROAD', '9719999922', NULL, NULL),
('103087', 'V4490', '7500000103442218', 'MAHESH CHAND', '2/1, DR. BHOPAL SINGH MARG  BEGUM BAGH,NEAR DY. MAYOR HOUSE NA', 'MEERUT,2663124', NULL, 'BEGUM BAGH', NULL, NULL, NULL),
('103087', 'V4563', '7500000103442244', 'VIJAY MEHRA', '1027,TILAK ROAD   GEETA COLONY KYC DEP 641 9358401516', 'MEERUT', NULL, 'TILAK ROAD', NULL, NULL, NULL),
('103087', 'V4573', '7500000103442246', 'DALEAR SINGH', '385, CHOTA BEGUM BAGH  NEAR KASHMIR ART PRESS KYC DEP 871 9997690561', 'MEERUT', NULL, 'BEGUM BAGH', '9997690561', NULL, NULL),
('103087', 'V26845', '7500000103432183', 'ANIL KUMAR', '336,BEGUM BAGH  H/O,OM PRAKASH NA', 'MEERUT 1860', NULL, 'BEGUM BAGH', NULL, NULL, NULL),
('103087', 'V27184', '7500000103432526', 'SURENDRA TYAGI', '164, PL SHARMA ROAD  PL SHARMA ROAD NA', 'MEERUT 663000', NULL, 'PL SHARMA ROAD', '9412203111', NULL, NULL),
('103087', 'CX16672484', '7000000019157045', 'SAEEDA . .', '488B BEGUM BAGH  MUSJID COMPOUND . BEGUM BAGH', 'MEERUT', NULL, 'BEGUM BAGH', '9897241186', NULL, NULL),
('103087', '43666', '7500000103413910', 'RAMDEV', '. SERVENT ROOM  KOTHI NO.50 CDA ARMY MALL ROAD .', 'MEERUT', NULL, 'BEGUM BAGH', NULL, NULL, NULL),
('103087', 'V36348', '7500000103441851', 'VINOD BALA JAIN', '292, PL SHARMA ROAD   PH-9760015671', 'MEERUT', NULL, 'PL SHARMA ROAD', '9760015671', NULL, NULL),
('103087', 'V36354', '7500000103441857', 'NARENDER PAL', '13, BEGUM BAGH  MEERUT NA', 'NA', NULL, 'BEGUM BAGH', NULL, NULL, NULL),
('103087', 'V36356', '7500000103441859', 'SAVITA', 'SARITA      549,B BEGUM BAGH  NEAR GOPAL DAIRY MEERUT', 'NA', NULL, 'BEGUM BAGH', NULL, NULL, NULL),
('103087', 'V9274', '7500000103443786', 'G.P CHAUDHARY', '188, BHOPAL SINGH ROAD  BEGUM BAGH NA', 'MEERUT 2666585', NULL, 'BEGUM BAGH', '9634486634', NULL, NULL),
('103087', 'V9327', '7500000103443799', 'RAJEEV NATH RASTOGI', '829, TILAK ROAD  MEERUT NA', '2663418', NULL, 'TILAK ROAD', '9319090522', NULL, NULL),
('103087', 'V36129', '7500000103441624', 'RAVINDER KUMAR', '210, PL SHARMA ROAD MEERUT  OPP.HIRA LAL BUILDING H/O BOBI NA', 'MEERUT TB NO-2112/1', NULL, 'PL SHARMA ROAD', NULL, NULL, NULL),
('103087', 'V36166', '7500000103441662', 'INDERJEET KUMAR', '61/1,HAKBANDI ROAD  OPP.TRANSFARMER PH--9319090606', 'MEERUT', NULL, 'BEGUM BAGH', '9319090606', NULL, NULL),
('103087', 'V8491', '7500000103443467', 'NEETA ASRANI', '200,BEGUM BAGH  3EAR KASHMIR ART PRESS NA', 'MEERUT #2664425', NULL, 'BEGUM BAGH', '9319958819', NULL, NULL),
('103087', 'V8668', '7500000103443559', 'K. LAL', '116, BEGUM BAGH  CHAKKI WALI GALI KYC DEP 9759148066', 'MEERUT', NULL, 'BEGUM BAGH', NULL, NULL, NULL),
('103087', 'V8731', '7500000103443585', 'A.K RASTOGI', '562/5,TILAK ROAD  BEHIND NARI NIKETAN NA', 'MEERUT TB NO 3723 *2663855*', NULL, 'TILAK ROAD', '9927381664', NULL, NULL),
('103087', 'V33071', '7500000103438505', 'AMIT KHANNA', 'A-5,M.D.A. COLONY  MEERUT TB NO 4208 NA', 'PHONE-2653581', NULL, 'BEGUM BAGH', '9897780777', NULL, NULL),
('103087', 'V33079', '7500000103438513', 'VED PRAKASH', '283/7A, BEGUM BAGH  9837154993 NEAR KASHMEER ART PRESS NA', 'MEERUT', NULL, 'BEGUM BAGH', NULL, NULL, NULL),
('103087', 'V33135', '7500000103438572', 'SHASHI KUMAR', '283/5, BEGUM BAGH  MEERUT NA', '2664172 TB2199', NULL, 'BEGUM BAGH', NULL, NULL, NULL),
('103087', 'V34778', '7500000103440239', 'VEENA SACHDEVA', '23, TILAK ROAD  BEHIND OLD DSO OFFICE KYC DEP 318 2662518', 'MEERUT', NULL, 'TILAK ROAD', NULL, NULL, NULL),
('103087', 'V36366', '7500000103441869', 'SANJEEV GUPTA', '729/4, GEETA COLONY  TILAK ROAD MEERUT NA', 'NA', NULL, 'BEGUM BAGH', NULL, NULL, NULL),
('103087', 'V36377', '7500000103441880', 'LALIT SHARMA', 'S-1, TILAK PALACE  TILAK ROAD,NEAR GEETA ASHRAM NA', 'MEERUT.PH-*9319736631*', NULL, 'BEGUM BAGH', '9319736631', NULL, NULL),
('103087', 'V36385', '7500000103441889', 'ANUBHAV LUTHRA', '263, BEGUM BAGH  MEERUT NA', 'MEERUT', NULL, 'BEGUM BAGH', NULL, NULL, NULL),
('103087', 'V36410', '7500000103441918', 'TAJENDER SINGH', '193, BEGUM BAGH  MEERUT NA', 'NA', NULL, 'BEGUM BAGH', '9897039015', NULL, NULL),
('103087', 'V36430', '7500000103441938', 'VINOD KUMAR', '433, BEGUM BAGH  OPP,SHIV MANDIR NA', 'NA', NULL, 'BEGUM BAGH', '9897330565', NULL, NULL),
('103087', 'V9645', '7500000103443902', 'VIJAY LAL', '675, BEGUM BAGH  NEAR DR. S.R GANDHI NA', 'MEERUT', NULL, 'BEGUM BAGH', '9719116238', NULL, NULL),
('103087', 'V9797', '7500000103443940', 'SUDHIR KUMAR AGARWAL', '1285/3,HIRA LAL BUILDING  NEAR KANCHAN COACHING KYC DEP 726 9997646446', 'MEERUT', NULL, 'PL SHARMA ROAD', NULL, NULL, NULL),
('103087', 'V9808', '7500000103443943', 'ASHOK KUMAR CHAUDHARY', '227-A, HIRA LAL BUILDING  BEGUM BAGH NA', 'MEERUT  (T.B.NO.6769/1)', NULL, 'BEGUM BAGH', '9456482060', NULL, NULL),
('103087', 'V36220', '7500000103441719', 'J.M.MESSI', '133, BEGUM BAGH  ISAI WALI GALI NA', 'MEERUT  #2646804', NULL, 'BEGUM BAGH', NULL, NULL, NULL),
('103087', 'V9006', '7500000103443683', 'KRISHNA LAL', '15/2, CHAKBANDI ROAD  BEGUM BAGH  NA', 'MEERUT', NULL, 'BEGUM BAGH', '9358400722', NULL, NULL),
('103087', 'V9057', '7500000103443705', 'S.K SHARMA', '283/5, BEGUM BAGH  NEAR KASHMIR ART PRESS KYC DEP 1213 9412471939', 'MEERUT', NULL, 'BEGUM BAGH', NULL, NULL, NULL),
('103087', 'V32951', '7500000103438383', 'SOHAN LAL', '159,VISHAL BHAVAN  OPP.SATYAM PLAZA 2665174 NA', 'P.L.SHARMA ROAD MEERUT', NULL, 'PL SHARMA ROAD', NULL, NULL, NULL),
('103087', 'V34678', '7500000103440138', 'JITENDER SINGH', '1131,P.L.SHARMA ROAD  NEAR UPPER INDIA DAIRY KYC DEP 1485 9897060709', 'MEERUT. 2691277 TB NO 3626', NULL, 'PL SHARMA ROAD', NULL, NULL, NULL),
('103087', 'V34498', '7500000103439953', 'P.L.SHARMA', '178 CHOTA BEGUM BAGH   NA', 'MEERUT', NULL, 'BEGUM BAGH', NULL, NULL, NULL),
('103087', 'V34502', '7500000103439958', 'SANTOSH KUMARI', '1278, BEGUM BAGH  HEERA LAL BUILDING NA', 'MEERUT PH=*2642361*', NULL, 'BEGUM BAGH', '9927057516', NULL, NULL),
('103087', 'V36102', '7500000103441597', 'RAKESH KUMAR SHARMA', '278,CHOTA BEGUM BAGH  MEERUT (T.B.NO.1525 NA', '5544279  25544270 PIPE JAYEGA', NULL, 'BEGUM BAGH', NULL, NULL, NULL),
('103087', 'V34772', '7500000103440233', 'A.K.MAURYA', 'D-7, MDA FLATE  BEGUM BAGH PH--9412106927', 'MEERUT 9412580441', NULL, 'BEGUM BAGH', '9412106927', NULL, NULL),
('103087', 'V36307', '7500000103441806', 'SURENDER MOHAN SINGH', '199, BEGUM BAGH  MANDIR WALI GALI MEERUT NA', 'NA', NULL, 'BEGUM BAGH', NULL, NULL, NULL),
('103087', 'V36323', '7500000103441822', 'MANOJ BALI', '51, BEGUM BAGH  MUSID WALI GALI MEERYT', 'MEERUT', NULL, 'BEGUM BAGH', '9897107457', NULL, NULL),
('103087', 'V36333', '7500000103441834', 'NARESH VIZ', '786, TILAK ROAD  NEAR PARIVARTAN BEAUTY PARLOR NA', 'MRT.PH-*3256904*', NULL, 'BEGUM BAGH', NULL, NULL, NULL),
('103087', 'V36334', '7500000103441835', 'GHANSHAYAM DAS', '51,BEGUM BAGH  NEAR DURGA MANDIR OPP.ASHOKA COLONY', 'MEERUT.PH--9897937073', NULL, 'BEGUM BAGH', '9897657734', NULL, NULL),
('103087', '7048806760', '7000000048806760', 'ANU . JAIN', '719/2 P L SHARMA ROAD  . . .', 'MEERUT', NULL, 'PL SHARMA ROAD', '9837681722', NULL, NULL),
('103087', 'V13455', '7500000103419149', 'GYAN PRAKASH SHARMA', '1083 KANSAL VATIKA BEGUM BAGH  . . . BEGUM BAGH', 'MEERUT', NULL, 'BEGUM BAGH', NULL, NULL, NULL),
('103087', 'CX9385035', '7500000097893040', 'SHARAD AGARWAL S/O S.C.AGARWAL', '289 PL SHARMA ROAD  BEGUM BAGH . BEGUM BAGH', 'MEERUT', NULL, 'PL SHARMA ROAD', '8864967775', NULL, NULL),
('103087', 'CX13140104', '7000000016282624', 'VINIT . .', '1304 BEGUM BAGH  PL SHARMA ROAD . PL SHARMA ROAD', 'MEERUT', NULL, 'BEGUM BAGH', '8439669409', NULL, NULL),
('103087', 'CX26935753', '7000000027459968', 'NISHA . BISHNOI', '1088 KANSAL VATIKA  P L SHARMA ROAD . .', 'MEERUT', NULL, 'PL SHARMA ROAD', '9359911733', NULL, NULL),
('103087', 'V27054', '7500000103432395', 'PREM LATA C/OSHYAM KUMAR', '1/A ASHOKA COLONY  BEGUM BAGH . .', 'MEERUT', NULL, 'BEGUM BAGH', '9557331969', NULL, NULL),
('103087', 'V14936', '7500000103420264', 'PREM PRAKASH MITTAL', '107/1 RAMA  KISHAN COLONY  TILAK ROAFD . .', 'MEERUT', NULL, 'TILAK ROAD', '9897661669', NULL, NULL),
('103087', 'CX9511505', '7000000013761390', 'ROHAN . AGARWAL', '71 MANGLAM  TILAK ROAD BEGAM BAGH', 'MEERUT', NULL, 'TILAK ROAD', '8755952222', NULL, NULL),
('103087', 'CX16737068', '7000000019205501', 'ASHOK . WILSON', '1082/1 KANSAL VATIKA  PL SHARMA ROAD . PL SHARMA ROAD', 'MEERUT', NULL, 'PL SHARMA ROAD', '9012231502', NULL, NULL),
('103087', 'CX16735841', '7000000019204597', 'SHALOO . RAJVANSHI', '181 BEGUM BAGH  MOTAR WALI GALI . BEGUM BAGH', 'MEERUT', NULL, 'BEGUM BAGH', '9837772607', NULL, NULL),
('103087', 'CX20354931', '7500000103413810', 'SANDHYA GUPTA', '. GOPAL VATIKA PL SHARMA ROAD  . . . .', 'MEERUT', NULL, 'PL SHARMA ROAD', '9927003234', NULL, NULL),
('103087', 'CX16736081', '7000000019204785', 'PRABHAT . AGARWAL', '. LUXMI NIWAS PL SHARMA ROAD  . PL SHARMA ROAD . PL SHARMA ROAD', '.', NULL, 'PL SHARMA ROAD', '9837180448', NULL, NULL),
('103087', '36987', '7500000103407231', 'RAM SURESH VERMA', '465 BEGUM BAGH  NEAR UPPER INDIA DAIRY . .', 'MEERUT', NULL, 'BEGUM BAGH', '7409054365', NULL, NULL),
('103087', '37419', '7500000103407663', 'ABHILENDRA SINGH', '64 BEGUM BAGH  NEAR SHIV MANDIR . .', 'MEERUT', NULL, 'TILAK ROAD', NULL, NULL, NULL),
('103087', 'CX13286125', '7000000016372916', 'S C BARANWAL', '728 PL SHARMA ROAD  NEAR HINDU PRESS . PL SHARMA ROAD', 'MEERUT', NULL, 'PL SHARMA ROAD', '9456202805', NULL, NULL),
('103087', 'CX30479566', '7000000030060829', 'MAANU . VERMA', '76 BEGUM BAGH  RAVI BAND WALI GALI . .', 'MEERUT', NULL, 'BEGUM BAGH', '9639733774', NULL, NULL),
('103087', 'CX20410373', '7000000022404885', 'SUNIL . SONKAR', '898 BEGUM BAGH  PL SHARMA ROAD . .', 'MEERUT', NULL, 'BEGUM BAGH', '9897493919', NULL, NULL),
('103087', 'V32974', '7500000103438406', 'SUDHA JAIN', '588/61 TILAK ROAD  BEGUM BAGH . .', 'MEERUT', NULL, 'TILAK ROAD', '8393030240', NULL, NULL),
('103087', 'CX20410533', '7000000022405045', 'YASHVIR . SINGH', '100 BEGUM BAGH  BHOPAL SINGH ROAD . .', 'MEERUT', NULL, 'BEGUM BAGH', '9837110559', NULL, NULL),
('103087', 'CX5981624', '7000000010862087', 'BANTI . KUMAR', '287 PL SHARMA ROAD  . . MRT', 'MEERUT', NULL, 'PL SHARMA ROAD', '8755675735', NULL, NULL),
('103087', 'CX19954854', '7000000022018550', 'KUNTAL . SINGH', '116 SHIV BUX SINGH BUILDING P L SHA  . . . BEGUM BAGH.', '.', NULL, 'BEGUM BAGH', '9897416283', NULL, NULL),
('103087', '39800', '7500000103410044', 'MUNIR KHA S/O MUSTALIM', '664 BEGUM BAGH  . . .', 'MEERUT', NULL, 'BEGUM BAGH', '9410861964', NULL, NULL),
('103087', '41101', '7500000103411345', 'GITANJALI DEVI', '84/6 TILAK ROAD  . . .', 'MEERUT', NULL, 'TILAK ROAD', '9410483234', NULL, NULL),
('103087', 'V15714', '7500000103420972', 'HAR DEV SINGH', '232 BEGUM BAGH  . . .', 'MEERUT', NULL, 'BEGUM BAGH', '8859009259', NULL, NULL),
('103087', 'V19999', '7500000103425296', 'RAVI', '38 TILAK ROAD  . . .', 'MEERUT', NULL, 'TILAK ROAD', '9997548701', NULL, NULL),
('103087', 'CX7450728', '7000000012173908', 'ABHIRAJ . SINGH', '343 BEGAM BAGH P.L SHARMA ROAD  . . BEGUM BAGH', 'MEERUT', NULL, 'BEGUM BAGH', '9719807241', NULL, NULL),
('103087', 'CX27215546', '7000000027671168', 'SUDHIR . JAIN', '731 P L SHARMA ROAD  SATISH KUNJ . .', 'MEERUT', NULL, 'PL SHARMA ROAD', '9837072617', NULL, NULL),
('103087', 'V36237', '7500000103441735', 'KAMAL JEET', '315 CHOTA BEGUM BAGH  . . BEGUM BAGH', 'MEERUT', NULL, 'BEGUM BAGH', '9897831101', NULL, NULL),
('103087', '7076261141', '7000000076261141', 'LAL BAHADUR THAPA', '81 P.L.SHARMA ROAD  BEGUM BAGH . .', 'MEERUT', NULL, 'PL SHARMA ROAD', '8755420709', NULL, NULL),
('103087', 'CX20444229', '7000000022435636', 'AVN ISH KUMAR CAROLI', '1 DR CAROLI BUILDING  CAROLI ROAD BEGUM BAGH .', 'MEERUT', NULL, 'BEGUM BAGH', '9760037077', NULL, NULL),
('103087', 'CX20445205', '7000000022436613', 'SHUBHAM . SONKAR', '172/224 BEGUM BAGH  PL SHARMA ROAD . .', 'MEERUT', NULL, 'BEGUM BAGH', '8439309495', NULL, NULL),
('103087', 'CX20457079', '7000000022447899', 'ANSHU . KAUSHIK', '199/2 P L SHARMA ROAD  BEGUM BAGH . .', 'MEERUT', NULL, 'BEGUM BAGH', '8171452424', NULL, NULL),
('103087', 'CX20514844', '7000000022504586', 'VIMLA . DEVI', '51 BHOPAL SINGH MARG  BEGUM BAGH . .', 'MEERUT', NULL, 'BEGUM BAGH', '9045118192', NULL, NULL),
('103087', 'CX20513736', '7000000022503508', 'AMIT . VERMA', '92 BEGUM BAGH  BHOPAL SINGH ROAD . .', 'MEERUT', NULL, 'BEGUM BAGH', '8171604604', NULL, NULL),
('103087', 'CX20467486', '7000000022458169', 'PRINCE . KUMAR', '236 BEGUM BAGH  . . .', 'MEERUT', NULL, 'BEGUM BAGH', '9758367894', NULL, NULL),
('103087', '7059037628', '7000000059037628', 'DEEPTI . CHAWLA', '549 BEGUM BAGH  PL SHARMA ROAD . .', 'MEERUT', NULL, 'BEGUM BAGH', '9149103062', NULL, NULL),
('103087', '7059036573', '7000000059036573', 'VISHAL . KASHYAP', '75 ISAI WALI GALI  BEGUM BAGH . .', 'MEERUT', NULL, 'BEGUM BAGH', '9675588788', NULL, NULL),
('103087', 'CX16944873', '7000000019394637', 'VIBHORE . AGRAWAL', '11 TILAK ROAD  . . TILAK ROAD', 'MEERUT', NULL, 'TILAK ROAD', '8171715000', NULL, NULL),
('103087', 'V35900', '7500000103441389', 'RAJESH SAXSENA', 'G-15 MDA COLONY  BEGUM BAGH . .', 'MEERUT', NULL, 'BEGUM BAGH', '9897058094', NULL, NULL),
('103087', 'CX17578176', '7000000019976351', 'SANJAY KUMAR JAIN', '588 TILAK ROAD .  TILAK ROAD . TILAK ROAD', 'MEERUT', NULL, 'TILAK ROAD', '9412834436', NULL, NULL),
('103087', 'CX17240858', '7000000019659847', 'RAKESH KUMAR GUPTA', '167/10 LUXMI KANT BAJPAI  NEW MOHAN PURI . .', 'MEERUT', NULL, 'BEGUM BAGH', '9412493300', NULL, NULL),
('103087', 'CX17029484', '7000000019468225', 'NORA . FRANSIS', '58/1 BEGUM BAGH  . . BEGUM BAGH', 'MEERUT', NULL, 'BEGUM BAGH', '9897654741', NULL, NULL),
('103087', 'CX19958874', '7000000022021872', 'MANSI . TANEJA', '12 RAMA KUTEER  P.L.SHARMA ROAD . .', 'MEERUT', NULL, 'TILAK ROAD', '9897989898', NULL, NULL),
('103087', '38260', '7500000103408504', 'SHAKUNTLA SHARMA', '83/94 BEGUM BAGH  RAVI BAND WALI GALI . .', 'MEERUT', NULL, 'BEGUM BAGH', '8755898188', NULL, NULL),
('103087', '46017', '7500000103416261', 'BRIJESH SINGH RANA', '129 P.L.SHARMA ROAD  NEAR UPPER INDIA DAIRY . .', 'MEERUT', NULL, 'PL SHARMA ROAD', '9897597733', NULL, NULL),
('103087', '7070838887', '7000000070838887', 'RITU . .', '283/7-A BHOPAL SINGH ROAD  CHOTTA BEGUM BAGH . .', 'MEERUT', NULL, 'BEGUM BAGH', '9997546566', NULL, NULL),
('103087', '7069959932', '7000000069959932', 'SUNITA RASTOGI . .', '137 BEGUM BAGH  AHUJA DAIRY WALI GALI . .', 'MEERUT', NULL, 'BEGUM BAGH', '9897204034', NULL, NULL),
('103087', 'CX24035547', '7000000025266582', 'AVINASH . KUMAR', '358 KHAKIKAN MOHALLA  .BEGUM BAGH . .', 'MEERUT', NULL, 'BEGUM BAGH', '8265855643', NULL, NULL),
('103087', '7054104721', '7000000054104721', 'SIDHANTH . MALHOTRA', '42 TILAK ROAD  . . .', 'MEERUT', NULL, 'TILAK ROAD', '9719994362', NULL, NULL),
('103087', '7047314909', '7000000047314909', 'VICKY . .', '341 PL SHARMA ROAD  KHATIK MOHALLA. . PL SHARMA ROAD', 'MEERUT', NULL, 'PL SHARMA ROAD', '9927266262', NULL, NULL),
('103087', '41086', '7500000103411330', 'SUNIL KUMAR', '282 CHOTTA BEGUM BAGH  . . .', 'MEERUT', NULL, 'BEGUM BAGH', NULL, NULL, NULL),
('103087', '38029', '7500000103408273', 'KRISHAN PAL SINGH', '454 BEGUM BAGH .  . . . .', 'MEERUT', NULL, 'BEGUM BAGH', '7535025780', NULL, NULL),
('103087', 'V4796', '7500000103442302', 'O.P GOYAL', '1125 BEGUM BAGH  NEAR UPPER INDIA DAIRY . .', 'MEERUT', NULL, 'BEGUM BAGH', '8171815547', NULL, NULL),
('103087', 'CX17507427', '7000000019910283', 'PRINCE . RANA', '129 P L SHARMA ROAD  . . PL SHARMA ROAD', 'MEERUT', NULL, 'PL SHARMA ROAD', NULL, NULL, NULL),
('103087', 'CX17040543', '7000000019477610', 'HEMANT . .', '289 BEGUM BAGH  PL SHARMA ROAD . BEGUM BAGH', 'MEERUT', NULL, 'BEGUM BAGH', '8864967775', NULL, NULL),
('103087', 'CX17038757', '7000000019476005', 'SANGEETA . .', '99 BEGUM BAGH  . . BEGUM BAGH', 'MEERUT', NULL, 'BEGUM BAGH', '9997518998', NULL, NULL),
('103087', 'V14382', '7500000103419777', 'ASHISH TIWARI', '286/6 BEGUM BAGH  NEAR KASHMIR ART PRESS . .', 'MEERUT', NULL, 'BEGUM BAGH', '9897584246', NULL, NULL),
('103087', '7556178311', '7500000056178311', 'AS KUSHWAHA', '202 AKSHAT APPARTMENT  P L SHARMA ROAD . .', 'MEERUT', NULL, 'PL SHARMA ROAD', '9427626620', NULL, NULL),
('103087', '7066099320', '7000000066099320', 'MADHU . MATHUR', '1333 P.L.SHARMA ROAD  BEGUM BAGH . .', 'MEERUT', NULL, 'BEGUM BAGH', '9997877279', NULL, NULL),
('103087', '44727', '7500000103414971', 'MANOJ', '. VILL. MAMEPUR  GANGA NAGAR . .', 'MEERUT', NULL, 'TILAK ROAD', '9358101911', NULL, NULL),
('103087', '7030235232', '7000000030235232', 'NEEMA . SETH', '159 MANDIR WALI GALI  BEGUM BAGH . .', 'MEERUT', NULL, 'BEGUM BAGH', '9837992282', NULL, NULL),
('103087', '45886', '7500000103416130', 'ANEK JIT SINGH', '241/1 KUCHECHAR HOUSE  BEGUM BAGH . .', 'MEERUT', NULL, 'BEGUM BAGH', '9837643761', NULL, NULL),
('103087', 'CX27239284', '7000000027689805', 'VINOD KUMAR VAID', '579 TILAK ROAD  . . .', 'MEERUT', NULL, 'TILAK ROAD', '9411891555', NULL, NULL),
('103087', '42794', '7500000103413038', 'IMRAN AHMED', '12 MASJID WALI GALI  BEGUM BAGH . BEGUM BAGH', 'MEERUT', NULL, 'BEGUM BAGH', '9027389698', NULL, NULL),
('103087', '44007', '7500000103414251', 'MARYAM ABRAHAM', '238/2 OPP SHIVA CABLE WLE  BEGUM BAGH . BEGUM BAGH', 'MEERUT', NULL, 'BEGUM BAGH', '9756080859', NULL, NULL),
('103087', 'CX6528565', '7000000011339769', 'AMIT . GUPTA', '146/1 P.L.SHARMA ROAD  . .', 'MEERUT', NULL, 'PL SHARMA ROAD', '9690816780', NULL, NULL),
('103087', '7042889947', '7000000042889947', 'DAYAWATI . .', '1277 PL SHARMA ROAD  . . .', 'MEERUT', NULL, 'PL SHARMA ROAD', '9528464894', NULL, NULL),
('103087', '7046521228', '7000000046521228', 'SAMEER . VERMA', '187 BEGUM BAGH  . . .', 'MEERUT', NULL, 'BEGUM BAGH', '9897733761', NULL, NULL),
('103087', '44527', '7500000103414771', 'AJAY GOUTAM', 'G-3 MDA FLATES CHAKBANDI ROAD  BEGUM BAGH . MEERUT BEGUM BAGH', 'MEERUT', NULL, 'BEGUM BAGH', '9956295211', NULL, NULL),
('103087', 'CX6544708', '7000000011350211', 'VIBHOR . AGARWAL', '729 P.L.SHARAM ROAD  GEETA COLONY MEERUT', 'MEERUT', NULL, 'PL SHARMA ROAD', '9456662376', NULL, NULL),
('103087', 'V18149', '7500000103423410', 'NEENA AGARWAL', '8/2 TAJ BUILDING  CHAKBANDI ROAD BEGUM BAGH BEGUM BAGH', 'MEERUT', NULL, 'BEGUM BAGH', '8439004642', NULL, NULL),
('103087', 'V33210', '7500000103438649', 'ANIL PRAKASH', '1344 P L SHARMA ROAD  NEAR SHIV DAIRY OPP. UCO BANK .', 'MEERUT', NULL, 'PL SHARMA ROAD', NULL, NULL, NULL),
('103087', 'CX4477680', '7000000009527718', 'VIPIN BANSAL . .', '19/20 BEGUM BAGH VIPIN MEDICAL STOR  - NA 4', 'MEERUT', NULL, 'BEGUM BAGH', NULL, NULL, NULL),
('103087', '7091312586', '7000000091312586', 'VISHVADEEP . .', '117/1 OPP. SHIV KUNJ  CHAKBANDI ROAD BEGUM BAGH .', 'MEERUT', NULL, 'BEGUM BAGH', '9012674784', NULL, NULL),
('103087', 'CX17240918', '7000000019659907', 'SANJEEV . SONKAR', '885 PL SHARMA ROAD  . . PL SHARMA ROAD', 'MEERUT', NULL, 'BEGUM BAGH', '9675345939', NULL, NULL),
('103087', 'V19004', '7500000103424280', 'MANOJ KUMAR', '76 RAVI BAND WALI GALI  BEGUM BAGH . .', 'MEERUT', NULL, 'BEGUM BAGH', NULL, NULL, NULL),
('103087', 'CX17241748', '7000000019660820', 'CHANDNA . NEETA', '50 RAJ BHAWAN  TILAK ROAD . TILAK ROAD', 'MEERUT', NULL, 'BEGUM BAGH', NULL, NULL, NULL),
('103087', 'V33585', '7500000103439025', 'RAKESH VATWANI', '72/6 TILAK ROAD  . . .', 'MEERUT', NULL, 'TILAK ROAD', '9997224545', NULL, NULL),
('103087', 'CX17260827', '7000000019680974', 'LAKHMI . CHAND', '338 BEGUM BAGH  . . BEGUM BAGH', 'MEERUT', NULL, 'BEGUM BAGH', '9761822332', NULL, NULL),
('103087', 'CX20798176', '7000000022739244', 'NAND KISHOR LONGANI', '36 BEGUM BASH  TILAK ROAD . .', 'MEERUT', NULL, 'TILAK ROAD', '7007829265', NULL, NULL),
('103087', 'V33781', '7500000103439222', 'KAVITA GARG', '558 SHANKER BHAWAN  BEGUM BAGH . .', 'MEERUT', NULL, 'BEGUM BAGH', '9760801227', NULL, NULL),
('103087', 'CX17265788', '7000000019685980', 'NITIN . SHARMA', '210 BEGUM BAGH  . . BEGUM BAGH', 'MEERUT', NULL, 'BEGUM BAGH', '9358407603', NULL, NULL),
('103087', 'CX21162304', '7000000023071485', 'REENA . THAKUR', '97 BEGUM BAGH  . . .', 'MEERUT', NULL, 'BEGUM BAGH', '9837179131', NULL, NULL),
('103087', 'CX24299843', '7000000025465754', 'PRIYA . SINGH', '98 TILAK ROAD  DR RASTOGI BUILDING . .', 'MEERUT', NULL, 'TILAK ROAD', '9358691588', NULL, NULL),
('103087', 'CX22916844', '7000000024421721', 'VIJAY . SHARMA', '146 PL SHARMA ROAD  . . .', 'MEERUT', NULL, 'PL SHARMA ROAD', '9027210083', NULL, NULL),
('103087', '7040325560', '7000000040325560', 'DEEPTI . VERMA', '76 RAVI BAND WALI GALI  BEGUM BAGH . BEGUM BAGH', 'MEERUT', NULL, 'BEGUM BAGH', '9808622548', NULL, NULL),
('103087', '38897', '7500000103409141', 'RAJ KUMAR', '187 P L SHARMA ROAD  BHAVYA LOK . .', 'MEERUT', NULL, 'PL SHARMA ROAD', NULL, NULL, NULL),
('103087', 'CX17264456', '7000000019684624', 'ABHAY . SHARMA', '6 TILAK ROAD  BEGUM BAGH . TILAK ROAD', 'MEERUT', NULL, 'TILAK ROAD', '9837941536', NULL, NULL),
('103087', '7597895513', '7500000097895513', 'SAYRA W/O SH.MOHD.IDREESH', '159-PURWA FATEH NAGAR  SAID BEGUM WALI GALI MEERUT', 'NEAR MOBIN PARCHUNIYA', NULL, 'BEGUM BAGH', '9557404630', NULL, NULL),
('103087', 'CX17274717', '7000000019695079', 'SUCHETA . RANI', '292 CHOTA BEGUM BAGH  MANDIR WALI GALI . BEGUM BAGH', 'MEERUT', NULL, 'BEGUM BAGH', NULL, NULL, NULL),
('103087', 'CX17274647', '7000000019695000', 'VISHAL . GULATI', '728/4 PL SHARMA ROAD  NEAR HANUMAN MANDIR . PL SHARMA ROAD', 'MEERUT', NULL, 'PL SHARMA ROAD', '9319999989', NULL, NULL),
('103087', 'CX17274931', '7000000019695328', 'ROOPA . BHATIA', '608 TILAK ROAD  . . TILAK ROAD', 'MEERUT', NULL, 'TILAK ROAD', '9997500175', NULL, NULL),
('103087', 'CX17274156', '7000000019694501', 'SHARDA . RANI', '37 BEGUM BAGH  MANDIR WALI GALI . BEGUM BAGH', 'MEERUT', NULL, 'BEGUM BAGH', '9634066929', NULL, NULL),
('103087', 'CX17274928', '7000000019695325', 'HASEEB . KHAN', '664 MUSJID COMPOUND  BHOPAL SINGH ROAD BEGUM BAGH BEGUM BAGH', 'MEERUT', NULL, 'BEGUM BAGH', '7060540110', NULL, NULL),
('103087', 'V12022', '7500000103418261', 'CHANDRA BHAN', '46/1 BEGUM BAGH  AKASH GANGA KE SAMNE WALI ROAD . .', 'MEERUT', NULL, 'BEGUM BAGH', '9927194540', NULL, NULL),
('103087', '37466', '7500000103407710', 'AMIT KUMAR', '87 BEGUM BAGH  RAVI BAND WALI GALI . .', 'MEERUT', NULL, 'BEGUM BAGH', '9760896240', NULL, NULL),
('103087', 'V17723', '7500000103422976', 'SHEHJAD KHAN', '654 BEGUM BAGH  MUSJID COMPOUND . .', 'MEERUT', NULL, 'BEGUM BAGH', NULL, NULL, NULL),
('103087', '7031505981', '7000000031505981', 'KESHAV . AGARWAL', '32/1 CHAKBANDI ROAD  BEGUM BAGH . .', 'MEERUT', NULL, 'BEGUM BAGH', '8126498100', NULL, NULL),
('103087', 'V31458', '7500000103436871', 'SAMARTH,H/O,DR.S.KUMAR', '26 TILAK ROAD  . . .', 'MEERUT', NULL, 'BEGUM BAGH', '8126599288', NULL, NULL),
('103087', 'V5066', '7500000103442378', 'DAL JEET SINGH BINDRA', '98/2 THAPER NAGAR GALI NO 2  . . THAPER NAGAR', 'MEERUT', NULL, 'BEGUM BAGH', NULL, NULL, NULL),
('103087', '7076669321', '7000000076669321', 'SAHIL . VERMA', '76 BEGUM BAGH  RAVI BAND WALI GALI . .', 'MEERUT', NULL, 'BEGUM BAGH', '9917620110', NULL, NULL),
('103087', 'V30959', '7500000103436362', 'VINITA', '227/A HEERA LAL BUILDING  BEGUM BAGH . .', 'MEERUT', NULL, 'BEGUM BAGH', '9286969692', NULL, NULL),
('103087', 'CX24322044', '7000000025484919', 'ASHWANI KUMAR GARG', '73/1 BEGUM BAGH  ISAI WALI GALI . .', 'MEERUT', NULL, 'BEGUM BAGH', '9837020599', NULL, NULL),
('103087', 'V12914', '7500000103418819', 'BRAJ KISHORE', '184 BHAVYA LOK  P.L.SHARMA ROAD . .', 'MEERUT', NULL, 'PL SHARMA ROAD', '9927241416', NULL, NULL),
('103087', 'V5198', '7500000103442400', 'PREM KUMAR', '304 BEGUM BAGH  NEAR NARI NIKETAN . .', 'MEERUT', NULL, 'BEGUM BAGH', '9897755577', NULL, NULL),
('103087', '7046667619', '7000000046667619', 'KHUSHNUMA . .', '488 MUSJID COMPOUND  BHOPAL SINGH ROAD BEGUM BAGH .', 'MEERUT', NULL, 'BEGUM BAGH', '9368973075', NULL, NULL),
('103087', 'V32859', '7500000103438289', 'SANJAY KUMAR', '47 BHOPAL SINGH ROAD  BEGUM BAGH . .', 'MEERUT', NULL, 'BEGUM BAGH', '8126994645', NULL, NULL),
('103087', 'CX20925305', '7000000022842798', 'AKANSHA . PRAKASH', '269 PL SHARMA ROAD  . . .', 'MEERUT', NULL, 'BEGUM BAGH', '9634067200', NULL, NULL),
('103087', 'CX20928702', '7000000022845444', 'SANJAY . SUTRADHAR', '134 PL SHARMA ROAD  AVANTIKA BIILDING BESIDE SAGAR COMPUTX .', 'MEERUT', NULL, 'PL SHARMA ROAD', '9634326565', NULL, NULL),
('103087', 'CX20939627', '7000000022855255', 'RAHUL . KUMAR', '210 BEGUM BAGH  PL SHARMA ROAD . .', 'MEERUT', NULL, 'BEGUM BAGH', '9927530935', NULL, NULL),
('103087', 'CX20940070', '7000000022855702', 'MINTOO . .', '220 PL SHARMA ROAD  . . .', 'MEERUT', NULL, 'PL SHARMA ROAD', '8171828888', NULL, NULL),
('103087', '7100279779', '7100000000279779', 'ARPIT . PATEL', '283/6B BEGUM BAGH  . . .', 'MEERUT', NULL, 'BEGUM BAGH', '8439713430', NULL, NULL),
('103087', '7079209999', '7000000079209999', 'ANIL KUMAR BANSAL', '43/7 P.L.SHARMA ROAD  . , ,', 'MEERUT', NULL, 'PL SHARMA ROAD', '9837044545', NULL, NULL),
('103087', 'G1307', '7500000103417265', 'GAYA PRASAD CHAUDARY', '221 BEGUM BAGH  BHOPAL SINGH ROAD . .', 'MEERUT', NULL, 'BEGUM BAGH', '8126205063', NULL, NULL),
('103087', '37495', '7500000103407739', 'JASWANT KOUR', '20 BHOPAL MARG  MASJID WALI GALI BEGUM BAGH .', 'MEERUT', NULL, 'BEGUM BAGH', NULL, NULL, NULL),
('103087', 'CX10320585', '7000000014363611', 'ANKUR . GUPTA', '132 P L SHARMA ROAD  . MEERUT', 'MEERUT', NULL, 'PL SHARMA ROAD', '9997002665', NULL, NULL),
('103087', 'CX24476643', '7000000025592675', 'KAPIL . DEV', '203 2ND FLOOR  AKSHAT APPARTMENT BEGUM BAGH .', 'MEERUT', NULL, 'BEGUM BAGH', '9456420791', NULL, NULL),
('103087', '7087991220', '7000000087991220', 'RAJNI . GUPTA', '100 BEGUM BAGH  MOTOR WALI GALI . .', 'MEERUT', NULL, 'BEGUM BAGH', '9557729775', NULL, NULL),
('103087', 'CX10387045', '7000000014416376', 'RADHA . SINGH', '285/5 BEGUM BAGH  . . BEGUM BAGH', 'MEERUT', NULL, 'BEGUM BAGH', '9012113973', NULL, NULL),
('103087', '43366', '7500000103413610', 'RISHU KASHYAP', '67 BEGUM BAGH  BHOPAL SINGH ROAD . BEGUM BAGH', 'MEERUT', NULL, 'BEGUM BAGH', '8171014747', NULL, NULL),
('103087', 'V32814', '7500000103438242', 'RUPESH KUMAR GUPTA', '116 BEGUM BAGH  OPP. MINI LAND SCHOOL . .', 'MEERUT', NULL, 'BEGUM BAGH', '9012533452', NULL, NULL),
('103087', 'V12955', '7500000103418850', 'JAGDESH SARAN SINGH', '138 BEGUM BAGH  NEAR MINI LAND SCHOOL . .', 'MEERUT', NULL, 'BEGUM BAGH', '9359244477', NULL, NULL),
('103087', 'V13681', '7500000103419264', 'VIRENDRA KUMAR BHALLA', '5-B ASHOKA COLONY-1  BEGUM BAGH . .', 'MEERUT', NULL, 'BEGUM BAGH', NULL, NULL, NULL),
('103087', '36712', '7500000103406956', 'SAROJ GUPTA', '133 BEGUM BAGH  PREM BHAWAN . .', 'MEERUT', NULL, 'BEGUM BAGH', '9897901895', NULL, NULL),
('103087', '7030482063', '7000000030482063', 'ANSHU . ARORA', '7 RAMA KUTIR P L SHARMA ROAD  . . TILAK ROAD', 'MEERUT', NULL, 'TILAK ROAD', '8393886175', NULL, NULL),
('103087', 'V34771', '7500000103440231', 'SHALIKA JAIN', '728/3 P.L. SHARMA ROAD  BEHIND KALSI ENGINEERING COMPANY . .', 'MEERUT', NULL, 'BEGUM BAGH', '8126719997', NULL, NULL),
('103087', 'CX14046443', '7000000016938517', 'SAVITRI . BATRA', '787 TILAK ROAD  . . TILAK ROAD', 'MEERUT', NULL, 'TILAK ROAD', '9897907104', NULL, NULL),
('103087', 'CX17511925', '7000000019914406', 'RAJ . KUMARI', '50 BEGUM BAGH  . . BEGUM BAGH', 'MEERUT', NULL, 'TILAK ROAD', '9897201701', NULL, NULL),
('103087', '7598650235', '7500000098650235', 'SH.HARISH KUMAR NOTANI S/O SH.', '1080/3 KANSAL VATIKA  OPP UTTAM BAKERS PL SHARMA ROAD .', 'MEERUT', NULL, 'PL SHARMA ROAD', NULL, NULL, NULL),
('103087', '7598650234', '7500000098650234', 'SH.DINESH KUMAR NOTANI S/O SH.', '1080/3 KANSAL VATIKA  OPP UTTAM BAKERS P L SHARMA ROAD .', 'MEERUT', NULL, 'PL SHARMA ROAD', '9837169669', NULL, NULL),
('103087', 'CX17524369', '7000000019926176', 'RAJESH . ARORA', '33 BEGUM BAGH  MUSJID WALI GALI . BEGUM BAGH', 'MEERUT', NULL, 'BEGUM BAGH', '8475020304', NULL, NULL),
('103087', 'CX17553334', '7000000019954457', 'SARLA . .', '216 BEGUM BAGH  . . BEGUM BAGH', 'MEERUT', NULL, 'BEGUM BAGH', '9358851004', NULL, NULL),
('103087', 'CX17552471', '7000000019953625', 'SHIKHA . TITUS', '144 BEGUM BAGH  CHRISTIAN LANE . BEGUM BAGH', 'MEERUT', NULL, 'BEGUM BAGH', '9997401194', NULL, NULL),
('103087', 'CX17557988', '7000000019958966', 'USHA . RANI', '1128 A PL SHARMA ROAD  . . PL SHARMA ROAD', 'MEERUT', NULL, 'BEGUM BAGH', NULL, NULL, NULL),
('103087', 'CX17559160', '7000000019960085', 'RAKSHA . RANI', '48 BEGUM BAGH  . . BEGUM BAGH', 'MEERUT', NULL, 'BEGUM BAGH', '8650680806', NULL, NULL),
('103087', 'CX17557993', '7000000019958971', 'VIJAY . SHRI', '229 HIRA LAL BUILDING  BEGUM BAGH . BEGUM BAGH', 'MEERUT', NULL, 'BEGUM BAGH', '9897701613', NULL, NULL),
('103087', '7043112477', '7000000043112477', 'AMIT . LODHI', '253 PL SHARMA ROAD  . . .', 'MEERUT', NULL, 'PL SHARMA ROAD', '9997514823', NULL, NULL),
('103087', 'CX10471539', '7000000014476833', 'SHAKUNTLA . DEVI', '1256 PL SHARMA ROAD  KHATIKAN . PL SHARMA ROAD', 'MEERUT', NULL, 'PL SHARMA ROAD', '8171245444', NULL, NULL),
('103087', 'CX17563054', '7000000019963865', 'NITIN . KASHYAP', '156 BEGUM BAGH  . . BEGUM BAGH', 'MEERUT', NULL, 'BEGUM BAGH', '9219968051', NULL, NULL),
('103087', 'CX17576285', '7000000019974519', 'PRAVEEN . GOEL', '208 CHOTA BEGUM BAGH  MANDIR WALI GALI . BEGUM BAGH', 'MEERUT', NULL, 'BEGUM BAGH', NULL, NULL, NULL),
('103087', '38898', '7500000103409142', 'RAJU GUPTA', '104 P L SHARMA ROAD  BHAVVYA LOK . .', 'MEERUT', NULL, 'PL SHARMA ROAD', NULL, NULL, NULL),
('103087', '7059742918', '7000000059742918', 'SHWETA . VERMA', '503 BEGUM BAGH  CHAKBANDI ROAD . .', 'MEERUT', NULL, 'BEGUM BAGH', '9411485266', NULL, NULL),
('103087', 'CX14174585', '7000000017049407', 'RAJNESH . KUMAR', '1250 PL SHARMA ROAD  . . PL SHARMA ROAD', 'MEERUT', NULL, 'PL SHARMA ROAD', '9259606141', NULL, NULL),
('103087', 'CX14162433', '7000000017039128', 'SHASHI . BALA', '593 BEGUM BAGH  . . BEGUM BAGH', 'MEERUT', NULL, 'PL SHARMA ROAD', '9412207744', NULL, NULL),
('103087', 'CX14174332', '7000000017049155', 'BEENA . GUPTA', '181 PL SHARMA ROAD  . . PL SHARMA ROAD', 'MEERUT', NULL, 'PL SHARMA ROAD', '7895757848', NULL, NULL),
('103087', 'V13715', '7500000103419287', 'SUNIL GUPTA', '93 BEGUM BAGH  MOTOR WALI GALI . .', 'MEERUT', NULL, 'BEGUM BAGH', '9837381600', NULL, NULL),
('103087', 'CX6776225', '7000000011561569', 'RAM . SINGH', '92 OPP MINI LAND SCHOOL  BEGAM BRIDGE ROAD BEGAM BAGH', 'MEERUT', NULL, 'BEGUM BAGH', '9997349818', NULL, NULL),
('103087', '7598628910', '7500000098628910', 'SH. HUKUM CHAND JAIN', '185 BEGUM BAGH  MANDIR WALI GALI . .', 'MEERUT', NULL, 'BEGUM BAGH', '9368008699', NULL, NULL),
('103087', 'CX18419872', '7000000020693981', 'SH.NAVNEET KUMAR JAIN', '185 BEGUM BAGH  MANDIR WALI GALI . .', 'MEERUT', NULL, 'BEGUM BAGH', '9997853195', NULL, NULL),
('103087', 'CX14184061', '7000000017059175', 'UMANG RANI BHATIA', '27 TILAK ROAD  BEGUM BAGH . TILAK ROAD', 'MEERUT', NULL, 'TILAK ROAD', '9997987280', NULL, NULL),
('103087', 'CX17670261', '7000000020061079', 'NIRMALA . DEVI', '25 PL SHARMA ROAD  NEAR UPER INDIA DAIRY . PL SHARMA ROAD', 'MEERUT', NULL, 'PL SHARMA ROAD', '9837342372', NULL, NULL),
('103087', 'CX24035260', '7000000025266298', 'HARENDRA NAGAR SINGH', '88 BEGUM BAGH .  . . . BEGUM BAGH', '.', NULL, 'BEGUM BAGH', '7417222227', NULL, NULL),
('103087', '7046884264', '7000000046884264', 'RAJAN . CHHIBBER', '34 BEGUM BAGH  MUSJID WALI GALI . .', 'MEERUT', NULL, 'BEGUM BAGH', '9719695777', NULL, NULL),
('103087', '7046884238', '7000000046884238', 'PHOOLVATI . .', '177 BEGUM BAGH  . . .', 'MEERUT', NULL, 'BEGUM BAGH', '9897596325', NULL, NULL),
('103087', '7039724352', '7000000039724352', 'RAVINDER . .', '51/52 MUSJID WALI GALI BEGUM BAGH  BEGUM BAGH . BEGUM BAGH', 'MEERUT', NULL, 'BEGUM BAGH', '7060836474', NULL, NULL),
('103087', '38038', '7500000103408282', 'JITENDER KUMAR', 'C-12 JAWAHAR QUETERS  . . JAWAHAR QUETERS', 'MEERUT', NULL, 'BEGUM BAGH', '9410898127', NULL, NULL),
('103087', 'CX10730874', '7000000014657918', 'RAJESH . SONKER', '898 PL SHARMA ROAD  KHATIKAN MOHALLA . PL SHARMA ROAD', 'MEERUT', NULL, 'BEGUM BAGH', '9259249387', NULL, NULL),
('103087', 'CX21427718', '7000000023281329', 'MEENU . GOEL', '171/A RAM DHAM  PL SHARMA ROAD . .', 'MEERUT', NULL, 'PL SHARMA ROAD', '9359896487', NULL, NULL),
('103087', '45621', '7500000103415865', 'SUDERSHAN BAJAJ', '14 BEGUM BAGH  NEAR MUSJID WALI GALI . .', 'MEERUT', NULL, 'BEGUM BAGH', '7456896284', NULL, NULL),
('103087', '38118', '7500000103408362', 'DEEPA MEHTA', '1-B ASHOKA COLONY  BEGUM BAGH . .', 'MEERUT', NULL, 'BEGUM BAGH', NULL, NULL, NULL),
('103087', '7103009638', '7100000003009638', 'KIRTI . .', '898/2 P L SHARMA ROAD  . . .', 'MEERUT', NULL, 'PL SHARMA ROAD', '9720828419', NULL, NULL),
('103087', '7057294026', '7000000057294026', 'PUNAM . SONKAR', '1260 PL SHARMA ROAD  . . .', 'MEERUT', NULL, 'PL SHARMA ROAD', '8755500491', NULL, NULL),
('103087', 'CX10739852', '7000000014665562', 'RAKESH . MITTAL', '34 GOPAL VATIKA  P L SHARMA MEERUT', 'MEERUT', NULL, 'PL SHARMA ROAD', '9412208102', NULL, NULL),
('103087', '7034232411', '7000000034232411', 'RAMRATI . .', '216 KHATIKAN  BEGUM BAGH . .', 'MEERUT', NULL, 'BEGUM BAGH', '8126461146', NULL, NULL),
('103087', 'CX21566554', '7000000023387909', 'USHA . RANI', 'F-4 MDA FLATES  BEGUM BAGH . BEGUM BAGH', 'MEERUT', NULL, 'BEGUM BAGH', '9319227798', NULL, NULL),
('103087', 'CX17860383', '7000000020236656', 'LILA . .', '223 BEGUM BAGH  . . BEGUM BAGH', 'MEERUT', NULL, 'BEGUM BAGH', '8958911032', NULL, NULL),
('103087', 'CX19295754', '7000000021465954', 'MUSARRAT . .', '71 BEGUM BAGH  . . BEGUM BAGH', 'MEERUT', NULL, 'BEGUM BAGH', '9634548700', NULL, NULL),
('103087', '7062102109', '7000000062102109', 'NEERA . DUGGAL', '12 B ASHOKA COLONY  BEGUM BAGH . .', 'MEERUT', NULL, 'BEGUM BAGH', NULL, NULL, NULL),
('103087', '7069041290', '7000000069041290', 'REKHA . GAUTAM', '98 TILAK ROAD  BEGAM BAGH . TILAK ROAD', 'MEERUT', NULL, 'TILAK ROAD', '9319848260', NULL, NULL),
('103087', 'CX17881773', '7000000020256095', 'URMILA . KUMARI', '41 TILAK ROAD  . . TILAK ROAD', 'MEERUT', NULL, 'TILAK ROAD', '8755040522', NULL, NULL),
('103087', 'V19750', '7500000103425039', 'PAVITRA SHARMA', 'S-2 TILAK PALACE  BEGUM KOTHI SE AAGE BEGUM BAGH MEERUT', 'MEERUT', NULL, 'BEGUM BAGH', NULL, NULL, NULL),
('103087', 'V17760', '7500000103423014', 'RADHEY SHYAM', '110 BEGUM BAGH  CHAKKI WALI GALI . .', 'MEERUT', NULL, 'BEGUM BAGH', '8126098373', NULL, NULL),
('103087', 'CX21560441', '7000000023383745', 'SUNDARI . DEVI', '268/1 ASHOKA COLONY  NEW STYLE TAILOR WALI GALI . .', 'MEERUT', NULL, 'BEGUM BAGH', '8266928656', NULL, NULL),
('103087', 'CX10812113', '7000000014723457', 'VINITA . AGARWAL', 'GF-04 SIDDHI VINAYAK APPT  MANSAROVER MEERUT', 'MEERUT', NULL, 'PL SHARMA ROAD', '9927204090', NULL, NULL),
('103087', 'CX17927628', '7000000020290525', 'NIKHIL . JAIN', '815 PL SHARMA ROAD  . . PL SHARMA ROAD', 'MEERUT', NULL, 'PL SHARMA ROAD', '9810693383', NULL, NULL),
('103087', 'CX17927637', '7000000020290534', 'BANTY . SAIN', '15 PURWA SHEKH LAL  . . PURWA SHEKH LAL', 'MEERUT', NULL, 'BEGUM BAGH', NULL, NULL, NULL),
('103087', 'CX17924391', '7000000020288428', 'NISHA . RANI', '100 BEGUM BAGH  BHOPAL SINGH ROAD . BEGUM BAGH', 'MEERUT', NULL, 'BEGUM BAGH', '9837110559', NULL, NULL),
('103087', 'V8839', '7500000103443623', 'SUNIL KUMAR', '236 BEGUMA BAGH  NEAR KUTCHER HOUSE SOM KIRANA WALE .', 'MEERUT', NULL, 'BEGUM BAGH', '8126616160', NULL, NULL),
('103087', 'CX7081595', '7000000011827486', 'SHRUTIKA . MEHTA', '9 RAMA KUTIR  TILAK ROAD BEGAM BAGH', 'MEERUT', NULL, 'TILAK ROAD', '9690557833', NULL, NULL),
('103087', '42741', '7500000103412985', 'DESHVEER SINGH', '79/80 NEW MARKET  BEGUM PUL . .', 'MEERUT', NULL, 'BEGUM BAGH', '9837405533', NULL, NULL),
('103087', 'CX18028403', '7000000020356832', 'RITA . TYAGI', '241/8 KUTCHESER HOUSE  NAVRANG RAKHI WALI GALI BEGAM  BAGH', 'MEERUT', NULL, 'BEGUM BAGH', '9719115946', NULL, NULL),
('103087', '7066820886', '7000000066820886', 'KAPIL . SHARMA', '228 MOTOR WALI GALI  BEGUM BAGH . .', 'MEERUT', NULL, 'BEGUM BAGH', '9837348025', NULL, NULL),
('103087', 'CX18057306', '7000000020384544', 'APOORUE . RASTOGI', '171   AVANTIKA P.L. SHARMA ROAD  MEERUT MEERUT', 'MEERUT', NULL, 'PL SHARMA ROAD', '9927530935', NULL, NULL),
('103087', 'CX18057010', '7000000020384248', 'RAJEEV . GULATI', '568/9 BEGUM BAGH  TILAK ROAD . BEGUM BAGH', 'MEERUT', NULL, 'BEGUM BAGH', '9412493398', NULL, NULL),
('103087', '7059907771', '7000000059907771', 'MANJU . RANI', '1128/A BEGUM BAGH  . . .', 'MEERUT', NULL, 'BEGUM BAGH', '7599213490', NULL, NULL),
('103087', 'CX18057189', '7000000020384427', 'MUNNI . .', '288 BEGUM BAGH  . . BEGUM BAGH', 'MEERUT', NULL, 'BEGUM BAGH', NULL, NULL, NULL),
('103087', 'CX18059092', '7000000020386258', 'JAYWANTI . .', '72/6 TILAK ROAD  . . TILAK ROAD', 'MEERUT', NULL, 'TILAK ROAD', NULL, NULL, NULL),
('103087', 'CX18060810', '7000000020387899', 'MANJU . KAROLI', '1 LAKSHMI NIWAS  KAROLI ROAD BEGUM BAGH BEGUM BAGH', 'MEERUT', NULL, 'BEGUM BAGH', '9319301639', NULL, NULL),
('103087', 'CX18060831', '7000000020387920', 'MUNISH KUMAR VERMA', '76 BEGUM BAGH  SHIV MANDIR ROAD . BEGUM BAGH', 'MEERUT', NULL, 'BEGUM BAGH', '9997166779', NULL, NULL),
('103087', 'CX18074003', '7000000020400351', 'SANDEEP . RAWAT', '1285/1 HEERA LAL BUILDING  PL SHARMA ROAD . PL SHARMA ROAD', 'MEERUT', NULL, 'BEGUM BAGH', '9536017232', NULL, NULL),
('103087', 'CX18075139', '7000000020401404', 'KISHAN LAL AHUJA', '66 BEGUM BAGH  ISAI WALI GALI . BEGUM BAGH', 'MEERUT', NULL, 'BEGUM BAGH', '9897162766', NULL, NULL),
('103087', 'CX18075740', '7000000020402012', 'SUSHIL . KUMAR', '283/6B BEGUM BAGH  . . BEGUM BAGH', 'MEERUT', NULL, 'BEGUM BAGH', '9358381537', NULL, NULL),
('103087', 'CX18075708', '7000000020401980', 'VARUN . AGARWAL', '1285/3 HEERA LAL BUILDING  BEGAM BAGH MEERUT', 'MEERUT', NULL, 'TILAK ROAD', '9412630357', NULL, NULL),
('103087', 'CX21694070', '7000000023495264', 'AKANSHA . BANSAL', '37/4 BEGUM BAGH  . . .', 'MEERUT', NULL, 'BEGUM BAGH', '9634834104', NULL, NULL),
('103087', '7046728883', '7000000046728883', 'SURYA PRABHA . .', '618 BEGUM BAGH  OPP SHIV MANDIR . .', 'MEERUT', NULL, 'BEGUM BAGH', '8439166090', NULL, NULL),
('103087', '39002', '7500000103409246', 'RAM KISHAN SHARMA', '121 BEGUM BAGH  OPP. GOPAL MARKET . .', 'MEERUT', NULL, 'BEGUM BAGH', NULL, NULL, NULL),
('103087', 'CX22744317', '7000000024317514', 'VARUN KUMAR GUPTA', '354 FIRST  354 CHOTTA BEGAM BAGH MANDIR WALI GALI', 'MEERUT', NULL, 'BEGUM BAGH', '9634233234', NULL, NULL),
('103087', 'CX19897573', '7000000021972532', 'SURESH . WATI', '1309 HIRA LAL BUILDING PL SHARMA RO  . . BEGUM BAGH.', 'MEERUT', NULL, 'BEGUM BAGH', '9927530935', NULL, NULL),
('103087', '43725', '7500000103413969', 'KIRAN JAIN', '1054 P.L.SHARMA ROAD  SHIVE BUKSH BUILDING . .', 'MEERUT', NULL, 'PL SHARMA ROAD', '8171272525', NULL, NULL),
('103087', 'CX21760546', '7000000023538121', 'DEEPA . NOORJANI', '462 BEGUM BAGFH  KAROLI ROAD . .', 'MEERUT', NULL, 'BEGUM BAGH', '7895188606', NULL, NULL),
('103087', '7598198973', '7500000098198973', 'NARESH KUMAR', '213 BEGUM BAGH  KASHMIRI ART PRESS . .', 'MEERUT', NULL, 'BEGUM BAGH', '8859998832', NULL, NULL),
('103087', '7040973013', '7000000040973013', 'ANKUR . BANSAL', '43/7 P L SHARMA ROAD  . . .', 'MEERUT', NULL, 'PL SHARMA ROAD', '9997044545', NULL, NULL),
('103087', 'CX18182222', '7500000048739375', 'JUGENDRA SINGH TOMAR', '30 BEGUM BAGH  .3 . BEGUM BAGH', 'MEERUT', NULL, 'BEGUM BAGH', '8273493917', NULL, NULL),
('103087', 'CX18198230', '7000000020499068', 'MUKESH . CHOUHAN', '48 NEW MARKET  BEGUM BRIDGE . NEW MARKET', 'MEERUT', NULL, 'PL SHARMA ROAD', '9927011290', NULL, NULL),
('103087', 'V35378', '7500000103440851', 'MANISH BANSAL', '283 BEGUM BAGH  . . .', 'MEERUT', NULL, 'BEGUM BAGH', '7251882999', NULL, NULL),
('103087', '7057460733', '7000000057460733', 'MEENA . SONKER', '316 P L SHARMA ROAD  . . .', 'MEERUT', NULL, 'PL SHARMA ROAD', '0', NULL, NULL);
INSERT INTO `3112191234_import_consumers_sample_bkp` (`DIST_CODE`, `CONS_NO`, `CONS_ID`, `CONS_NAME`, `ADDRESS`, `CONS_CITY`, `STATUS`, `AREA_NAME`, `MOBILE`, `RUBBER_TUBE_INSP_DATE`, `MANDATORY_CHECK_DATE`) VALUES
('103087', 'CX22180751', '7000000023886268', 'NEETU . SHARMA', '618 THE HOWARDS  SHIV MANDIR BEGAM BAGH MEERUT', 'MEERUT', NULL, 'BEGUM BAGH', '9997786695', NULL, NULL),
('103087', 'CX22435728', '7000000024075457', 'MEENU . .', '882 P L SHRAMA ROAD  MEERUT MEERUT', 'MEERUT', NULL, 'PL SHARMA ROAD', '9756043523', NULL, NULL),
('103087', '7079700110', '7000000079700110', 'POOJA . .', '1277 P.L.SHARMAR ROAD  BEGUM BAGH . .', 'MEERUT', NULL, 'BEGUM BAGH', '0', NULL, NULL),
('103087', '7092593195', '7000000092593195', 'SHOBHIT . MAHESHWARI', '291 BEGUM BAGH  P.L.SHARMA ROAD . .', 'MEERUT', NULL, 'BEGUM BAGH', '8650976808', NULL, NULL),
('103087', 'V36286', '7500000103441785', 'MAYANK SINGHAL', '555 BEGUM BAGH  SECOND FLOOR NEAR NARI NIKETAN .', 'MEERUT', NULL, 'BEGUM BAGH', '8979058134', NULL, NULL),
('103087', 'CX25130484', '7000000026092581', 'SHIVAM . BHARDWAJ', '6 DR CAROLI ROAD  BEGUM BAGH . .', 'MEERUT', NULL, 'BEGUM BAGH', '7500687786', NULL, NULL),
('103087', 'CX21945388', '7000000023695515', 'ASHA . CHAUDHARY', '1310 HEERA LAL BUILDING  BEGUM BAGH . .', 'MEERUT', NULL, 'BEGUM BAGH', '9837515850', NULL, NULL),
('103087', '7052763193', '7000000052763193', 'SAPNA . .', '1320 BEGUM BAGH  . . .', 'MEERUT', NULL, 'BEGUM BAGH', '0', NULL, NULL),
('103087', '7052763267', '7000000052763267', 'SHARDA . GAUTAM', '370 P L SHARMA ROAD  . . .', 'MEERUT', NULL, 'PL SHARMA ROAD', '9897924255', NULL, NULL),
('103087', 'V20466', '7500000103425770', 'SURESH KUMAR', '327/1 CHOTTA BEGUM BAGH  NEAR KASHMIR ART PRESS OPP.SETH WOOL WALE', 'MEERUT', NULL, 'BEGUM BAGH', NULL, NULL, NULL),
('103087', 'CX14841072', '7500000099841480', 'SHASHI YADAV W\\O LT R.S YADAV', '235/7D BEGUM BAGH  . . BEGUM BAGH', 'MEERUT', NULL, 'BEGUM BAGH', '9837715625', NULL, NULL),
('103087', 'CX18393199', '7000000020669059', 'DINESH . KUMAR', '190 CHOTA BEGUM BAGH  . . BEGUM BAGH', 'MEERUT', NULL, 'BEGUM BAGH', '9897132362', NULL, NULL),
('103087', 'CX7450736', '7000000012173916', 'SURESH . KUMAR', '291 KHATIK MOHALLA  BEGAM BAGH .', 'MEERUT', NULL, 'BEGUM BAGH', '9536802048', NULL, NULL),
('103087', 'CX18396852', '7000000020672589', 'TAPESH RANJAN KAUSHIK', '139 PHOOL BAGHJ COLONY  GALI NO 6 , PHOOL BAGH COLONY', 'MEERUT', NULL, 'BEGUM BAGH', '8057810945', NULL, NULL),
('103087', 'CX18498846', '7000000020770038', 'SUREKHA . SHARMA', 'A 3 MDA COLONY  BEGUM BAGH . BEGUM BAGH', 'MEERUT', NULL, 'BEGUM BAGH', '8307766255', NULL, NULL),
('103087', '7077577004', '7000000077577004', 'SUMAN . .', '51 BHOPAL SINGH ROAD  NEAR DURGA MANDIR BEGUM BAGH .', 'MEERUT', NULL, 'BEGUM BAGH', '9634117128', NULL, NULL),
('103087', 'CX21874697', '7000000023632515', 'SANJAY . GROVER', '13 BHOPAL SINGH ROAD  MUSJID WALI GALI BEGUM BAGH .', 'MEERUT', NULL, 'BEGUM BAGH', '9897474757', NULL, NULL),
('103087', 'CX18415688', '7000000020690075', 'VINAY . ASRANI', '200 BEGUM BAGH  MANDIR WALI GALI . BEGUM BAGH', 'MEERUT', NULL, 'BEGUM BAGH', '9897178887', NULL, NULL),
('103087', 'V33228', '7500000103438667', 'VEERSAIN JAIN', '1147/2 P.L.SHARMA ROAD  . . .', 'MEERUT', NULL, 'PL SHARMA ROAD', NULL, NULL, NULL),
('103087', '43396', '7500000103413640', 'USHA', '223/3 BEGUM BAGH  BHOPAL SINGH ROAD . .', 'MEERUT', NULL, 'BEGUM BAGH', '9897874791', NULL, NULL),
('103087', '7043805609', '7000000043805609', 'SEEMA . RASTOGI', '98 TILAK ROAD  . . TILAK ROAD', 'MEERUT', NULL, 'TILAK ROAD', '9927959681', NULL, NULL),
('103087', '7043954772', '7000000043954772', 'ANNU . .', '149-170 BEGUM BAHH  . . BEGUM BAGH', 'MEERUT', NULL, 'BEGUM BAGH', '9259990801', NULL, NULL),
('103087', 'CX4299941', '7000000009380177', 'MEENA . SHARMA', '821 TILAK ROAD BEGUM BAGH  . . . TILAK ROAD', '.', NULL, 'BEGUM BAGH', NULL, NULL, NULL),
('103087', '7030549281', '7000000030549281', 'ANJALI . GUPTA', '59 A TILAK ROAD  . . .', 'MEERUT', NULL, 'TILAK ROAD', '9267283585', NULL, NULL),
('103087', '7598646296', '7500000098646296', 'SH.NIKHIL KUMAR', '366 P.L.SHARMA ROAD  . . .', 'MEERUT', NULL, 'PL SHARMA ROAD', '9258689254', NULL, NULL),
('103087', '37543', '7500000103407787', 'RAVI BHUSHAN SHARMA', '48/1 AGERSEN VIHAR  MOPP.CLOUD NINE BUILDING NEAR KUTTI CHOPLA SHASTRI NAGAR', 'MEERUT', NULL, 'BEGUM BAGH', '8439318219', NULL, NULL),
('103087', 'CX18492116', '7000000020763643', 'IRSHAD . AHMAD', '488 BEGUM BAGH  MUSJID COMPOUND BHOPAL SINGH ROAD BEGUM BAGH', 'MEERUT', NULL, 'BEGUM BAGH', '9548847375', NULL, NULL),
('103087', 'CX18494853', '7000000020766245', 'VIJAY . KUMAR', '58 BEGUM BAGH  MANDIR WALI GALI . BEGUM BAGH', 'MEERUT', NULL, 'BEGUM BAGH', '9917437335', NULL, NULL),
('103087', 'V30917', '7500000103436320', 'RENU AGARWAL', '729 P.L.SHARMA ROAD  . . .', 'MEERUT', NULL, 'PL SHARMA ROAD', '7055824173', NULL, NULL),
('103087', '7057588873', '7000000057588873', 'PREETI . VERMA', 'B6 PNB ADHIKARI COLONY  BEGUM BAGH . .', 'MEERUT', NULL, 'BEGUM BAGH', '7827523576', NULL, NULL),
('103087', '7101645568', '7100000001645568', 'NARENDRA KUMAR SAINI', '94/1 SHIV MANDIR  BEGUM BAGH . .', 'MEERUT', NULL, 'BEGUM BAGH', '9927045848', NULL, NULL),
('103087', 'CX18506522', '7000000020777278', 'RAJNI . .', '883 PL SHARMA ROAD  . . PL SHARMA ROAD', 'MEERUT', NULL, 'BEGUM BAGH', '9258735395', NULL, NULL),
('103087', 'CX18509850', '7000000020780407', 'SALONI . BHATNAGAR', '901/2 HIRALAL BUILDING  P L SHARMA ROAD . P L SHARMA ROAD', 'MEERUT', NULL, 'BEGUM BAGH', '9412538710', NULL, NULL),
('103087', 'CX18511535', '7000000020781994', 'SHWETA . ASRANI', '2 C ASHOKA COLONY  MANDIR WALI GALI BEGUM BAGH BEGUM BAGH', 'MEERUT', NULL, 'BEGUM BAGH', '8194004332', NULL, NULL),
('103087', 'CX18513433', '7000000020783846', 'UTKARSH KUMAR SHARMA', '235/4 BEGUM BAGH  . . BEGUM BAGH', 'MEERUT', NULL, 'BEGUM BAGH', '9719351650', NULL, NULL),
('103087', 'CX18625817', '7000000020885477', 'SARITA . GUPTA', '1006 P L SHARMA ROAD  MEERUT MEERUT', 'MEERUT', NULL, 'PL SHARMA ROAD', '8979444223', NULL, NULL),
('103087', 'CX18510111', '7000000020780652', 'TANMAY  SINGHAL', '758/1 TILAK ROAD  . . TILAK ROAD', 'MEERUT', NULL, 'TILAK ROAD', '9045033166', NULL, NULL),
('103087', 'CX20932889', '7000000022849380', 'SHASHANK . .', '343 BEGUM BAGH NEAR DR M C GUPTA  . . BEGUM BAGH', 'MEERUT', NULL, 'BEGUM BAGH', '8126860618', NULL, NULL),
('103087', 'CX18547627', '7000000020816760', 'SOMA . RANI', '6-C ASHOKA COLONY  BEGUM BAGH BHOPAL SINGH ROAD BEGUM BAGH', 'MEERUT', NULL, 'BEGUM BAGH', '8979914596', NULL, NULL),
('103087', 'CX18553800', '7000000020822647', 'MANOJ . KUMAR', '1320 HIRA LAL BUILDING  BEGUM BAGH . BEGUM BAGH', 'MEERUT', NULL, 'BEGUM BAGH', '8126914076', NULL, NULL),
('103087', '7032298227', '7000000032298227', 'KAMAL . VERMA', '82 BEGUM BAGH  KAROLI ROAD . .', 'MEERUT', NULL, 'BEGUM BAGH', '9412096538', NULL, NULL),
('103087', 'CX18556564', '7000000020825317', 'RAJEEV . VERMA', '327/1 CHOTA BEGUM BAGH  . . BEGUM BAGH', 'MEERUT', NULL, 'BEGUM BAGH', '9358963413', NULL, NULL),
('103087', 'CX18559306', '7000000020827931', 'NAVEEN CHAND JAIN', '114 PL SHARMA ROAD  . . PL SHARMA ROAD', 'MEERUT', NULL, 'PL SHARMA ROAD', '9897194546', NULL, NULL),
('103087', 'CX18555219', '7000000020824008', 'ANKIT . KUMAR', '285/5 BEGUM BAGH  . . BEGUM BAGH', 'MEERUT', NULL, 'BEGUM BAGH', '9286001085', NULL, NULL),
('103087', 'CX18557872', '7000000020826589', 'SACHIN . SHARMA', '210 BEGUM BAGH  DEEP BHAWAN BHOPAL SINGH ROAD BEGUM BAGH', 'MEERUT', NULL, 'BEGUM BAGH', '9897989898', NULL, NULL),
('103087', 'CX18624065', '7000000020884823', 'SUNITA . SONKAR', '172 BEGAM BAGH  P L SHARMA MEERUT', 'MEERUT', NULL, 'BEGUM BAGH', '8439309495', NULL, NULL),
('103087', 'CX18565190', '7000000020833469', 'SEEMA . BANSAL', '16 DEVNAR  TILAK ROAD . TILAK ROAD', 'MEERUT', NULL, 'TILAK ROAD', '9927870000', NULL, NULL),
('103087', '7086794417', '7000000086794417', 'SIMRAN . KAPOOR', 'G-8 MDA FLATE  CHAKBANDI ROAD BEGUM BAGH .', 'MEERUT', NULL, 'BEGUM BAGH', '9068230546', NULL, NULL),
('103087', 'CX18572811', '7000000020840334', 'VANDANA . MITTAL', '43 BEGAM BAGH  BHOPAL SINGH ROAD MEERUT', 'MEERUT', NULL, 'BEGUM BAGH', '8869007932', NULL, NULL),
('103087', 'CX18572769', '7000000020840292', 'USHA . LUTHRA', '616/1 BEGAM BAGH  SHIV MANDIR MEERUT', 'MEERUT', NULL, 'BEGUM BAGH', '8937932527', NULL, NULL),
('103087', '37014', '7500000103407258', 'ALIM KHAN', '103 M.D.A. COMPOUND  DR. KAROLI ROAD BEGUM BAGH .', 'MEERUT', NULL, 'BEGUM BAGH', '9368031002', NULL, NULL),
('103087', 'V14703', '7500000103420060', 'ASHOK KUMAR TYAGI', '613/1 NEHRU NAGAR  GALI NO.1 . .', 'MEERUT', NULL, 'BEGUM BAGH', NULL, NULL, NULL),
('103087', 'CX11505634', '7000000015183988', 'ASHISH . MEHRA', '768 SOTI GANJ  BEHIND NISHKAM PRESS MEERUT', 'MEERUT', NULL, 'TILAK ROAD', '9411067048', NULL, NULL),
('103087', 'V36288', '7500000103441787', 'BABU', '252 KHATIKAN  P.L.SHARMA ROAD . .', 'MEERUT', NULL, 'PL SHARMA ROAD', NULL, NULL, NULL),
('103087', 'V32632', '7500000103438062', 'KAVITA', '1256 P L SHARMA ROAD  BEGVUM BAGH . .', 'MEERUT', NULL, 'BEGUM BAGH', NULL, NULL, NULL),
('103087', 'CX18674900', '7000000020919242', 'VIMLA . SHARMA', '539 BEGUM BAGH  . . BEGUM BAGH', 'MEERUT', NULL, 'BEGUM BAGH', '9997228426', NULL, NULL),
('103087', 'CX18677355', '7000000020921518', 'SANGEETA . BHATI', '48 BEGUM BAGH  . . BEGUM BAGH', 'MEERUT', NULL, 'BEGUM BAGH', '9456295317', NULL, NULL),
('103087', 'CX18684554', '7000000020928288', 'AMIT . LODHI', '252 PL SHARMA ROAD  . . PL SHARMA ROAD', 'MEERUT', NULL, 'PL SHARMA ROAD', '9897087809', NULL, NULL),
('103087', 'CX18685015', '7000000020928755', 'NUPUR . AGARWAL', '547 BEGUM BAGH  KAROLI ROAD . BEGUM BAGH', 'MEERUT', NULL, 'BEGUM BAGH', '9897224129', NULL, NULL),
('103087', 'CX18698667', '7000000020940093', 'PREM . LATA', '51 BEGUM BAGH  BHOPAL SINGH ROAD . BEGUM BAGH', 'MEERUT', NULL, 'BEGUM BAGH', '9837577103', NULL, NULL),
('103087', 'CX18393054', '7000000020668914', 'REETA . GUPTA', '459/1 BEGUM BAGH .  . BEGUM BAGH . BEGUM BAGH', '.', NULL, 'BEGUM BAGH', '9927530935', NULL, NULL),
('103087', 'CX11577666', '7000000015242626', 'ANKUR . GUPTA', '198 BEGAM BAGH  MEERUT MEERUT', 'MEERUT', NULL, 'BEGUM BAGH', '9412200456', NULL, NULL),
('103087', '7050454552', '7000000050454552', 'KANTA . SONKAR', '177 BEGUM BAGH  . . .', 'MEERUT', NULL, 'BEGUM BAGH', '7417322421', NULL, NULL),
('103087', '7062709701', '7000000062709701', 'RUBY . BEHL', 'F 3 HIG MDA FLATE  BEGUM BAGH . .', 'MEERUT', NULL, 'BEGUM BAGH', '9897585746', NULL, NULL),
('103087', 'CX5458752', '7000000010408420', 'PULKIT . SHARMA', 'S-2 TILAK PALACE TILAK ROAD BEGUM B  . TILAK ROAD . TILAK ROAD', 'MEERUT', NULL, 'TILAK ROAD', '9927530935', NULL, NULL),
('103087', '7055461540', '7000000055461540', 'NEETU . .', '288 BEGUM BAGH  P L SHARMA ROAD . .', 'MEERUT', NULL, 'BEGUM BAGH', '9897020966', NULL, NULL),
('103087', 'CX24141435', '7000000025352156', 'ASHISH . SHARMA', '195/1 P L SHARMA ROAD  . . .', 'MEERUT', NULL, 'PL SHARMA ROAD', '9027210079', NULL, NULL),
('103087', 'V8887', '7500000103443634', 'ABHA JAIN', '444 P.L. SHARMA ROAD  . . PL SHARMA ROAD', 'MEERUT', NULL, 'PL SHARMA ROAD', '9927530935', NULL, NULL),
('103087', 'CX4477725', '7000000009527765', 'RAJEEV . VERMA', '144 BEGUM BAGH  . . MRT', 'MEERUT', NULL, 'BEGUM BAGH', '9338421239', NULL, NULL),
('103087', 'CX18833972', '7000000021053520', 'SHAYARA . .', '654 BEGUM BAGH  MASJID COMPOUND . BEGUM BAGH', 'MEERUT', NULL, 'BEGUM BAGH', '9837275673', NULL, NULL),
('103087', '7101248920', '7100000001248920', 'POONAM . MALHOTRA', '61/7 BEGUM BAGH  DR KAROLI ROAD . .', 'MEERUT', NULL, 'BEGUM BAGH', '9457017493', NULL, NULL),
('103087', '7030575210', '7000000030575210', 'VIVEK . KUMAR', '70/1 ISAI WALI GALI  BEGUM BAGH . .', 'MEERUT', NULL, 'BEGUM BAGH', '8273123456', NULL, NULL),
('103087', '41213', '7500000103411457', 'SACHIN KUMAR', 'G-1 TILAK PALACE  TILAK ROAD . .', 'MEERUT', NULL, 'TILAK ROAD', '9756907600', NULL, NULL),
('103087', 'CX29875097', '7000000029606715', 'DEVENDRA . KUMAR', '229-A HEERA LAL BUILDING  BEGUM BAGH . .', 'MEERUT', NULL, 'BEGUM BAGH', '9410285706', NULL, NULL),
('103087', 'CX20936805', '7000000022852842', 'LUXMI . VERMA', '90 BEGUM BAGH  BHOPAL SINGH ROAD RAVI BAND WALI GALI .', 'MEERUT', NULL, 'BEGUM BAGH', '7895756886', NULL, NULL),
('103087', '36720', '7500000103406964', 'RASHMI GARG', '558 SHANKAR BHAWAN  NEAR OLD CHAKBANDI OFFICE BEGUM BAGH .', 'MEERUT', NULL, 'BEGUM BAGH', '9837090611', NULL, NULL),
('103087', 'V17338', '7500000103422586', 'V.N.SAREEN', '195, P.L.SHARMAR RPAD  OPP.OLD NAVEEN MASALE WALE BEGUM BAGH MEERUT', 'MEERUT', NULL, 'PL SHARMA ROAD', '8171847447', NULL, NULL),
('103087', 'CX11747910', '7000000015351012', 'DIPANKAR . CHATTERJEE', '79/E P L SHARMA  MEERUT MEERUT', 'MEERUT', NULL, 'PL SHARMA ROAD', '8171302270', NULL, NULL),
('103087', 'CX29249784', '7000000029137734', 'RESHMA . .', '16 BEGUM BAGH  MUSJID WALI GALI . .', 'MEERUT', NULL, 'BEGUM BAGH', '7520372914', NULL, NULL),
('103087', '7047578683', '7000000047578683', 'ONISH . AGARWAL', '190 BEGUM BAGH  SHIV MANDIR WALI GALI . .', 'MEERUT', NULL, 'BEGUM BAGH', '9927006520', NULL, NULL),
('103087', '7086951302', '7000000086951302', 'GAURAV . AHLAWAT', '145 P.L.SHARMA ROAD  OPP. DENA BANK . .', 'MEERUT', NULL, 'PL SHARMA ROAD', '7310548886', NULL, NULL),
('103087', 'CX18945467', '7000000021157560', 'PARVATI . SINGH', '174/2 BEGUM BAGH  . . BEGUM BAGH', 'MERUT', NULL, 'BEGUM BAGH', '9897075687', NULL, NULL),
('103087', 'CX4610996', '7000000009655740', 'RAJEEV . .', '173 PL SHARMA ROAD  . . MRT', 'MEERUT', NULL, 'PL SHARMA ROAD', '9634344549', NULL, NULL),
('103087', 'V30733', '7500000103436131', 'NASEEM KHAN', '661 BEGUM BAGH  BHOPAL SINGH ROAD . .', 'MEERUT', NULL, 'BEGUM BAGH', '9997744654', NULL, NULL),
('103087', 'CX18993541', '7000000021199853', 'BIMLA . DEVI', '880 PL SHARMA ROAD  . . PL SHARMA ROAD', 'MEERUT', NULL, 'BEGUM BAGH', '8755492837', NULL, NULL),
('103087', '7062880297', '7000000062880297', 'KUSUM . .', '619A BEGUM BAGH  . . .', 'MEERUT', NULL, 'BEGUM BAGH', '8979752532', NULL, NULL),
('103087', 'CX19013914', '7000000021218117', 'SANJAY . SHARMA', '157 CHOTA BEGUM BAGH  . . BEGUM BAGH', 'MEERUT', NULL, 'BEGUM BAGH', '9997009200', NULL, NULL),
('103087', '7041242054', '7000000041242054', 'PREM LATA SETH', '885-C TILAK RIOAD  . . TILAK ROAD', 'MEERUT', NULL, 'TILAK ROAD', NULL, NULL, NULL),
('103087', '42889', '7500000103413133', 'SHALANI BANSAL', '77 HAR NIWAS TILAK ROAD  . . TILAK ROAD', 'MEERUT', NULL, 'TILAK ROAD', NULL, NULL, NULL),
('103087', '36738', '7500000103406982', 'NAVANET GULATHI', '267 SOUTH SOTI GANJ  NEAR HOTEL VICHAL WALI GALI . .', 'MEERUT', NULL, 'BEGUM BAGH', '9917082825', NULL, NULL),
('103087', '7063009912', '7000000063009912', 'KAKKO . .', '67 BEGUM BAGH  ISAI WALI GALI . .', 'MEERUT', NULL, 'BEGUM BAGH', '9675588788', NULL, NULL),
('103087', '37496', '7500000103407740', 'ASHOK KUMAR', '36 TILAK ROAD .  . . . BEGUM BAGH', 'MEERUT', NULL, 'BEGUM BAGH', '9675717543', NULL, NULL),
('103087', '38209', '7500000103408453', 'VEENA GOEL', '14 SHIVAJI ROAD  UTSAV COMPLEX WALI GALI NEAR AMIT AGARWAL .', 'MEERUT', NULL, 'BEGUM BAGH', '9412705239', NULL, NULL),
('103087', '7077984335', '7000000077984335', 'BALJEET . KAUR', '12 MUSJID WALI GALI  BEGUM BAGH . .', 'MEERUT', NULL, 'BEGUM BAGH', '9259410486', NULL, NULL),
('103087', '7050825200', '7000000050825200', 'NAVEEN . .', '320 P L SHARMA ROAD  . . .', 'MEERUT', NULL, 'PL SHARMA ROAD', '8265967010', NULL, NULL),
('103087', '7032593402', '7000000032593402', 'INDERPREET . SINGH', '547/1 KAROLI ROAD  BEGUM BAGH . .', 'MEERUT', NULL, 'BEGUM BAGH', '9634379642', NULL, NULL),
('103087', 'CX17030425', '7000000019469177', 'BRIJESH KUMAR GARG . .', '55 BEGAM BAGH  MANDIR WALI GALI MEERUT', 'MEERUT', NULL, 'BEGUM BAGH', '7500144595', NULL, NULL),
('103087', 'CX22797348', '7500000098203447', 'MANJU SINGH', '152/1 BEGAM BAGH  P L SHARMA MEERUT', 'MEERUT', NULL, 'BEGUM BAGH', '9837605817', NULL, NULL),
('103087', 'CX16391762', '7000000018929666', 'BABITA . DEVI', '212 PL SHARMA ROAD  . . .', 'MEERUT', NULL, 'PL SHARMA ROAD', '8218607761', NULL, NULL),
('103087', 'CX19159380', '7000000021350284', 'ALKA . SHARMA', '278 BEGUM BAGH  MANDIR WALI GALI . BEGUM BAGH', 'MEERUT', NULL, 'BEGUM BAGH', '9557601470', NULL, NULL),
('103087', '7067722649', '7000000067722649', 'SAGAR . RASTOGI', '79/5 P.L.SHARMA ROAD  DANIK HINDU WALI GALI . .', 'MEERUT', NULL, 'PL SHARMA ROAD', '8077139512', NULL, NULL),
('103087', 'V9826', '7500000103443947', 'RAMESH SINGH', '245 BEGUM BAGH  NEAR MINILAND SCHOOL . .', 'MEERUT', NULL, 'BEGUM BAGH', '9368065775', NULL, NULL),
('103087', '7101436275', '7100000001436275', 'VIKAS . .', '48 BEGUM BAGH  MUSJI9D WALI GALI . .', 'MEERUT', NULL, 'BEGUM BAGH', '9927120487', NULL, NULL),
('103087', 'CX17833397', '7000000020210485', 'SHYAM KUMAR GHAI', '1/A ASHOKA COLONY  BEGUM BAGH . .', 'MEERUT', NULL, 'BEGUM BAGH', '9897305979', NULL, NULL),
('103087', 'V13049', '7500000103418920', 'SURESH CHAND', '1/4 BEGUM BAGH  PATHAK WALI GALI . .', 'MEERUT', NULL, 'BEGUM BAGH', NULL, NULL, NULL),
('103087', '7030368520', '7000000030368520', 'ARPIT . .', '235/4 BEGUM BAGH  .. . .', 'MEERUT', NULL, 'BEGUM BAGH', '7830001500', NULL, NULL),
('103087', '7087028686', '7000000087028686', 'MANISHA . .', 'S-2 NEW SHIV LOK  DR. KAROLI ROAD BEGUM BAGH .', 'MEERUT', NULL, 'BEGUM BAGH', '9997152406', NULL, NULL),
('103087', '7057980496', '7000000057980496', 'SHAKEELA . .', '161/7 BEGUM BAGH  MUSJID WALI GALI . .', 'MEERUT', NULL, 'BEGUM BAGH', '9012412260', NULL, NULL),
('103087', 'CX19135280', '7000000021328829', 'INDRA . GUPTA', '888 TILAK ROAD  . . TILAK ROAD', 'MEERUT', NULL, 'TILAK ROAD', '9997592593', NULL, NULL),
('103087', 'V36423', '7500000103441931', 'AVNEESH KUMAR', '17 VIJAY NAGAR  . . .', 'MEERUT', NULL, 'TILAK ROAD', '9837775112', NULL, NULL),
('103087', '7050704529', '7000000050704529', 'GURDEEP . KAUR', '195/1 BEGUM BAGH  . . .', 'MEERUT', NULL, 'BEGUM BAGH', '9319977799', NULL, NULL),
('103087', 'CX17671009', '7000000020061827', 'VIVEK . GARG', '559 SHANHER KUTTI BEGUM BAGH  BEGUM BAGH . BEGUM BAGH', 'MEERUT', NULL, 'BEGUM BAGH', '9915805570', NULL, NULL),
('103087', 'V12215', '7500000103418383', 'REKHA', 'F-1 SHUKHMANI APPARTMENT  OPP. JAMEER PAINTER MUSJID WAKI GALI BEGUM BAGH', 'MEERUT', NULL, 'BEGUM BAGH', '9760312632', NULL, NULL),
('103087', '7078050147', '7000000078050147', 'ANIL . WASAN', '214 BEGUM BAGH  NEAR MDA FLATE . .', 'MEERUT', NULL, 'BEGUM BAGH', '9045705055', NULL, NULL),
('103087', 'V27913', '7500000103433265', 'SANJAY KUMAR', '1453 RANJAN BUILDING  P.L.SHARMA ROAD . .', 'MEERUT', NULL, 'PL SHARMA ROAD', '9897817434', NULL, NULL),
('103087', '7070253276', '7000000070253276', 'SANJEEV . VERMA', '144 BEGUM BAGH  NEAR ADARSH DAIRY . .', 'MEERUT', NULL, 'BEGUM BAGH', '8755808808', NULL, NULL),
('103087', 'CX8396657', '7000000012880582', 'MANISH KUMAR CAROLI', '1 DR CAROLI ROAD  BEGAM BAGH` .', 'MEERUT CANTT', NULL, 'BEGUM BAGH', '9837021467', NULL, NULL),
('103087', '7032636595', '7000000032636595', 'MONI . .', '1296 P.L.SHARMA ROAD  .OPP AROGYA NURSING HOME . .', 'MEERUT', NULL, 'PL SHARMA ROAD', '9045647462', NULL, NULL),
('103087', 'CX8593795', '7000000013035749', 'RAJEEV KUMAR POONIA', '522 POONIA HOUSE  P L SHARMA UPPER INDIA DAIRY', 'MEERUT', NULL, 'PL SHARMA ROAD', '9997103001', NULL, NULL),
('103087', 'CX8593784', '7000000013035738', 'RAHUL . POONIA', '522 POONI HOUSE  MANDIR WALI GALI PL SHARMA', 'MEEREUT', NULL, 'BEGUM BAGH', '9411982088', NULL, NULL),
('103087', '7081669306', '7000000081669306', 'BALA . CHAUDHARY', '261 BEGUM BAGH  . . BEGUM BAGH.', 'MEERUT', NULL, 'BEGUM BAGH', '9997742339', NULL, NULL),
('103087', 'V36079', '7500000103441574', 'SANDHYA RAWAT', '148 BEGUM BAGH  OPP. RAJ BOOK DIPPO WALI GALI . .', 'MEERUT', NULL, 'BEGUM BAGH', '9927530935', NULL, NULL),
('103087', 'CX8505008', '7000000012957773', 'RAJEEV . CHAUDHRI', '110 BHOPAL SINGH ROAD  BEGAM BAGH MEERUT MEERUT', 'MEERUT', NULL, 'BEGUM BAGH', '9760244173', NULL, NULL),
('103087', 'CX8510466', '7000000012961290', 'DEEPAK . KHANNA', '562 TILAK ROAD  BEGAM BAGH .', 'MEERUT', NULL, 'BEGUM BAGH', '9997049020', NULL, NULL),
('103087', 'CX19207726', '7000000021393017', 'RAJESH . ARORA', '683 BEGUM BAGH  . . BEGUM BAGH', 'MEERUT', NULL, 'BEGUM BAGH', '9917730233', NULL, NULL),
('103087', 'CX19206478', '7000000021391784', 'RASHI . AGARWAL', '11 KUCHESER HOUSE  BEGUM BAGH . BEGUM BAGH', 'MEERUT', NULL, 'BEGUM BAGH', '9897786394', NULL, NULL),
('103087', 'V35664', '7500000103441148', 'SUDHA', '4 SOTI GANJ  NEAR RANJEET HOTEL WALI GALI NEAR GURDWARA .', 'MEERUT', NULL, 'BEGUM BAGH', NULL, NULL, NULL),
('103087', 'V17405', '7500000103422656', 'RAJESH  VERMA', 'C-8 MAD FLATE  BEGUM BAGH . BEGUM BAGH', 'MEERUT', NULL, 'BEGUM BAGH', '9719950808', NULL, NULL),
('103087', 'CX18490942', '7000000020762536', 'ASHA  GUPTA', '235/5 BEGUM BAGH  . . .', 'MEERUT', NULL, 'BEGUM BAGH', '9927530935', NULL, NULL),
('103087', '7577942071', '7500000077942071', 'BIKASH DAS', 'G-9 MDA FLATS  NEAR GURDWARA BEGUM BAGH .', 'MEERUT', NULL, 'BEGUM BAGH', '9903941060', NULL, NULL),
('103087', '7055307297', '7000000055307297', 'AYUSH KUMAR GOEL', '618 BEGUM BAGH .  . . BEGUM BAGH', 'MEERUT', NULL, 'BEGUM BAGH', '8171396508', NULL, NULL),
('103087', 'CX19316441', '7000000021485074', 'GURPREET . SINGH', '548 KAROLI ROAD  BEGUM BAGH . BEGUM BAGH', 'MEERUT', NULL, 'BEGUM BAGH', '8755010003', NULL, NULL);

-- --------------------------------------------------------

--
-- Table structure for table `assigned_consumer`
--

CREATE TABLE `assigned_consumer` (
  `assigned_consumer_id` int(10) UNSIGNED NOT NULL COMMENT 'assign consumer id',
  `c_id` int(10) UNSIGNED NOT NULL COMMENT 'consumer id ',
  `company_head_id` int(10) UNSIGNED NOT NULL COMMENT 'company head id',
  `reasonal_head_id` int(10) UNSIGNED NOT NULL COMMENT 'reasonal head id',
  `supervisor_id` int(10) UNSIGNED NOT NULL COMMENT 'suervisor id',
  `field_inspector_id` int(10) UNSIGNED NOT NULL COMMENT 'field inspector id',
  `status` enum('1','0','2') NOT NULL COMMENT 'status (1 for assinged and 0 consumer not available and 2 for complete)',
  `creation_time` datetime NOT NULL COMMENT 'creation time'
) ENGINE=InnoDB DEFAULT CHARSET=utf8;

--
-- Dumping data for table `assigned_consumer`
--

INSERT INTO `assigned_consumer` (`assigned_consumer_id`, `c_id`, `company_head_id`, `reasonal_head_id`, `supervisor_id`, `field_inspector_id`, `status`, `creation_time`) VALUES
(1, 1, 1, 1, 1, 2, '2', '2019-01-19 07:00:00'),
(2, 2, 1, 1, 1, 2, '2', '2019-01-19 10:00:00'),
(3, 3, 1, 1, 1, 2, '0', '2019-01-19 11:00:00'),
(4, 4, 1, 1, 1, 2, '2', '2019-01-19 11:00:00'),
(5, 5, 1, 1, 1, 2, '2', '2019-01-19 11:00:00'),
(6, 6, 1, 1, 1, 2, '0', '2019-01-19 11:00:00'),
(7, 7, 1, 1, 1, 2, '0', '2019-01-19 11:00:00'),
(8, 8, 1, 1, 1, 2, '0', '2019-01-19 11:00:00'),
(9, 9, 1, 1, 1, 2, '0', '2019-01-19 11:00:00'),
(10, 10, 1, 1, 1, 2, '1', '2019-01-19 11:00:00'),
(11, 11, 1, 1, 1, 1, '2', '2019-01-19 11:00:00'),
(12, 12, 1, 1, 1, 1, '2', '2019-01-25 12:00:00'),
(13, 13, 1, 1, 1, 1, '2', '2019-01-25 12:00:00'),
(14, 14, 1, 1, 1, 1, '2', '2019-01-25 12:00:00'),
(15, 15, 1, 1, 1, 1, '2', '2019-01-25 12:00:00'),
(16, 16, 1, 1, 1, 1, '2', '2019-01-25 12:00:00'),
(17, 17, 1, 1, 1, 1, '2', '2019-01-25 12:00:00'),
(18, 18, 1, 1, 1, 1, '2', '2019-01-25 12:00:00'),
(19, 19, 1, 1, 1, 1, '2', '2019-01-25 12:00:00'),
(20, 20, 1, 1, 1, 1, '2', '2019-01-25 12:00:00'),
(21, 14, 1, 1, 1, 6, '1', '0000-00-00 00:00:00'),
(22, 18, 1, 1, 1, 6, '1', '0000-00-00 00:00:00'),
(23, 17, 1, 1, 1, 6, '1', '0000-00-00 00:00:00'),
(24, 16, 1, 1, 1, 6, '1', '0000-00-00 00:00:00'),
(25, 15, 1, 1, 1, 6, '1', '0000-00-00 00:00:00'),
(30, 19, 1, 1, 1, 6, '1', '0000-00-00 00:00:00');

-- --------------------------------------------------------

--
-- Table structure for table `company_head`
--

CREATE TABLE `company_head` (
  `company_head_id` int(10) UNSIGNED NOT NULL COMMENT 'company head id',
  `full_name` varchar(50) NOT NULL COMMENT 'full name',
  `address` varchar(255) NOT NULL COMMENT 'address',
  `aadhar_number` bigint(20) NOT NULL COMMENT 'aadhar number',
  `employee_id` varchar(50) NOT NULL COMMENT 'employee id',
  `email` varchar(100) NOT NULL COMMENT 'email',
  `password` varchar(32) NOT NULL COMMENT 'password',
  `status` enum('1','0') NOT NULL COMMENT 'status(1 for enable and 0 disable)',
  `creation_time` datetime NOT NULL COMMENT 'creation_time',
  `updation_time` datetime NOT NULL COMMENT 'updation_time'
) ENGINE=InnoDB DEFAULT CHARSET=utf8;

--
-- Dumping data for table `company_head`
--

INSERT INTO `company_head` (`company_head_id`, `full_name`, `address`, `aadhar_number`, `employee_id`, `email`, `password`, `status`, `creation_time`, `updation_time`) VALUES
(1, 'raj sharma', 'A 26 sector 63, Noida, Uttar Pradesh', 123123321320, '3211', 'raj@gmail.com', 'e10adc3949ba59abbe56e057f20f883e', '1', '2019-01-16 14:00:00', '2019-01-16 14:00:00'),
(3, '1122', 'Noida', 1222121221131, '12222222222222222222222222222222222222222222222222', 'akriti@techugo.ae', 'e10adc3949ba59abbe56e057f20f883e', '1', '2019-01-24 07:41:44', '2019-01-24 07:41:44'),
(4, 'deep', 'Noida', 123123321320, '22222', 'deep@techugo.com', 'e10adc3949ba59abbe56e057f20f883e', '1', '2019-01-24 11:55:55', '2019-01-24 11:55:55'),
(7, 'Deepak sharma', 'asdfadsf', 321123321123, '32111', 'deepak.sharma@techugo.com', 'e10adc3949ba59abbe56e057f20f883e', '1', '2019-02-05 09:44:26', '2019-02-05 09:44:26');

-- --------------------------------------------------------

--
-- Table structure for table `consumers`
--

CREATE TABLE `consumers` (
  `c_id` int(10) UNSIGNED NOT NULL COMMENT 'consumer table id',
  `consumer_id` varchar(20) NOT NULL COMMENT 'consumer id',
  `full_name` varchar(50) NOT NULL COMMENT 'full name',
  `address` varchar(255) NOT NULL COMMENT 'address',
  `phone` bigint(20) NOT NULL COMMENT 'phone',
  `email` varchar(150) NOT NULL COMMENT 'email',
  `amount` float NOT NULL COMMENT 'inspection amount',
  `consumer_otp` int(11) NOT NULL COMMENT 'consumer otp',
  `join_date` date NOT NULL COMMENT 'join date',
  `consumer_con_no` varchar(255) NOT NULL,
  `dist_code` varchar(255) NOT NULL,
  `cons_city` varchar(255) NOT NULL,
  `area_name` varchar(255) NOT NULL
) ENGINE=InnoDB DEFAULT CHARSET=utf8;

--
-- Dumping data for table `consumers`
--

INSERT INTO `consumers` (`c_id`, `consumer_id`, `full_name`, `address`, `phone`, `email`, `amount`, `consumer_otp`, `join_date`, `consumer_con_no`, `dist_code`, `cons_city`, `area_name`) VALUES
(1, '1233', 'ram', 'A 26, Sector 63, Noida, Uttar Pradesh', 1231231231, 'ram@gmail.com', 100, 1234, '2000-01-10', '', '', '', ''),
(2, '1211', 'ramesh', 'A 2, Sector 63, Noida, Uttar Pradesh', 1231231444, 'ramesh@gmail.com', 100, 2345, '2000-04-10', '', '', '', ''),
(3, '55555', 'deepak', 'c 2, Sector 22, Noida, Uttar Pradesh', 5555555555, 'deepak@gmail.com', 100, 3456, '2001-04-10', '', '', '', ''),
(4, '1111', 'naresh', 'c 1, Sector 56, Noida, Uttar Pradesh', 1221122121, 'naresh@gmail.com', 100, 4567, '2003-04-10', '', '', '', ''),
(5, '1112', 'akriti', 'A 24, Sector 60, Noida, Uttar Pradesh', 3213212121, 'akriti@gmail.com', 100, 5678, '2003-04-10', '', '', '', ''),
(6, '4444', 'abhinav', 'A 24, Sector 62, Noida, Uttar Pradesh', 9913212121, 'abhinav@gmail.com', 100, 6789, '2000-05-15', '', '', '', ''),
(7, '4411', 'raju', 'A 10, Sector 62, Noida, Uttar Pradesh', 9913212124, 'raju@gmail.com', 100, 7891, '2005-05-15', '', '', '', ''),
(8, '4555', 'raj', 'A 20, Sector 62, Noida, Uttar Pradesh', 9913212133, 'raj@gmail.com', 100, 8912, '2005-05-15', '', '', '', ''),
(9, '8885', 'junaid', 'A 20, Sector 63, Noida, Uttar Pradesh', 9915512133, 'junaid@gmail.com', 100, 9123, '2005-05-15', '', '', '', ''),
(10, '8985', 'zaffar', 'A 20, Sector 63, Noida, Uttar Pradesh', 9915512143, 'zaffar@gmail.com', 100, 1023, '2005-05-15', '', '', '', ''),
(11, '8986', 'deep', 'A 20, Sector 63, Noida, Uttar Pradesh', 9915512112, 'deep@gmail.com', 100, 2034, '2005-05-15', '', '', '', ''),
(12, '8987', 'randhir', 'A 20, Sector 63, Noida, Uttar Pradesh', 9915512188, 'randhir@gmail.com', 100, 2045, '2005-05-15', '', '', '', ''),
(13, '8988', 'kashish', 'A 20, Sector 63, Noida, Uttar Pradesh', 9915512199, 'kashish@gmail.com', 100, 2056, '2005-05-15', '', '', '', ''),
(14, '8989', 'rahul', 'A 20, Sector 63, Noida, Uttar Pradesh', 9915512100, 'rahul@gmail.com', 100, 2067, '2005-05-15', '', '', '', ''),
(15, '9901', 'shubham', 'A 20, Sector 63, Noida, Uttar Pradesh', 9915512000, 'shubham@gmail.com', 100, 2078, '2005-05-15', '', '', '', ''),
(16, '9902', 'sanjeet', 'A 20, Sector 63, Noida, Uttar Pradesh', 9915512111, 'sanjeet@gmail.com', 100, 2089, '2005-05-15', '', '', '', ''),
(17, '9903', 'sanjeev', 'A 20, Sector 63, Noida, Uttar Pradesh', 9915512222, 'sanjeev@gmail.com', 100, 3089, '2005-05-15', '', '', '', ''),
(18, '9904', 'ambhuj', 'A 20, Sector 63, Noida, Uttar Pradesh', 9915512333, 'ambhuj@gmail.com', 100, 4089, '2005-05-15', '', '', '', ''),
(19, '9904', 'manish sir', 'A 20, Sector 63, Noida, Uttar Pradesh', 9915512444, 'manishsir@gmail.com', 100, 5089, '2005-05-15', '', '', '', ''),
(20, '9905', 'lucky', 'A 20, Sector 63, Noida, Uttar Pradesh', 9915512555, 'lucky@gmail.com', 100, 6089, '2005-05-15', '', '', '', '');

-- --------------------------------------------------------

--
-- Table structure for table `cylinder_images`
--

CREATE TABLE `cylinder_images` (
  `image_id` tinyint(3) UNSIGNED NOT NULL COMMENT 'image id',
  `image` varchar(150) NOT NULL COMMENT 'image',
  `status` enum('1','0') NOT NULL COMMENT 'image status (1 for enable or 0 for disable)'
) ENGINE=InnoDB DEFAULT CHARSET=utf8;

--
-- Dumping data for table `cylinder_images`
--

INSERT INTO `cylinder_images` (`image_id`, `image`, `status`) VALUES
(1, '12-kg-lpg-cylinder.jpg', '1'),
(2, 'ecbd4df986ebf85c8a2873572e804803.jpg', '1'),
(3, 'Gas-Secura-Safety-Device.jpg', '1'),
(4, 'lpg-cylinder.jpg', '1'),
(5, 'lpg-cylinders.jpg', '1'),
(6, 'lpg-cylinder-stand.jpeg', '1'),
(7, 'lpg-gas-cylinder-valve.jpg', '1'),
(8, 'product_59944376a0205.png', '1'),
(9, 'Refillable-empty-stainless-steel-50kg-lpg-cooking.jpg', '1'),
(10, 'toughened-glass-for-domestic.jpeg', '1');

-- --------------------------------------------------------

--
-- Table structure for table `field_inspectors`
--

CREATE TABLE `field_inspectors` (
  `field_inspector_id` int(10) UNSIGNED NOT NULL COMMENT 'field inspector id ',
  `full_name` varchar(50) NOT NULL COMMENT 'full name',
  `area` varchar(255) NOT NULL COMMENT 'area',
  `aadhar_number` bigint(20) NOT NULL COMMENT 'aadhar number',
  `employee_id` varchar(50) NOT NULL COMMENT 'employee id',
  `company_head` int(10) UNSIGNED NOT NULL COMMENT 'company head id',
  `reasonal_head` int(10) UNSIGNED NOT NULL COMMENT 'reasonal head id',
  `supervisor` int(10) UNSIGNED NOT NULL COMMENT 'supervisor id',
  `email` varchar(100) NOT NULL COMMENT 'email',
  `password` varchar(32) NOT NULL COMMENT 'password',
  `token` varchar(15) NOT NULL COMMENT 'token',
  `status` enum('1','0') NOT NULL COMMENT 'status (1 for enable and 0 for disable)',
  `creation_time` datetime NOT NULL COMMENT 'creation time',
  `updation_time` datetime NOT NULL COMMENT 'updation_time'
) ENGINE=InnoDB DEFAULT CHARSET=utf8;

--
-- Dumping data for table `field_inspectors`
--

INSERT INTO `field_inspectors` (`field_inspector_id`, `full_name`, `area`, `aadhar_number`, `employee_id`, `company_head`, `reasonal_head`, `supervisor`, `email`, `password`, `token`, `status`, `creation_time`, `updation_time`) VALUES
(1, 'deepak sharma', 'Noida', 123123123123, '1123', 1, 1, 1, 'deepaktechugo@gmail.com', 'e10adc3949ba59abbe56e057f20f883e', '155163134541362', '1', '2019-01-16 11:20:00', '2019-01-16 11:20:00'),
(2, 'raman', 'Noida', 123123321300, '5551', 1, 1, 1, 'test@gmail.com', 'e10adc3949ba59abbe56e057f20f883e', '967693996476009', '1', '2019-01-21 10:00:00', '2019-01-21 10:00:00'),
(5, 'Abhay', 'Noida', 1234567890000, '123456', 1, 1, 1, 'abhay@gmail.com', 'c33367701511b4f6020ec61ded352059', '', '1', '2019-01-29 07:38:17', '2019-01-29 07:38:17'),
(6, 'vijay', 'noida', 7654567, 'Temp09', 1, 1, 1, 'vijay@gmail.com', 'e10adc3949ba59abbe56e057f20f883e', '603068336006253', '1', '2019-12-31 04:43:35', '2019-12-31 04:43:35');

-- --------------------------------------------------------

--
-- Table structure for table `import_consumers_sample`
--

CREATE TABLE `import_consumers_sample` (
  `DIST_CODE` varchar(255) DEFAULT NULL,
  `CONS_NO` varchar(255) DEFAULT NULL,
  `CONS_ID` varchar(255) DEFAULT NULL,
  `CONS_NAME` varchar(255) DEFAULT NULL,
  `ADDRESS` varchar(255) DEFAULT NULL,
  `CONS_CITY` varchar(255) DEFAULT NULL,
  `STATUS` varchar(255) DEFAULT NULL,
  `AREA_NAME` varchar(255) DEFAULT NULL,
  `MOBILE` varchar(255) DEFAULT NULL,
  `RUBBER_TUBE_INSP_DATE` varchar(255) DEFAULT NULL,
  `MANDATORY_CHECK_DATE` varchar(255) DEFAULT NULL
) ENGINE=InnoDB DEFAULT CHARSET=utf8;

-- --------------------------------------------------------

--
-- Table structure for table `inspections`
--

CREATE TABLE `inspections` (
  `inspection_id` int(10) UNSIGNED NOT NULL COMMENT 'inspection id',
  `question_id` int(10) UNSIGNED NOT NULL COMMENT 'question id',
  `answer` varchar(255) NOT NULL COMMENT 'answer',
  `field_inspector_id` int(10) UNSIGNED NOT NULL COMMENT 'field inspector id',
  `assigned_consumer_id` int(10) UNSIGNED NOT NULL COMMENT 'assigned consumer id',
  `creation_time` datetime NOT NULL COMMENT 'creation time'
) ENGINE=InnoDB DEFAULT CHARSET=utf8;

--
-- Dumping data for table `inspections`
--

INSERT INTO `inspections` (`inspection_id`, `question_id`, `answer`, `field_inspector_id`, `assigned_consumer_id`, `creation_time`) VALUES
(1, 1, 'yes', 1, 19, '2019-02-01 14:45:10'),
(2, 2, 'yes', 1, 19, '2019-02-01 14:45:10'),
(3, 3, 'no', 1, 19, '2019-02-01 14:45:10'),
(4, 4, 'no', 1, 19, '2019-02-01 14:45:10'),
(5, 5, 'no', 1, 19, '2019-02-01 14:45:10'),
(6, 6, 'no', 1, 19, '2019-02-01 14:45:10'),
(7, 7, 'no', 1, 19, '2019-02-01 14:45:10'),
(8, 8, 'yes', 1, 19, '2019-02-01 14:45:10'),
(9, 24, 'yes', 1, 19, '2019-02-01 14:45:10'),
(10, 25, 'yes', 1, 19, '2019-02-01 14:45:10'),
(11, 26, 'no', 1, 19, '2019-02-01 14:45:10'),
(12, 27, 'no', 1, 19, '2019-02-01 14:45:10'),
(13, 28, 'no', 1, 19, '2019-02-01 14:45:10'),
(14, 29, 'no', 1, 19, '2019-02-01 14:45:10'),
(15, 30, 'yes', 1, 19, '2019-02-01 14:45:10'),
(16, 31, 'yes', 1, 19, '2019-02-01 14:45:10'),
(17, 32, 'no', 1, 19, '2019-02-01 14:45:10'),
(18, 33, 'yes', 1, 19, '2019-02-01 14:45:10'),
(19, 34, 'no', 1, 19, '2019-02-01 14:45:10'),
(20, 35, 'no', 1, 19, '2019-02-01 14:45:10'),
(21, 36, 'no', 1, 19, '2019-02-01 14:45:10'),
(22, 37, 'no', 1, 19, '2019-02-01 14:45:10'),
(23, 38, 'yes', 1, 19, '2019-02-01 14:45:10'),
(24, 39, 'yes', 1, 19, '2019-02-01 14:45:10'),
(25, 18, 'no', 1, 19, '2019-02-01 14:45:10'),
(26, 19, 'no', 1, 19, '2019-02-01 14:45:10'),
(27, 20, 'yes', 1, 19, '2019-02-01 14:45:10'),
(28, 21, 'yes', 1, 19, '2019-02-01 14:45:10'),
(29, 22, 'yes', 1, 19, '2019-02-01 14:45:10'),
(30, 23, 'yes', 1, 19, '2019-02-01 14:45:10'),
(31, 9, 'no', 1, 19, '2019-02-01 14:45:10'),
(32, 10, 'no', 1, 19, '2019-02-01 14:45:10'),
(33, 11, 'no', 1, 19, '2019-02-01 14:45:10'),
(34, 12, 'no', 1, 19, '2019-02-01 14:45:10'),
(35, 13, 'yes', 1, 19, '2019-02-01 14:45:10'),
(36, 14, 'yes', 1, 19, '2019-02-01 14:45:10'),
(37, 15, 'no', 1, 19, '2019-02-01 14:45:10'),
(38, 16, 'no', 1, 19, '2019-02-01 14:45:10'),
(39, 17, 'no', 1, 19, '2019-02-01 14:45:10'),
(40, 1, 'yes', 1, 20, '2019-02-01 14:47:50'),
(41, 2, 'yes', 1, 20, '2019-02-01 14:47:50'),
(42, 3, 'yes', 1, 20, '2019-02-01 14:47:50'),
(43, 4, 'no', 1, 20, '2019-02-01 14:47:50'),
(44, 5, 'no', 1, 20, '2019-02-01 14:47:50'),
(45, 6, 'no', 1, 20, '2019-02-01 14:47:50'),
(46, 7, 'no', 1, 20, '2019-02-01 14:47:50'),
(47, 8, 'yes', 1, 20, '2019-02-01 14:47:50'),
(48, 24, 'no', 1, 20, '2019-02-01 14:47:50'),
(49, 25, 'no', 1, 20, '2019-02-01 14:47:50'),
(50, 26, 'no', 1, 20, '2019-02-01 14:47:50'),
(51, 27, 'no', 1, 20, '2019-02-01 14:47:50'),
(52, 28, 'no', 1, 20, '2019-02-01 14:47:50'),
(53, 29, 'no', 1, 20, '2019-02-01 14:47:50'),
(54, 30, 'no', 1, 20, '2019-02-01 14:47:50'),
(55, 31, 'no', 1, 20, '2019-02-01 14:47:50'),
(56, 32, 'no', 1, 20, '2019-02-01 14:47:50'),
(57, 33, 'yes', 1, 20, '2019-02-01 14:47:50'),
(58, 34, 'yes', 1, 20, '2019-02-01 14:47:50'),
(59, 35, 'yes', 1, 20, '2019-02-01 14:47:50'),
(60, 36, 'yes', 1, 20, '2019-02-01 14:47:50'),
(61, 37, 'yes', 1, 20, '2019-02-01 14:47:50'),
(62, 38, 'yes', 1, 20, '2019-02-01 14:47:50'),
(63, 39, 'no', 1, 20, '2019-02-01 14:47:50'),
(64, 18, 'no', 1, 20, '2019-02-01 14:47:50'),
(65, 19, 'no', 1, 20, '2019-02-01 14:47:50'),
(66, 20, 'yes', 1, 20, '2019-02-01 14:47:50'),
(67, 21, 'yes', 1, 20, '2019-02-01 14:47:50'),
(68, 22, 'yes', 1, 20, '2019-02-01 14:47:50'),
(69, 23, 'no', 1, 20, '2019-02-01 14:47:50'),
(70, 9, 'no', 1, 20, '2019-02-01 14:47:50'),
(71, 10, 'no', 1, 20, '2019-02-01 14:47:50'),
(72, 11, 'no', 1, 20, '2019-02-01 14:47:50'),
(73, 12, 'yes', 1, 20, '2019-02-01 14:47:50'),
(74, 13, 'no', 1, 20, '2019-02-01 14:47:50'),
(75, 14, 'no', 1, 20, '2019-02-01 14:47:50'),
(76, 15, 'yes', 1, 20, '2019-02-01 14:47:50'),
(77, 16, 'yes', 1, 20, '2019-02-01 14:47:50'),
(78, 17, 'yes', 1, 20, '2019-02-01 14:47:50'),
(79, 1, 'no', 1, 18, '2019-02-01 15:07:53'),
(80, 2, 'no', 1, 18, '2019-02-01 15:07:53'),
(81, 3, 'no', 1, 18, '2019-02-01 15:07:53'),
(82, 4, 'no', 1, 18, '2019-02-01 15:07:53'),
(83, 5, 'yes', 1, 18, '2019-02-01 15:07:53'),
(84, 6, 'yes', 1, 18, '2019-02-01 15:07:53'),
(85, 7, 'no', 1, 18, '2019-02-01 15:07:53'),
(86, 8, 'yes', 1, 18, '2019-02-01 15:07:53'),
(87, 24, 'no', 1, 18, '2019-02-01 15:07:53'),
(88, 25, 'yes', 1, 18, '2019-02-01 15:07:53'),
(89, 26, 'yes', 1, 18, '2019-02-01 15:07:53'),
(90, 27, 'no', 1, 18, '2019-02-01 15:07:53'),
(91, 28, 'yes', 1, 18, '2019-02-01 15:07:53'),
(92, 29, 'yes', 1, 18, '2019-02-01 15:07:53'),
(93, 30, 'no', 1, 18, '2019-02-01 15:07:53'),
(94, 31, 'yes', 1, 18, '2019-02-01 15:07:53'),
(95, 32, 'no', 1, 18, '2019-02-01 15:07:53'),
(96, 33, 'yes', 1, 18, '2019-02-01 15:07:53'),
(97, 34, 'yes', 1, 18, '2019-02-01 15:07:53'),
(98, 35, 'no', 1, 18, '2019-02-01 15:07:53'),
(99, 36, 'yes', 1, 18, '2019-02-01 15:07:53'),
(100, 37, 'no', 1, 18, '2019-02-01 15:07:53'),
(101, 38, 'no', 1, 18, '2019-02-01 15:07:53'),
(102, 39, 'yes', 1, 18, '2019-02-01 15:07:53'),
(103, 18, 'yes', 1, 18, '2019-02-01 15:07:53'),
(104, 19, 'yes', 1, 18, '2019-02-01 15:07:53'),
(105, 20, 'no', 1, 18, '2019-02-01 15:07:53'),
(106, 21, 'no', 1, 18, '2019-02-01 15:07:53'),
(107, 22, 'no', 1, 18, '2019-02-01 15:07:53'),
(108, 23, 'yes', 1, 18, '2019-02-01 15:07:53'),
(109, 9, 'no', 1, 18, '2019-02-01 15:07:53'),
(110, 10, 'no', 1, 18, '2019-02-01 15:07:53'),
(111, 11, 'yes', 1, 18, '2019-02-01 15:07:53'),
(112, 12, 'yes', 1, 18, '2019-02-01 15:07:53'),
(113, 13, 'yes', 1, 18, '2019-02-01 15:07:53'),
(114, 14, 'no', 1, 18, '2019-02-01 15:07:53'),
(115, 15, 'no', 1, 18, '2019-02-01 15:07:53'),
(116, 16, 'no', 1, 18, '2019-02-01 15:07:53'),
(117, 17, 'yes', 1, 18, '2019-02-01 15:07:53'),
(118, 1, 'yes', 1, 17, '2019-02-01 15:12:21'),
(119, 2, 'yes', 1, 17, '2019-02-01 15:12:21'),
(120, 3, 'no', 1, 17, '2019-02-01 15:12:21'),
(121, 4, 'no', 1, 17, '2019-02-01 15:12:21'),
(122, 5, 'no', 1, 17, '2019-02-01 15:12:21'),
(123, 6, 'no', 1, 17, '2019-02-01 15:12:21'),
(124, 7, 'yes', 1, 17, '2019-02-01 15:12:21'),
(125, 8, 'no', 1, 17, '2019-02-01 15:12:21'),
(126, 24, 'no', 1, 17, '2019-02-01 15:12:21'),
(127, 25, 'no', 1, 17, '2019-02-01 15:12:21'),
(128, 26, 'no', 1, 17, '2019-02-01 15:12:21'),
(129, 27, 'no', 1, 17, '2019-02-01 15:12:21'),
(130, 28, 'yes', 1, 17, '2019-02-01 15:12:21'),
(131, 29, 'yes', 1, 17, '2019-02-01 15:12:21'),
(132, 30, 'yes', 1, 17, '2019-02-01 15:12:21'),
(133, 31, 'no', 1, 17, '2019-02-01 15:12:21'),
(134, 32, 'no', 1, 17, '2019-02-01 15:12:21'),
(135, 33, 'no', 1, 17, '2019-02-01 15:12:21'),
(136, 34, 'no', 1, 17, '2019-02-01 15:12:21'),
(137, 35, 'no', 1, 17, '2019-02-01 15:12:21'),
(138, 36, 'no', 1, 17, '2019-02-01 15:12:21'),
(139, 37, 'no', 1, 17, '2019-02-01 15:12:21'),
(140, 38, 'yes', 1, 17, '2019-02-01 15:12:21'),
(141, 39, 'yes', 1, 17, '2019-02-01 15:12:21'),
(142, 18, 'no', 1, 17, '2019-02-01 15:12:21'),
(143, 19, 'no', 1, 17, '2019-02-01 15:12:21'),
(144, 20, 'no', 1, 17, '2019-02-01 15:12:21'),
(145, 21, 'no', 1, 17, '2019-02-01 15:12:21'),
(146, 22, 'no', 1, 17, '2019-02-01 15:12:21'),
(147, 23, 'no', 1, 17, '2019-02-01 15:12:21'),
(148, 9, 'no', 1, 17, '2019-02-01 15:12:21'),
(149, 10, 'no', 1, 17, '2019-02-01 15:12:21'),
(150, 11, 'no', 1, 17, '2019-02-01 15:12:21'),
(151, 12, 'no', 1, 17, '2019-02-01 15:12:21'),
(152, 13, 'no', 1, 17, '2019-02-01 15:12:21'),
(153, 14, 'no', 1, 17, '2019-02-01 15:12:21'),
(154, 15, 'no', 1, 17, '2019-02-01 15:12:21'),
(155, 16, 'no', 1, 17, '2019-02-01 15:12:21'),
(156, 17, 'no', 1, 17, '2019-02-01 15:12:21'),
(157, 1, 'no', 1, 11, '2019-02-04 07:15:25'),
(158, 2, 'no', 1, 11, '2019-02-04 07:15:25'),
(159, 3, 'no', 1, 11, '2019-02-04 07:15:25'),
(160, 4, 'no', 1, 11, '2019-02-04 07:15:25'),
(161, 5, 'no', 1, 11, '2019-02-04 07:15:25'),
(162, 6, 'no', 1, 11, '2019-02-04 07:15:25'),
(163, 7, 'no', 1, 11, '2019-02-04 07:15:25'),
(164, 8, 'no', 1, 11, '2019-02-04 07:15:25'),
(165, 24, 'no', 1, 11, '2019-02-04 07:15:25'),
(166, 25, 'no', 1, 11, '2019-02-04 07:15:25'),
(167, 26, 'no', 1, 11, '2019-02-04 07:15:25'),
(168, 27, 'no', 1, 11, '2019-02-04 07:15:25'),
(169, 28, 'no', 1, 11, '2019-02-04 07:15:25'),
(170, 29, 'no', 1, 11, '2019-02-04 07:15:25'),
(171, 30, 'no', 1, 11, '2019-02-04 07:15:25'),
(172, 31, 'no', 1, 11, '2019-02-04 07:15:25'),
(173, 32, 'no', 1, 11, '2019-02-04 07:15:25'),
(174, 33, 'no', 1, 11, '2019-02-04 07:15:25'),
(175, 34, 'no', 1, 11, '2019-02-04 07:15:25'),
(176, 35, 'no', 1, 11, '2019-02-04 07:15:25'),
(177, 36, 'no', 1, 11, '2019-02-04 07:15:25'),
(178, 37, 'no', 1, 11, '2019-02-04 07:15:25'),
(179, 38, 'no', 1, 11, '2019-02-04 07:15:25'),
(180, 39, 'no', 1, 11, '2019-02-04 07:15:25'),
(181, 18, 'no', 1, 11, '2019-02-04 07:15:25'),
(182, 19, 'no', 1, 11, '2019-02-04 07:15:25'),
(183, 20, 'no', 1, 11, '2019-02-04 07:15:25'),
(184, 21, 'no', 1, 11, '2019-02-04 07:15:25'),
(185, 22, 'no', 1, 11, '2019-02-04 07:15:25'),
(186, 23, 'no', 1, 11, '2019-02-04 07:15:25'),
(187, 9, 'no', 1, 11, '2019-02-04 07:15:25'),
(188, 10, 'no', 1, 11, '2019-02-04 07:15:25'),
(189, 11, 'no', 1, 11, '2019-02-04 07:15:25'),
(190, 12, 'no', 1, 11, '2019-02-04 07:15:25'),
(191, 13, 'no', 1, 11, '2019-02-04 07:15:25'),
(192, 14, 'no', 1, 11, '2019-02-04 07:15:25'),
(193, 15, 'no', 1, 11, '2019-02-04 07:15:25'),
(194, 16, 'no', 1, 11, '2019-02-04 07:15:25'),
(195, 17, 'no', 1, 11, '2019-02-04 07:15:25'),
(196, 1, 'no', 1, 12, '2019-02-04 07:18:53'),
(197, 2, 'no', 1, 12, '2019-02-04 07:18:53'),
(198, 3, 'no', 1, 12, '2019-02-04 07:18:53'),
(199, 4, 'no', 1, 12, '2019-02-04 07:18:53'),
(200, 5, 'no', 1, 12, '2019-02-04 07:18:53'),
(201, 6, 'no', 1, 12, '2019-02-04 07:18:53'),
(202, 7, 'no', 1, 12, '2019-02-04 07:18:53'),
(203, 8, 'no', 1, 12, '2019-02-04 07:18:53'),
(204, 24, 'no', 1, 12, '2019-02-04 07:18:53'),
(205, 25, 'no', 1, 12, '2019-02-04 07:18:53'),
(206, 26, 'no', 1, 12, '2019-02-04 07:18:53'),
(207, 27, 'no', 1, 12, '2019-02-04 07:18:53'),
(208, 28, 'no', 1, 12, '2019-02-04 07:18:53'),
(209, 29, 'no', 1, 12, '2019-02-04 07:18:53'),
(210, 30, 'no', 1, 12, '2019-02-04 07:18:53'),
(211, 31, 'no', 1, 12, '2019-02-04 07:18:53'),
(212, 32, 'no', 1, 12, '2019-02-04 07:18:53'),
(213, 33, 'no', 1, 12, '2019-02-04 07:18:53'),
(214, 34, 'no', 1, 12, '2019-02-04 07:18:53'),
(215, 35, 'no', 1, 12, '2019-02-04 07:18:53'),
(216, 36, 'no', 1, 12, '2019-02-04 07:18:53'),
(217, 37, 'no', 1, 12, '2019-02-04 07:18:53'),
(218, 38, 'no', 1, 12, '2019-02-04 07:18:53'),
(219, 39, 'no', 1, 12, '2019-02-04 07:18:53'),
(220, 18, 'no', 1, 12, '2019-02-04 07:18:53'),
(221, 19, 'no', 1, 12, '2019-02-04 07:18:53'),
(222, 20, 'no', 1, 12, '2019-02-04 07:18:53'),
(223, 21, 'no', 1, 12, '2019-02-04 07:18:53'),
(224, 22, 'no', 1, 12, '2019-02-04 07:18:53'),
(225, 23, 'no', 1, 12, '2019-02-04 07:18:53'),
(226, 9, 'no', 1, 12, '2019-02-04 07:18:53'),
(227, 10, 'no', 1, 12, '2019-02-04 07:18:53'),
(228, 11, 'no', 1, 12, '2019-02-04 07:18:53'),
(229, 12, 'no', 1, 12, '2019-02-04 07:18:53'),
(230, 13, 'no', 1, 12, '2019-02-04 07:18:53'),
(231, 14, 'no', 1, 12, '2019-02-04 07:18:53'),
(232, 15, 'no', 1, 12, '2019-02-04 07:18:53'),
(233, 16, 'no', 1, 12, '2019-02-04 07:18:53'),
(234, 17, 'no', 1, 12, '2019-02-04 07:18:53'),
(235, 1, 'no', 1, 13, '2019-02-05 07:11:03'),
(236, 2, 'no', 1, 13, '2019-02-05 07:11:03'),
(237, 3, 'no', 1, 13, '2019-02-05 07:11:03'),
(238, 4, 'no', 1, 13, '2019-02-05 07:11:03'),
(239, 5, 'no', 1, 13, '2019-02-05 07:11:03'),
(240, 6, 'no', 1, 13, '2019-02-05 07:11:03'),
(241, 7, 'no', 1, 13, '2019-02-05 07:11:03'),
(242, 8, 'no', 1, 13, '2019-02-05 07:11:03'),
(243, 24, 'no', 1, 13, '2019-02-05 07:11:03'),
(244, 25, 'no', 1, 13, '2019-02-05 07:11:03'),
(245, 26, 'no', 1, 13, '2019-02-05 07:11:03'),
(246, 27, 'no', 1, 13, '2019-02-05 07:11:03'),
(247, 28, 'no', 1, 13, '2019-02-05 07:11:03'),
(248, 29, 'no', 1, 13, '2019-02-05 07:11:03'),
(249, 30, 'no', 1, 13, '2019-02-05 07:11:03'),
(250, 31, 'no', 1, 13, '2019-02-05 07:11:03'),
(251, 32, 'no', 1, 13, '2019-02-05 07:11:03'),
(252, 33, 'no', 1, 13, '2019-02-05 07:11:03'),
(253, 34, 'no', 1, 13, '2019-02-05 07:11:03'),
(254, 35, 'no', 1, 13, '2019-02-05 07:11:03'),
(255, 36, 'no', 1, 13, '2019-02-05 07:11:03'),
(256, 37, 'no', 1, 13, '2019-02-05 07:11:03'),
(257, 38, 'no', 1, 13, '2019-02-05 07:11:03'),
(258, 39, 'no', 1, 13, '2019-02-05 07:11:03'),
(259, 18, 'no', 1, 13, '2019-02-05 07:11:03'),
(260, 19, 'no', 1, 13, '2019-02-05 07:11:03'),
(261, 20, 'no', 1, 13, '2019-02-05 07:11:03'),
(262, 21, 'no', 1, 13, '2019-02-05 07:11:03'),
(263, 22, 'no', 1, 13, '2019-02-05 07:11:03'),
(264, 23, 'no', 1, 13, '2019-02-05 07:11:03'),
(265, 9, 'no', 1, 13, '2019-02-05 07:11:03'),
(266, 10, 'no', 1, 13, '2019-02-05 07:11:03'),
(267, 11, 'no', 1, 13, '2019-02-05 07:11:03'),
(268, 12, 'no', 1, 13, '2019-02-05 07:11:03'),
(269, 13, 'no', 1, 13, '2019-02-05 07:11:03'),
(270, 14, 'no', 1, 13, '2019-02-05 07:11:03'),
(271, 15, 'no', 1, 13, '2019-02-05 07:11:03'),
(272, 16, 'no', 1, 13, '2019-02-05 07:11:03'),
(273, 17, 'no', 1, 13, '2019-02-05 07:11:03'),
(274, 1, 'yes', 2, 11, '2019-02-06 07:12:30'),
(275, 2, 'no', 2, 11, '2019-02-06 07:12:30'),
(276, 1, 'yes', 2, 16, '2019-02-06 07:24:24'),
(277, 2, 'no', 2, 16, '2019-02-06 07:24:24'),
(278, 1, 'yes', 2, 15, '2019-02-06 07:45:11'),
(279, 2, 'no', 2, 15, '2019-02-06 07:45:11'),
(280, 1, 'no', 1, 14, '2019-02-19 10:47:30'),
(281, 2, 'no', 1, 14, '2019-02-19 10:47:30'),
(282, 3, 'no', 1, 14, '2019-02-19 10:47:30'),
(283, 4, 'no', 1, 14, '2019-02-19 10:47:30'),
(284, 5, 'no', 1, 14, '2019-02-19 10:47:30'),
(285, 6, 'no', 1, 14, '2019-02-19 10:47:30'),
(286, 7, 'no', 1, 14, '2019-02-19 10:47:30'),
(287, 8, 'no', 1, 14, '2019-02-19 10:47:30'),
(288, 24, 'no', 1, 14, '2019-02-19 10:47:30'),
(289, 25, 'no', 1, 14, '2019-02-19 10:47:30'),
(290, 26, 'no', 1, 14, '2019-02-19 10:47:30'),
(291, 27, 'no', 1, 14, '2019-02-19 10:47:30'),
(292, 28, 'no', 1, 14, '2019-02-19 10:47:30'),
(293, 29, 'no', 1, 14, '2019-02-19 10:47:30'),
(294, 30, 'no', 1, 14, '2019-02-19 10:47:30'),
(295, 31, 'no', 1, 14, '2019-02-19 10:47:30'),
(296, 32, 'no', 1, 14, '2019-02-19 10:47:30'),
(297, 33, 'no', 1, 14, '2019-02-19 10:47:30'),
(298, 34, 'no', 1, 14, '2019-02-19 10:47:30'),
(299, 35, 'no', 1, 14, '2019-02-19 10:47:30'),
(300, 36, 'no', 1, 14, '2019-02-19 10:47:30'),
(301, 37, 'no', 1, 14, '2019-02-19 10:47:30'),
(302, 38, 'no', 1, 14, '2019-02-19 10:47:30'),
(303, 39, 'no', 1, 14, '2019-02-19 10:47:30'),
(304, 18, 'no', 1, 14, '2019-02-19 10:47:30'),
(305, 19, 'no', 1, 14, '2019-02-19 10:47:30'),
(306, 20, 'no', 1, 14, '2019-02-19 10:47:30'),
(307, 21, 'no', 1, 14, '2019-02-19 10:47:30'),
(308, 22, 'no', 1, 14, '2019-02-19 10:47:30'),
(309, 23, 'no', 1, 14, '2019-02-19 10:47:30'),
(310, 9, 'no', 1, 14, '2019-02-19 10:47:30'),
(311, 10, 'no', 1, 14, '2019-02-19 10:47:30'),
(312, 11, 'no', 1, 14, '2019-02-19 10:47:30'),
(313, 12, 'no', 1, 14, '2019-02-19 10:47:30'),
(314, 13, 'no', 1, 14, '2019-02-19 10:47:30'),
(315, 14, 'no', 1, 14, '2019-02-19 10:47:30'),
(316, 15, 'no', 1, 14, '2019-02-19 10:47:30'),
(317, 16, 'no', 1, 14, '2019-02-19 10:47:30'),
(318, 17, 'no', 1, 14, '2019-02-19 10:47:30'),
(319, 1, 'no', 1, 16, '2019-02-19 10:48:50'),
(320, 2, 'no', 1, 16, '2019-02-19 10:48:50'),
(321, 3, 'yes', 1, 16, '2019-02-19 10:48:50'),
(322, 4, 'no', 1, 16, '2019-02-19 10:48:50'),
(323, 5, 'no', 1, 16, '2019-02-19 10:48:50'),
(324, 6, 'no', 1, 16, '2019-02-19 10:48:50'),
(325, 7, 'no', 1, 16, '2019-02-19 10:48:50'),
(326, 8, 'no', 1, 16, '2019-02-19 10:48:50'),
(327, 24, 'no', 1, 16, '2019-02-19 10:48:50'),
(328, 25, 'no', 1, 16, '2019-02-19 10:48:50'),
(329, 26, 'no', 1, 16, '2019-02-19 10:48:50'),
(330, 27, 'no', 1, 16, '2019-02-19 10:48:50'),
(331, 28, 'no', 1, 16, '2019-02-19 10:48:50'),
(332, 29, 'yes', 1, 16, '2019-02-19 10:48:50'),
(333, 30, 'no', 1, 16, '2019-02-19 10:48:50'),
(334, 31, 'no', 1, 16, '2019-02-19 10:48:50'),
(335, 32, 'no', 1, 16, '2019-02-19 10:48:50'),
(336, 33, 'no', 1, 16, '2019-02-19 10:48:50'),
(337, 34, 'no', 1, 16, '2019-02-19 10:48:50'),
(338, 35, 'no', 1, 16, '2019-02-19 10:48:50'),
(339, 36, 'no', 1, 16, '2019-02-19 10:48:50'),
(340, 37, 'no', 1, 16, '2019-02-19 10:48:50'),
(341, 38, 'no', 1, 16, '2019-02-19 10:48:50'),
(342, 39, 'no', 1, 16, '2019-02-19 10:48:50'),
(343, 18, 'no', 1, 16, '2019-02-19 10:48:50'),
(344, 19, 'no', 1, 16, '2019-02-19 10:48:50'),
(345, 20, 'no', 1, 16, '2019-02-19 10:48:50'),
(346, 21, 'no', 1, 16, '2019-02-19 10:48:50'),
(347, 22, 'no', 1, 16, '2019-02-19 10:48:50'),
(348, 23, 'no', 1, 16, '2019-02-19 10:48:50'),
(349, 9, 'no', 1, 16, '2019-02-19 10:48:50'),
(350, 10, 'no', 1, 16, '2019-02-19 10:48:50'),
(351, 11, 'no', 1, 16, '2019-02-19 10:48:50'),
(352, 12, 'no', 1, 16, '2019-02-19 10:48:50'),
(353, 13, 'no', 1, 16, '2019-02-19 10:48:50'),
(354, 14, 'no', 1, 16, '2019-02-19 10:48:50'),
(355, 15, 'no', 1, 16, '2019-02-19 10:48:50'),
(356, 16, 'no', 1, 16, '2019-02-19 10:48:50'),
(357, 17, 'no', 1, 16, '2019-02-19 10:48:50'),
(358, 1, 'no', 1, 15, '2019-02-19 11:32:13'),
(359, 2, 'no', 1, 15, '2019-02-19 11:32:13'),
(360, 3, 'no', 1, 15, '2019-02-19 11:32:13'),
(361, 4, 'no', 1, 15, '2019-02-19 11:32:13'),
(362, 5, 'no', 1, 15, '2019-02-19 11:32:13'),
(363, 6, 'no', 1, 15, '2019-02-19 11:32:13'),
(364, 7, 'no', 1, 15, '2019-02-19 11:32:13'),
(365, 8, 'no', 1, 15, '2019-02-19 11:32:13'),
(366, 24, 'no', 1, 15, '2019-02-19 11:32:13'),
(367, 25, 'no', 1, 15, '2019-02-19 11:32:13'),
(368, 26, 'no', 1, 15, '2019-02-19 11:32:13'),
(369, 27, 'no', 1, 15, '2019-02-19 11:32:13'),
(370, 28, 'no', 1, 15, '2019-02-19 11:32:13'),
(371, 29, 'no', 1, 15, '2019-02-19 11:32:13'),
(372, 30, 'no', 1, 15, '2019-02-19 11:32:13'),
(373, 31, 'no', 1, 15, '2019-02-19 11:32:13'),
(374, 32, 'no', 1, 15, '2019-02-19 11:32:13'),
(375, 33, 'no', 1, 15, '2019-02-19 11:32:13'),
(376, 34, 'no', 1, 15, '2019-02-19 11:32:13'),
(377, 35, 'no', 1, 15, '2019-02-19 11:32:13'),
(378, 36, 'no', 1, 15, '2019-02-19 11:32:13'),
(379, 37, 'no', 1, 15, '2019-02-19 11:32:13'),
(380, 38, 'no', 1, 15, '2019-02-19 11:32:13'),
(381, 39, 'no', 1, 15, '2019-02-19 11:32:13'),
(382, 18, 'no', 1, 15, '2019-02-19 11:32:13'),
(383, 19, 'no', 1, 15, '2019-02-19 11:32:13'),
(384, 20, 'no', 1, 15, '2019-02-19 11:32:13'),
(385, 21, 'no', 1, 15, '2019-02-19 11:32:13'),
(386, 22, 'no', 1, 15, '2019-02-19 11:32:13'),
(387, 23, 'no', 1, 15, '2019-02-19 11:32:13'),
(388, 9, 'no', 1, 15, '2019-02-19 11:32:13'),
(389, 10, 'no', 1, 15, '2019-02-19 11:32:13'),
(390, 11, 'no', 1, 15, '2019-02-19 11:32:13'),
(391, 12, 'no', 1, 15, '2019-02-19 11:32:13'),
(392, 13, 'no', 1, 15, '2019-02-19 11:32:13'),
(393, 14, 'no', 1, 15, '2019-02-19 11:32:13'),
(394, 15, 'no', 1, 15, '2019-02-19 11:32:13'),
(395, 16, 'no', 1, 15, '2019-02-19 11:32:13'),
(396, 17, 'no', 1, 15, '2019-02-19 11:32:13'),
(397, 1, 'no', 2, 1, '2019-02-22 08:17:45'),
(398, 2, 'no', 2, 1, '2019-02-22 08:17:45'),
(399, 3, 'no', 2, 1, '2019-02-22 08:17:45'),
(400, 4, 'no', 2, 1, '2019-02-22 08:17:45'),
(401, 5, 'no', 2, 1, '2019-02-22 08:17:45'),
(402, 6, 'no', 2, 1, '2019-02-22 08:17:45'),
(403, 7, 'no', 2, 1, '2019-02-22 08:17:45'),
(404, 8, 'no', 2, 1, '2019-02-22 08:17:45'),
(405, 24, 'no', 2, 1, '2019-02-22 08:17:45'),
(406, 25, 'no', 2, 1, '2019-02-22 08:17:45'),
(407, 26, 'no', 2, 1, '2019-02-22 08:17:45'),
(408, 27, 'no', 2, 1, '2019-02-22 08:17:45'),
(409, 28, 'no', 2, 1, '2019-02-22 08:17:45'),
(410, 29, 'no', 2, 1, '2019-02-22 08:17:45'),
(411, 30, 'no', 2, 1, '2019-02-22 08:17:45'),
(412, 31, 'no', 2, 1, '2019-02-22 08:17:45'),
(413, 32, 'no', 2, 1, '2019-02-22 08:17:45'),
(414, 33, 'no', 2, 1, '2019-02-22 08:17:45'),
(415, 34, 'no', 2, 1, '2019-02-22 08:17:45'),
(416, 35, 'no', 2, 1, '2019-02-22 08:17:45'),
(417, 36, 'no', 2, 1, '2019-02-22 08:17:45'),
(418, 37, 'no', 2, 1, '2019-02-22 08:17:45'),
(419, 38, 'no', 2, 1, '2019-02-22 08:17:45'),
(420, 39, 'no', 2, 1, '2019-02-22 08:17:45'),
(421, 18, 'no', 2, 1, '2019-02-22 08:17:45'),
(422, 19, 'no', 2, 1, '2019-02-22 08:17:45'),
(423, 20, 'no', 2, 1, '2019-02-22 08:17:45'),
(424, 21, 'no', 2, 1, '2019-02-22 08:17:45'),
(425, 22, 'no', 2, 1, '2019-02-22 08:17:45'),
(426, 23, 'no', 2, 1, '2019-02-22 08:17:45'),
(427, 9, 'no', 2, 1, '2019-02-22 08:17:45'),
(428, 10, 'no', 2, 1, '2019-02-22 08:17:45'),
(429, 11, 'no', 2, 1, '2019-02-22 08:17:45'),
(430, 12, 'no', 2, 1, '2019-02-22 08:17:45'),
(431, 13, 'no', 2, 1, '2019-02-22 08:17:45'),
(432, 14, 'no', 2, 1, '2019-02-22 08:17:45'),
(433, 15, 'no', 2, 1, '2019-02-22 08:17:45'),
(434, 16, 'no', 2, 1, '2019-02-22 08:17:45'),
(435, 17, 'no', 2, 1, '2019-02-22 08:17:45'),
(436, 1, 'no', 2, 2, '2019-02-22 08:28:49'),
(437, 2, 'yes', 2, 2, '2019-02-22 08:28:49'),
(438, 3, 'yes', 2, 2, '2019-02-22 08:28:49'),
(439, 4, 'yes', 2, 2, '2019-02-22 08:28:49'),
(440, 5, 'no', 2, 2, '2019-02-22 08:28:49'),
(441, 6, 'yes', 2, 2, '2019-02-22 08:28:49'),
(442, 7, 'yes', 2, 2, '2019-02-22 08:28:49'),
(443, 8, 'no', 2, 2, '2019-02-22 08:28:49'),
(444, 24, 'yes', 2, 2, '2019-02-22 08:28:49'),
(445, 25, 'yes', 2, 2, '2019-02-22 08:28:49'),
(446, 26, 'yes', 2, 2, '2019-02-22 08:28:49'),
(447, 27, 'yes', 2, 2, '2019-02-22 08:28:49'),
(448, 28, 'yes', 2, 2, '2019-02-22 08:28:49'),
(449, 29, 'yes', 2, 2, '2019-02-22 08:28:49'),
(450, 30, 'yes', 2, 2, '2019-02-22 08:28:49'),
(451, 31, 'yes', 2, 2, '2019-02-22 08:28:49'),
(452, 32, 'yes', 2, 2, '2019-02-22 08:28:49'),
(453, 33, 'yes', 2, 2, '2019-02-22 08:28:49'),
(454, 34, 'yes', 2, 2, '2019-02-22 08:28:49'),
(455, 35, 'yes', 2, 2, '2019-02-22 08:28:49'),
(456, 36, 'yes', 2, 2, '2019-02-22 08:28:49'),
(457, 37, 'yes', 2, 2, '2019-02-22 08:28:49'),
(458, 38, 'yes', 2, 2, '2019-02-22 08:28:49'),
(459, 39, 'yes', 2, 2, '2019-02-22 08:28:49'),
(460, 18, 'no', 2, 2, '2019-02-22 08:28:49'),
(461, 19, 'yes', 2, 2, '2019-02-22 08:28:49'),
(462, 20, 'yes', 2, 2, '2019-02-22 08:28:49'),
(463, 21, 'yes', 2, 2, '2019-02-22 08:28:49'),
(464, 22, 'yes', 2, 2, '2019-02-22 08:28:49'),
(465, 23, 'yes', 2, 2, '2019-02-22 08:28:49'),
(466, 9, 'yes', 2, 2, '2019-02-22 08:28:49'),
(467, 10, 'no', 2, 2, '2019-02-22 08:28:49'),
(468, 11, 'yes', 2, 2, '2019-02-22 08:28:49'),
(469, 12, 'yes', 2, 2, '2019-02-22 08:28:49'),
(470, 13, 'yes', 2, 2, '2019-02-22 08:28:49'),
(471, 14, 'yes', 2, 2, '2019-02-22 08:28:49'),
(472, 15, 'yes', 2, 2, '2019-02-22 08:28:49'),
(473, 16, 'yes', 2, 2, '2019-02-22 08:28:49'),
(474, 17, 'yes', 2, 2, '2019-02-22 08:28:49'),
(475, 1, 'yes', 2, 4, '2019-02-22 08:31:58'),
(476, 2, 'yes', 2, 4, '2019-02-22 08:31:58'),
(477, 3, 'no', 2, 4, '2019-02-22 08:31:58'),
(478, 4, 'yes', 2, 4, '2019-02-22 08:31:58'),
(479, 5, 'yes', 2, 4, '2019-02-22 08:31:58'),
(480, 6, 'yes', 2, 4, '2019-02-22 08:31:58'),
(481, 7, 'yes', 2, 4, '2019-02-22 08:31:58'),
(482, 8, 'yes', 2, 4, '2019-02-22 08:31:58'),
(483, 24, 'yes', 2, 4, '2019-02-22 08:31:58'),
(484, 25, 'yes', 2, 4, '2019-02-22 08:31:58'),
(485, 26, 'yes', 2, 4, '2019-02-22 08:31:58'),
(486, 27, 'yes', 2, 4, '2019-02-22 08:31:58'),
(487, 28, 'no', 2, 4, '2019-02-22 08:31:58'),
(488, 29, 'yes', 2, 4, '2019-02-22 08:31:58'),
(489, 30, 'yes', 2, 4, '2019-02-22 08:31:58'),
(490, 31, 'yes', 2, 4, '2019-02-22 08:31:58'),
(491, 32, 'yes', 2, 4, '2019-02-22 08:31:58'),
(492, 33, 'yes', 2, 4, '2019-02-22 08:31:58'),
(493, 34, 'yes', 2, 4, '2019-02-22 08:31:58'),
(494, 35, 'yes', 2, 4, '2019-02-22 08:31:58'),
(495, 36, 'yes', 2, 4, '2019-02-22 08:31:58'),
(496, 37, 'yes', 2, 4, '2019-02-22 08:31:58'),
(497, 38, 'yes', 2, 4, '2019-02-22 08:31:58'),
(498, 39, 'yes', 2, 4, '2019-02-22 08:31:58'),
(499, 18, 'yes', 2, 4, '2019-02-22 08:31:58'),
(500, 19, 'no', 2, 4, '2019-02-22 08:31:58'),
(501, 20, 'yes', 2, 4, '2019-02-22 08:31:58'),
(502, 21, 'yes', 2, 4, '2019-02-22 08:31:58'),
(503, 22, 'yes', 2, 4, '2019-02-22 08:31:58'),
(504, 23, 'yes', 2, 4, '2019-02-22 08:31:58'),
(505, 9, 'yes', 2, 4, '2019-02-22 08:31:58'),
(506, 10, 'yes', 2, 4, '2019-02-22 08:31:58'),
(507, 11, 'yes', 2, 4, '2019-02-22 08:31:58'),
(508, 12, 'yes', 2, 4, '2019-02-22 08:31:58'),
(509, 13, 'yes', 2, 4, '2019-02-22 08:31:58'),
(510, 14, 'yes', 2, 4, '2019-02-22 08:31:58'),
(511, 15, 'yes', 2, 4, '2019-02-22 08:31:58'),
(512, 16, 'yes', 2, 4, '2019-02-22 08:31:58'),
(513, 17, 'yes', 2, 4, '2019-02-22 08:31:58'),
(514, 1, 'yes', 2, 5, '2019-12-30 07:32:13'),
(515, 2, 'no', 2, 5, '2019-12-30 07:32:13'),
(516, 3, 'yes', 2, 5, '2019-12-30 07:32:13'),
(517, 4, 'no', 2, 5, '2019-12-30 07:32:13'),
(518, 5, 'no', 2, 5, '2019-12-30 07:32:13'),
(519, 6, 'no', 2, 5, '2019-12-30 07:32:13'),
(520, 7, 'no', 2, 5, '2019-12-30 07:32:13'),
(521, 8, 'no', 2, 5, '2019-12-30 07:32:13'),
(522, 24, 'no', 2, 5, '2019-12-30 07:32:13'),
(523, 25, 'no', 2, 5, '2019-12-30 07:32:13'),
(524, 26, 'no', 2, 5, '2019-12-30 07:32:13'),
(525, 27, 'no', 2, 5, '2019-12-30 07:32:13'),
(526, 28, 'no', 2, 5, '2019-12-30 07:32:13'),
(527, 29, 'no', 2, 5, '2019-12-30 07:32:13'),
(528, 30, 'no', 2, 5, '2019-12-30 07:32:13'),
(529, 31, 'no', 2, 5, '2019-12-30 07:32:13'),
(530, 32, 'no', 2, 5, '2019-12-30 07:32:13'),
(531, 33, 'no', 2, 5, '2019-12-30 07:32:13'),
(532, 34, 'no', 2, 5, '2019-12-30 07:32:13'),
(533, 35, 'no', 2, 5, '2019-12-30 07:32:13'),
(534, 36, 'no', 2, 5, '2019-12-30 07:32:13'),
(535, 37, 'no', 2, 5, '2019-12-30 07:32:13'),
(536, 38, 'no', 2, 5, '2019-12-30 07:32:13'),
(537, 39, 'yes', 2, 5, '2019-12-30 07:32:13'),
(538, 18, 'yes', 2, 5, '2019-12-30 07:32:13'),
(539, 19, 'no', 2, 5, '2019-12-30 07:32:13'),
(540, 20, 'no', 2, 5, '2019-12-30 07:32:13'),
(541, 21, 'yes', 2, 5, '2019-12-30 07:32:13'),
(542, 22, 'yes', 2, 5, '2019-12-30 07:32:13'),
(543, 23, 'yes', 2, 5, '2019-12-30 07:32:13'),
(544, 9, 'no', 2, 5, '2019-12-30 07:32:13'),
(545, 10, 'yes', 2, 5, '2019-12-30 07:32:13'),
(546, 11, 'yes', 2, 5, '2019-12-30 07:32:13'),
(547, 12, 'yes', 2, 5, '2019-12-30 07:32:13'),
(548, 13, 'no', 2, 5, '2019-12-30 07:32:13'),
(549, 14, 'no', 2, 5, '2019-12-30 07:32:13'),
(550, 15, 'no', 2, 5, '2019-12-30 07:32:13'),
(551, 16, 'no', 2, 5, '2019-12-30 07:32:13'),
(552, 17, 'yes', 2, 5, '2019-12-30 07:32:13');

-- --------------------------------------------------------

--
-- Table structure for table `instruction_image`
--

CREATE TABLE `instruction_image` (
  `instruction_image_id` int(10) UNSIGNED NOT NULL COMMENT 'instruction image id',
  `field_inspector_id` int(10) UNSIGNED NOT NULL COMMENT 'field inspector id',
  `assigned_consumer_id` int(10) UNSIGNED NOT NULL COMMENT 'assigned consumer id',
  `image_id` tinyint(3) UNSIGNED NOT NULL COMMENT 'instruction image id',
  `answer` enum('no','yes') NOT NULL COMMENT 'answer',
  `creation_time` datetime NOT NULL COMMENT 'creation time'
) ENGINE=InnoDB DEFAULT CHARSET=utf8;

--
-- Dumping data for table `instruction_image`
--

INSERT INTO `instruction_image` (`instruction_image_id`, `field_inspector_id`, `assigned_consumer_id`, `image_id`, `answer`, `creation_time`) VALUES
(1, 1, 19, 1, 'no', '2019-02-01 14:45:10'),
(2, 1, 19, 2, 'no', '2019-02-01 14:45:10'),
(3, 1, 19, 3, 'no', '2019-02-01 14:45:10'),
(4, 1, 19, 4, 'no', '2019-02-01 14:45:10'),
(5, 1, 19, 5, 'no', '2019-02-01 14:45:10'),
(6, 1, 19, 6, 'no', '2019-02-01 14:45:10'),
(7, 1, 19, 7, 'no', '2019-02-01 14:45:10'),
(8, 1, 19, 8, 'no', '2019-02-01 14:45:10'),
(9, 1, 19, 9, 'no', '2019-02-01 14:45:10'),
(10, 1, 19, 10, 'no', '2019-02-01 14:45:10'),
(11, 1, 20, 1, 'no', '2019-02-01 14:47:50'),
(12, 1, 20, 2, 'no', '2019-02-01 14:47:50'),
(13, 1, 20, 3, 'no', '2019-02-01 14:47:50'),
(14, 1, 20, 4, 'no', '2019-02-01 14:47:50'),
(15, 1, 20, 5, 'no', '2019-02-01 14:47:50'),
(16, 1, 20, 6, 'no', '2019-02-01 14:47:50'),
(17, 1, 20, 7, 'no', '2019-02-01 14:47:50'),
(18, 1, 20, 8, 'no', '2019-02-01 14:47:50'),
(19, 1, 20, 9, 'no', '2019-02-01 14:47:50'),
(20, 1, 20, 10, 'no', '2019-02-01 14:47:50'),
(21, 1, 18, 1, 'no', '2019-02-01 15:07:53'),
(22, 1, 18, 2, 'no', '2019-02-01 15:07:53'),
(23, 1, 18, 3, 'no', '2019-02-01 15:07:53'),
(24, 1, 18, 4, 'no', '2019-02-01 15:07:53'),
(25, 1, 18, 5, 'no', '2019-02-01 15:07:53'),
(26, 1, 18, 6, 'no', '2019-02-01 15:07:53'),
(27, 1, 18, 7, 'no', '2019-02-01 15:07:53'),
(28, 1, 18, 8, 'no', '2019-02-01 15:07:53'),
(29, 1, 18, 9, 'no', '2019-02-01 15:07:53'),
(30, 1, 18, 10, 'no', '2019-02-01 15:07:53'),
(31, 1, 17, 1, 'no', '2019-02-01 15:12:21'),
(32, 1, 17, 2, 'no', '2019-02-01 15:12:21'),
(33, 1, 17, 3, 'no', '2019-02-01 15:12:21'),
(34, 1, 17, 4, 'no', '2019-02-01 15:12:21'),
(35, 1, 17, 5, 'no', '2019-02-01 15:12:21'),
(36, 1, 17, 6, 'no', '2019-02-01 15:12:21'),
(37, 1, 17, 7, 'no', '2019-02-01 15:12:21'),
(38, 1, 17, 8, 'no', '2019-02-01 15:12:21'),
(39, 1, 17, 9, 'no', '2019-02-01 15:12:21'),
(40, 1, 17, 10, 'no', '2019-02-01 15:12:21'),
(41, 1, 11, 1, 'no', '2019-02-04 07:15:25'),
(42, 1, 11, 2, 'no', '2019-02-04 07:15:25'),
(43, 1, 11, 3, 'no', '2019-02-04 07:15:25'),
(44, 1, 11, 4, 'no', '2019-02-04 07:15:25'),
(45, 1, 11, 5, 'no', '2019-02-04 07:15:25'),
(46, 1, 11, 6, 'no', '2019-02-04 07:15:25'),
(47, 1, 11, 7, 'no', '2019-02-04 07:15:25'),
(48, 1, 11, 8, 'no', '2019-02-04 07:15:25'),
(49, 1, 11, 9, 'no', '2019-02-04 07:15:25'),
(50, 1, 11, 10, 'no', '2019-02-04 07:15:25'),
(51, 1, 12, 1, 'no', '2019-02-04 07:18:53'),
(52, 1, 12, 2, 'no', '2019-02-04 07:18:53'),
(53, 1, 12, 3, 'no', '2019-02-04 07:18:53'),
(54, 1, 12, 4, 'no', '2019-02-04 07:18:53'),
(55, 1, 12, 5, 'no', '2019-02-04 07:18:53'),
(56, 1, 12, 6, 'no', '2019-02-04 07:18:53'),
(57, 1, 12, 7, 'no', '2019-02-04 07:18:53'),
(58, 1, 12, 8, 'no', '2019-02-04 07:18:53'),
(59, 1, 12, 9, 'no', '2019-02-04 07:18:53'),
(60, 1, 12, 10, 'no', '2019-02-04 07:18:53'),
(61, 1, 13, 1, 'no', '2019-02-05 07:11:03'),
(62, 1, 13, 2, 'no', '2019-02-05 07:11:03'),
(63, 1, 13, 3, 'no', '2019-02-05 07:11:03'),
(64, 1, 13, 4, 'no', '2019-02-05 07:11:03'),
(65, 1, 13, 5, 'no', '2019-02-05 07:11:03'),
(66, 1, 13, 6, 'no', '2019-02-05 07:11:03'),
(67, 1, 13, 7, 'no', '2019-02-05 07:11:03'),
(68, 1, 13, 8, 'no', '2019-02-05 07:11:03'),
(69, 1, 13, 9, 'no', '2019-02-05 07:11:03'),
(70, 1, 13, 10, 'no', '2019-02-05 07:11:03'),
(71, 2, 11, 1, 'no', '2019-02-06 07:12:30'),
(72, 2, 11, 2, 'no', '2019-02-06 07:12:30'),
(73, 2, 11, 3, 'no', '2019-02-06 07:12:30'),
(74, 2, 11, 4, 'no', '2019-02-06 07:12:30'),
(75, 2, 11, 5, 'no', '2019-02-06 07:12:30'),
(76, 2, 11, 6, 'no', '2019-02-06 07:12:30'),
(77, 2, 11, 7, 'no', '2019-02-06 07:12:30'),
(78, 2, 11, 8, 'no', '2019-02-06 07:12:30'),
(79, 2, 11, 9, 'no', '2019-02-06 07:12:30'),
(80, 2, 11, 10, 'no', '2019-02-06 07:12:30'),
(81, 2, 16, 1, 'no', '2019-02-06 07:24:24'),
(82, 2, 16, 2, 'no', '2019-02-06 07:24:24'),
(83, 2, 16, 3, 'no', '2019-02-06 07:24:24'),
(84, 2, 16, 4, 'no', '2019-02-06 07:24:24'),
(85, 2, 16, 5, 'no', '2019-02-06 07:24:24'),
(86, 2, 16, 6, 'no', '2019-02-06 07:24:24'),
(87, 2, 16, 7, 'no', '2019-02-06 07:24:24'),
(88, 2, 16, 8, 'no', '2019-02-06 07:24:24'),
(89, 2, 16, 9, 'no', '2019-02-06 07:24:24'),
(90, 2, 16, 10, 'no', '2019-02-06 07:24:24'),
(91, 2, 17, 1, 'no', '2019-02-06 07:27:57'),
(92, 2, 17, 2, 'no', '2019-02-06 07:27:57'),
(93, 2, 17, 3, 'no', '2019-02-06 07:27:57'),
(94, 2, 17, 4, 'no', '2019-02-06 07:27:57'),
(95, 2, 17, 5, 'no', '2019-02-06 07:27:57'),
(96, 2, 17, 6, 'no', '2019-02-06 07:27:57'),
(97, 2, 17, 7, 'no', '2019-02-06 07:27:57'),
(98, 2, 17, 8, 'no', '2019-02-06 07:27:57'),
(99, 2, 17, 9, 'no', '2019-02-06 07:27:57'),
(100, 2, 17, 10, 'no', '2019-02-06 07:27:57'),
(101, 2, 15, 1, 'no', '2019-02-06 07:45:11'),
(102, 2, 15, 2, 'no', '2019-02-06 07:45:11'),
(103, 2, 15, 3, 'no', '2019-02-06 07:45:11'),
(104, 2, 15, 4, 'no', '2019-02-06 07:45:11'),
(105, 2, 15, 5, 'no', '2019-02-06 07:45:11'),
(106, 2, 15, 6, 'no', '2019-02-06 07:45:11'),
(107, 2, 15, 7, 'no', '2019-02-06 07:45:11'),
(108, 2, 15, 8, 'no', '2019-02-06 07:45:11'),
(109, 2, 15, 9, 'no', '2019-02-06 07:45:11'),
(110, 2, 15, 10, 'no', '2019-02-06 07:45:11'),
(111, 1, 14, 1, 'no', '2019-02-19 10:47:30'),
(112, 1, 14, 2, 'no', '2019-02-19 10:47:30'),
(113, 1, 14, 3, 'no', '2019-02-19 10:47:30'),
(114, 1, 14, 4, 'no', '2019-02-19 10:47:30'),
(115, 1, 14, 5, 'no', '2019-02-19 10:47:30'),
(116, 1, 14, 6, 'no', '2019-02-19 10:47:30'),
(117, 1, 14, 7, 'no', '2019-02-19 10:47:30'),
(118, 1, 14, 8, 'no', '2019-02-19 10:47:30'),
(119, 1, 14, 9, 'no', '2019-02-19 10:47:30'),
(120, 1, 14, 10, 'no', '2019-02-19 10:47:30'),
(121, 1, 16, 1, 'no', '2019-02-19 10:48:50'),
(122, 1, 16, 2, 'no', '2019-02-19 10:48:50'),
(123, 1, 16, 3, 'no', '2019-02-19 10:48:50'),
(124, 1, 16, 4, 'no', '2019-02-19 10:48:50'),
(125, 1, 16, 5, 'no', '2019-02-19 10:48:50'),
(126, 1, 16, 6, 'no', '2019-02-19 10:48:50'),
(127, 1, 16, 7, 'no', '2019-02-19 10:48:50'),
(128, 1, 16, 8, 'no', '2019-02-19 10:48:50'),
(129, 1, 16, 9, 'no', '2019-02-19 10:48:50'),
(130, 1, 16, 10, 'no', '2019-02-19 10:48:50'),
(131, 1, 15, 1, 'yes', '2019-02-19 11:32:13'),
(132, 1, 15, 2, 'no', '2019-02-19 11:32:13'),
(133, 1, 15, 3, 'no', '2019-02-19 11:32:13'),
(134, 1, 15, 4, 'no', '2019-02-19 11:32:13'),
(135, 1, 15, 5, 'no', '2019-02-19 11:32:13'),
(136, 1, 15, 6, 'no', '2019-02-19 11:32:13'),
(137, 1, 15, 7, 'no', '2019-02-19 11:32:13'),
(138, 1, 15, 8, 'no', '2019-02-19 11:32:13'),
(139, 1, 15, 9, 'no', '2019-02-19 11:32:13'),
(140, 1, 15, 10, 'no', '2019-02-19 11:32:13'),
(141, 2, 1, 1, 'no', '2019-02-22 08:17:45'),
(142, 2, 1, 2, 'yes', '2019-02-22 08:17:45'),
(143, 2, 1, 3, 'no', '2019-02-22 08:17:45'),
(144, 2, 1, 4, 'no', '2019-02-22 08:17:45'),
(145, 2, 1, 5, 'no', '2019-02-22 08:17:45'),
(146, 2, 1, 6, 'no', '2019-02-22 08:17:45'),
(147, 2, 1, 7, 'no', '2019-02-22 08:17:45'),
(148, 2, 1, 8, 'no', '2019-02-22 08:17:45'),
(149, 2, 1, 9, 'no', '2019-02-22 08:17:45'),
(150, 2, 1, 10, 'no', '2019-02-22 08:17:45'),
(151, 2, 2, 1, 'yes', '2019-02-22 08:28:49'),
(152, 2, 2, 2, 'no', '2019-02-22 08:28:49'),
(153, 2, 2, 3, 'no', '2019-02-22 08:28:49'),
(154, 2, 2, 4, 'no', '2019-02-22 08:28:49'),
(155, 2, 2, 5, 'no', '2019-02-22 08:28:49'),
(156, 2, 2, 6, 'no', '2019-02-22 08:28:49'),
(157, 2, 2, 7, 'no', '2019-02-22 08:28:49'),
(158, 2, 2, 8, 'no', '2019-02-22 08:28:49'),
(159, 2, 2, 9, 'no', '2019-02-22 08:28:49'),
(160, 2, 2, 10, 'no', '2019-02-22 08:28:49'),
(161, 2, 4, 1, 'no', '2019-02-22 08:31:58'),
(162, 2, 4, 2, 'yes', '2019-02-22 08:31:58'),
(163, 2, 4, 3, 'no', '2019-02-22 08:31:58'),
(164, 2, 4, 4, 'yes', '2019-02-22 08:31:58'),
(165, 2, 4, 5, 'no', '2019-02-22 08:31:58'),
(166, 2, 4, 6, 'yes', '2019-02-22 08:31:58'),
(167, 2, 4, 7, 'no', '2019-02-22 08:31:58'),
(168, 2, 4, 8, 'yes', '2019-02-22 08:31:58'),
(169, 2, 4, 9, 'no', '2019-02-22 08:31:58'),
(170, 2, 4, 10, 'yes', '2019-02-22 08:31:58'),
(171, 2, 5, 1, 'no', '2019-12-30 07:32:13'),
(172, 2, 5, 2, 'yes', '2019-12-30 07:32:13'),
(173, 2, 5, 3, 'no', '2019-12-30 07:32:13'),
(174, 2, 5, 4, 'yes', '2019-12-30 07:32:13'),
(175, 2, 5, 5, 'no', '2019-12-30 07:32:13'),
(176, 2, 5, 6, 'yes', '2019-12-30 07:32:13'),
(177, 2, 5, 7, 'no', '2019-12-30 07:32:13'),
(178, 2, 5, 8, 'yes', '2019-12-30 07:32:13'),
(179, 2, 5, 9, 'no', '2019-12-30 07:32:13'),
(180, 2, 5, 10, 'no', '2019-12-30 07:32:13');

-- --------------------------------------------------------

--
-- Table structure for table `other_details`
--

CREATE TABLE `other_details` (
  `other_detail_id` int(10) UNSIGNED NOT NULL COMMENT 'other detail id',
  `attendant` varchar(50) NOT NULL COMMENT 'attendant',
  `outdated` varchar(50) NOT NULL COMMENT 'outdated',
  `any_complaint` mediumtext NOT NULL COMMENT 'any complaint',
  `field_inspector_address_proof` varchar(100) NOT NULL COMMENT 'field inspector address proof',
  `kitchen_image` varchar(100) NOT NULL COMMENT 'kitchen image',
  `consumer_id_image` varchar(100) NOT NULL COMMENT 'consumer id image',
  `payment_mode` varchar(20) NOT NULL COMMENT 'payment mode',
  `amount` float NOT NULL COMMENT 'amount',
  `consumer_number_status` enum('0','1') NOT NULL COMMENT 'consumer number status',
  `inspection_status` enum('1','0') NOT NULL COMMENT 'inspection status',
  `field_inspector_id` int(10) UNSIGNED NOT NULL COMMENT 'field inspector id',
  `assigned_consumer_id` int(10) UNSIGNED NOT NULL COMMENT 'assigned consumer id',
  `phone` bigint(20) NOT NULL COMMENT 'consumer phone number',
  `alternate_phone` bigint(20) NOT NULL COMMENT 'alternate phone ',
  `email` varchar(100) NOT NULL COMMENT 'email',
  `total_members` tinyint(4) NOT NULL COMMENT 'total family members',
  `employed` enum('NA','yes','no') NOT NULL COMMENT 'employed (yes for employed and no for not employed)',
  `total_lpg_consumption` tinyint(4) NOT NULL COMMENT 'total lpg consumption',
  `number_of_phones` tinyint(4) NOT NULL COMMENT 'number of smart phones ',
  `two_wheeler` tinyint(4) NOT NULL COMMENT 'number of two wheeler',
  `four_wheeler` tinyint(4) NOT NULL COMMENT 'number of four wheeler',
  `latitude` double NOT NULL COMMENT 'latitude',
  `longitude` double NOT NULL COMMENT 'longitude'
) ENGINE=InnoDB DEFAULT CHARSET=utf8;

--
-- Dumping data for table `other_details`
--

INSERT INTO `other_details` (`other_detail_id`, `attendant`, `outdated`, `any_complaint`, `field_inspector_address_proof`, `kitchen_image`, `consumer_id_image`, `payment_mode`, `amount`, `consumer_number_status`, `inspection_status`, `field_inspector_id`, `assigned_consumer_id`, `phone`, `alternate_phone`, `email`, `total_members`, `employed`, `total_lpg_consumption`, `number_of_phones`, `two_wheeler`, `four_wheeler`, `latitude`, `longitude`) VALUES
(1, 'consumer', 'hello', '', '415912670-address_proof.jpg', '228606570-kitchen_image.jpg', '436463886-consumer_id.jpg', 'cash', 100, '0', '1', 1, 19, 2583994122, 0, '', 10, 'yes', 99, 0, 0, 0, 0, 0),
(2, 'consumer', 'hello', '', '519791084-address_proof.jpg', '544611389-kitchen_image.jpg', '762564132-consumer_id.jpg', 'cash', 100, '0', '1', 1, 20, 2583691475, 0, '', 14, 'yes', 25, 0, 0, 0, 0, 0),
(3, 'consumer', '', '', '663302710-address_proof.jpg', '583780590-kitchen_image.jpg', '57949586-consumer_id.jpg', 'cash', 100, '0', '1', 1, 18, 4853698552, 3698523698, 'a@g.in', 25, 'yes', 99, 0, 0, 0, 0, 0),
(4, 'consumer', 'hello', '', '363936123-address_proof.jpg', '293681700-kitchen_image.jpg', '410696838-consumer_id.jpg', 'cash', 100, '0', '1', 1, 17, 4258369741, 2583698225, 'a@g.in', 99, 'yes', 99, 85, 58, 96, 0, 0),
(5, 'consumer', 'Spare Part', '', '536219202-address_proof.jpg', '409285229-kitchen_image.jpg', '477068430-consumer_id.jpg', 'cash', 100, '0', '1', 1, 11, 6803558353, 0, 'd@c.bn', 2, 'yes', 3, 2, 0, 0, 0, 0),
(6, 'consumer', 'Spare Part', '', '712627786-address_proof.jpg', '412748048-kitchen_image.jpg', '', 'cash', 100, '0', '1', 1, 12, 2805038585, 0, 'c@v.nm', 5, 'yes', 1, 2, 0, 0, 0, 0),
(7, 'consumer', '', '', '83067848-address_proof.jpg', '', '', 'cash', 100, '0', '1', 1, 13, 7875878787, 0, 'a@c.bn', 5, 'yes', 1, 0, 0, 0, 0, 0),
(8, 'consumer', '', '', '454195909-address_proof.jpg', '430707584-kitchen_image.jpg', '938805127-consumer_id.jpg', 'cash', 100, '0', '1', 2, 11, 9953632723, 0, '', 5, 'yes', 1, 1, 1, 0, 0, 0),
(9, 'consumer', '', '', '16-address_proof.jpg', '16-kitchen_image.jpg', '16-consumer_id.jpg', 'cash', 100, '0', '1', 2, 16, 9953632723, 0, '', 21, 'yes', 12, 91, 0, 0, 0, 0),
(10, 'consumer', '', '', '17-address_proof.jpg', '17-kitchen_image.jpg', '17-consumer_id.jpg', 'cash', 100, '0', '1', 2, 17, 3454321453, 0, '', 31, 'yes', 2, 3, 0, 0, 0, 0),
(11, 'consumer', '', '', '15-address_proof.jpg', '15-kitchen_image.jpg', '15-consumer_id.jpg', 'cash', 100, '0', '1', 2, 15, 9986873618, 0, '', 4, 'yes', 12, 13, 0, 0, 0, 0),
(12, 'Father', 'Pipeline', '', '14-address_proof.jpg', '14-kitchen_image.jpg', '14-consumer_id.jpg', 'cash', 100, '0', '1', 1, 14, 8585558878, 8555555558, 'a@c.kl', 2, 'yes', 1, 1, 0, 0, 0, 0),
(13, 'consumer', 'Spare Part', '', '16-address_proof.jpg', '16-kitchen_image.jpg', '16-consumer_id.jpg', 'cash', 100, '0', '1', 1, 16, 6556565656, 0, 'g@b.ml', 2, 'yes', 3, 7, 0, 0, 0, 0),
(14, 'consumer', 'Spare Part', '', '15-address_proof.jpg', '15-kitchen_image.jpg', '15-consumer_id.jpg', 'cash', 100, '0', '1', 1, 15, 2555828282, 0, 'a@g.kl', 5, 'yes', 1, 5, 0, 0, 0, 0),
(15, 'consumer', '', '', '1-address_proof.jpg', '1-kitchen_image.jpg', '1-consumer_id.jpg', 'cash', 100, '1', '1', 2, 1, 8888888888, 0, 'ak@gmail.com', 5, 'yes', 2, 5, 0, 1, 0, 0),
(16, 'Father', 'Gas Burner,Pipeline,Spare Part', '', '2-address_proof.jpg', '2-kitchen_image.jpg', '2-consumer_id.jpg', 'cash', 100, '0', '1', 2, 2, 9912312312, 9812312312, 'abhinav@gmail.com', 4, 'yes', 5, 2, 2, 1, 0, 0),
(17, 'Father', 'Gas Burner', '', '4-address_proof.jpg', '4-kitchen_image.jpg', '4-consumer_id.jpg', 'online', 100, '0', '1', 2, 4, 9912312312, 9812312312, 'abhinav.gupta@techugo.co', 5, 'yes', 5, 2, 2, 1, 0, 0),
(18, 'consumer', 'Gas Burner', '', '5-address_proof.jpg', '5-kitchen_image.jpg', '5-consumer_id.jpg', 'cash', 100, '0', '1', 2, 5, 9563299796, 5456464646, 'vijay@gmail.com', 4, 'yes', 1, 1, 1, 2, 0, 0),
(19, '', '', '', '', '', '', '', 0, '0', '1', 1, 3, 6464646646, 6767676679, 'gg@gmqil.com', 0, 'NA', 0, 0, 0, 0, 0, 0),
(20, 'consumer', '', '', '', '', '', '', 0, '0', '1', 1, 6, 6764643164, 2580097946, 'abc@gmail.com', 0, 'NA', 0, 0, 0, 0, 0, 0),
(21, 'consumer', '', '', '', '', '', '', 0, '0', '1', 1, 7, 4964646136, 6464616133, 'gg@gmail.com', 0, 'NA', 0, 0, 0, 0, 0, 0);

-- --------------------------------------------------------

--
-- Table structure for table `questions`
--

CREATE TABLE `questions` (
  `question_id` tinyint(3) UNSIGNED NOT NULL COMMENT 'question id',
  `question_category_id` tinyint(3) UNSIGNED NOT NULL COMMENT 'question category id',
  `question` mediumtext NOT NULL COMMENT 'question',
  `hindiquestion` varchar(255) NOT NULL,
  `status` enum('1','0') NOT NULL COMMENT 'status'
) ENGINE=InnoDB DEFAULT CHARSET=utf8;

--
-- Dumping data for table `questions`
--

INSERT INTO `questions` (`question_id`, `question_category_id`, `question`, `hindiquestion`, `status`) VALUES
(1, 1, 'Is the cylinder kept in upright position at ground level in a well-ventilated place?', '                ?', '1'),
(2, 1, 'Is the cylinder kept in a cabinet or in a pit below floor level?', '              ?', '1'),
(3, 1, 'Is cylinder, Regulator & Suraksha hose clearly visible and within easy reach?', ' ,                ?', '1'),
(4, 1, 'Is the cylinder kept away from other sources of heat?', '          ?', '1'),
(5, 1, 'Is there any inflammatory object like kerosene, cloth, paper etc kept near LPG cylinder in the kitchen?', '        , ,      ?', '1'),
(6, 1, 'Is any object like utensil, water pitcher etc kept on the ring of the cylinder?', '    ,           ?', '1'),
(7, 1, 'Is the safety cap with nylon thread attached to the cylinder in use?', '             ?', '1'),
(8, 1, 'Is the test date of the cylinder OK or has expired?', '           ?', '1'),
(9, 5, 'Is the pressure regulator attached properly to the cylinder?', '         ?', '1'),
(10, 5, 'Is the Regulator in use OK?', '     ?', '1'),
(11, 5, 'Is the pressure obtained through the regulator OK?', '         ?', '1'),
(12, 5, 'Is the Pressure Regulator BIS-Approved?', '   - ?', '1'),
(13, 6, 'Is the LPG Suraksha rubber hose BIS- approved?', '      BIS-     ?', '1'),
(14, 6, 'Is the Suraksha hose in good condition?', '       ?', '1'),
(15, 6, 'Is the length of the hose OK?', '    ?', '1'),
(16, 6, 'Is the hose attached properly with the cylinder & the hot plate?', '            ?', '1'),
(17, 6, 'Is the rubber tube uncovered and visible?', '      ?', '1'),
(18, 4, 'Is the Gas Stove BIS-Approved?', '   - ?', '1'),
(19, 4, 'If not, is it been used for cooking purpose?', ' ,             ?', '1'),
(20, 4, 'Is the gas stove kept on a platform above the cylinder level?', '            ?', '1'),
(21, 4, 'Is the gas stove requires servicing?', '       ?', '1'),
(22, 4, 'Is the gas stove showing blue flame while burning?', '         ?', '1'),
(23, 4, 'Is the gas stove burning fine in both sim & high?', '            ?', '1'),
(24, 2, 'Is the kitchen well ventilated?', '     ?', '1'),
(25, 2, 'Is more than one gas connection working in the kitchen?', '           ?', '1'),
(26, 2, 'Is there any traditional earthen Chulla or Angithi in the room where LPG connection is installed?', '                ?', '1'),
(27, 2, 'Is there any traditional earthen Chulla or Angithi in the room where LPG connection is installed?', '                ?', '1'),
(28, 2, 'Is there any inflammable material like rubber mats, coir, mosquito coil or spray etc., inside the kitchen or above the stove?', '             , ,       ?', '1'),
(29, 2, 'Is there any Shelf or storage cabinet right above the hot plate?', '           ?', '1'),
(30, 2, 'Are there any curtains on the windows near the gas stove?', '         ?', '1'),
(31, 2, 'Is the Empty/Filled extra cylinder/cylinders stored in a cool and well-ventilated place with the safety cap on it?', '  /     /                 ?', '1'),
(32, 2, 'Is Refrigerator kept inside the kitchen?', '        ?', '1'),
(33, 3, 'Does the customer know how to attach a regulator?', '          ?', '1'),
(34, 3, 'Does the customer get the cylinder unsealed and weighed in his presence before accepting the refill?', '                ?', '1'),
(35, 3, 'Is the customer aware of all the precautions to be taken while replacing the cylinder?', '              ?', '1'),
(36, 3, 'Does the customer closes the knob of the regulator when not in use especially at night before going to sleep?', '                        ?', '1'),
(37, 3, 'Does the customer know the importance of putting back the safety cap on the empty or not in use cylinder?', '                  ?', '1'),
(38, 3, 'Does the customer know about the Emergency service cell?', '          ?', '1'),
(39, 3, 'Does the customer know what precautions are to be taken in case of leakage and other emergency situations?', '                 ?', '1');

-- --------------------------------------------------------

--
-- Table structure for table `question_categories`
--

CREATE TABLE `question_categories` (
  `question_category_id` tinyint(3) UNSIGNED NOT NULL COMMENT 'question category id',
  `category` varchar(50) NOT NULL COMMENT 'category',
  `hindiCategory` varchar(255) NOT NULL,
  `status` enum('1','0') NOT NULL COMMENT 'status'
) ENGINE=InnoDB DEFAULT CHARSET=utf8;

--
-- Dumping data for table `question_categories`
--

INSERT INTO `question_categories` (`question_category_id`, `category`, `hindiCategory`, `status`) VALUES
(1, 'Cylinder', '', '1'),
(2, 'General', '', '1'),
(3, 'Customer Awareness', ' ', '1'),
(4, 'Gas Stove', ' ', '1'),
(5, 'Pressure Regulator', ' ', '1'),
(6, 'Rubber Hose', '  ', '1');

-- --------------------------------------------------------

--
-- Table structure for table `reasonal_head`
--

CREATE TABLE `reasonal_head` (
  `reasonal_head_id` int(11) NOT NULL COMMENT 'reasonal head id',
  `full_name` varchar(50) NOT NULL COMMENT 'full name',
  `address` varchar(255) NOT NULL COMMENT 'address',
  `aadhar_number` bigint(20) NOT NULL COMMENT 'aadhar number',
  `employee_id` varchar(50) NOT NULL COMMENT 'employee id',
  `company_head` int(10) UNSIGNED NOT NULL COMMENT 'company head id',
  `email` varchar(100) NOT NULL COMMENT 'email',
  `password` varchar(32) NOT NULL COMMENT 'password',
  `status` enum('1','0') NOT NULL COMMENT 'status (1 for enable and 0 for disable)',
  `creation_time` datetime NOT NULL COMMENT 'creation time',
  `updation_time` datetime NOT NULL COMMENT 'updation time'
) ENGINE=InnoDB DEFAULT CHARSET=utf8;

--
-- Dumping data for table `reasonal_head`
--

INSERT INTO `reasonal_head` (`reasonal_head_id`, `full_name`, `address`, `aadhar_number`, `employee_id`, `company_head`, `email`, `password`, `status`, `creation_time`, `updation_time`) VALUES
(1, 'rajesh', 'sector 22, Noida, Uttar Pradesh', 124124124124, '1134', 4, 'rajesh@gmail.com', 'e10adc3949ba59abbe56e057f20f883e', '1', '2019-01-16 15:00:00', '2019-01-16 15:00:00'),
(3, 'abhay', 'Noida', 1234566423322, '33333', 4, 'abhay@techugo.ae', 'e10adc3949ba59abbe56e057f20f883e', '1', '2019-01-24 11:57:30', '2019-01-24 11:57:30'),
(4, 'raaj', 'noida', 1234567891818, '111112', 1, 'raj@t.ae', 'e10adc3949ba59abbe56e057f20f883e', '1', '2019-01-31 07:50:35', '2019-01-31 07:50:35');

-- --------------------------------------------------------

--
-- Table structure for table `supervisor`
--

CREATE TABLE `supervisor` (
  `supervisor_id` int(10) UNSIGNED NOT NULL COMMENT 'supervisor id',
  `full_name` varchar(50) NOT NULL COMMENT 'full name',
  `address` varchar(255) NOT NULL COMMENT 'address',
  `aadhar_number` bigint(20) NOT NULL COMMENT 'aadhar number',
  `employee_id` varchar(50) NOT NULL COMMENT 'employee id',
  `company_head` int(10) UNSIGNED NOT NULL COMMENT 'company head id',
  `reasonal_head` int(10) UNSIGNED NOT NULL COMMENT 'reasonal head id',
  `email` varchar(150) NOT NULL COMMENT 'email',
  `password` varchar(32) NOT NULL COMMENT 'password',
  `status` enum('1','0') NOT NULL COMMENT 'status (1 for enable and 0 for disable)',
  `creation_time` datetime NOT NULL COMMENT 'creation time',
  `updation_time` datetime NOT NULL COMMENT 'updation_time'
) ENGINE=InnoDB DEFAULT CHARSET=utf8;

--
-- Dumping data for table `supervisor`
--

INSERT INTO `supervisor` (`supervisor_id`, `full_name`, `address`, `aadhar_number`, `employee_id`, `company_head`, `reasonal_head`, `email`, `password`, `status`, `creation_time`, `updation_time`) VALUES
(1, 'ram', 'D 7, sector 12, Noida, Uttra Pradesh', 123123321345, '1145', 1, 1, 'ram@gmail.com', 'e10adc3949ba59abbe56e057f20f883e', '1', '2019-01-17 09:00:00', '2019-01-17 09:00:00'),
(2, 'vijay', 'techugo', 78778787887, 'Temp88', 0, 0, 'vijay@gmail1.com', 'e10adc3949ba59abbe56e057f20f883e', '0', '2019-12-31 04:38:31', '2019-12-31 04:38:31');

-- --------------------------------------------------------

--
-- Table structure for table `super_admin`
--

CREATE TABLE `super_admin` (
  `super_admin_id` tinyint(3) UNSIGNED NOT NULL COMMENT 'super admin id',
  `email` varchar(50) NOT NULL COMMENT 'super admin email',
  `password` varchar(32) NOT NULL COMMENT 'super admin password'
) ENGINE=InnoDB DEFAULT CHARSET=utf8;

--
-- Dumping data for table `super_admin`
--

INSERT INTO `super_admin` (`super_admin_id`, `email`, `password`) VALUES
(1, 'superadmin@snrakshk.com', 'e10adc3949ba59abbe56e057f20f883e');

--
-- Indexes for dumped tables
--

--
-- Indexes for table `assigned_consumer`
--
ALTER TABLE `assigned_consumer`
  ADD PRIMARY KEY (`assigned_consumer_id`);

--
-- Indexes for table `company_head`
--
ALTER TABLE `company_head`
  ADD PRIMARY KEY (`company_head_id`);

--
-- Indexes for table `consumers`
--
ALTER TABLE `consumers`
  ADD PRIMARY KEY (`c_id`);

--
-- Indexes for table `cylinder_images`
--
ALTER TABLE `cylinder_images`
  ADD PRIMARY KEY (`image_id`);

--
-- Indexes for table `field_inspectors`
--
ALTER TABLE `field_inspectors`
  ADD PRIMARY KEY (`field_inspector_id`);

--
-- Indexes for table `inspections`
--
ALTER TABLE `inspections`
  ADD PRIMARY KEY (`inspection_id`);

--
-- Indexes for table `instruction_image`
--
ALTER TABLE `instruction_image`
  ADD PRIMARY KEY (`instruction_image_id`);

--
-- Indexes for table `other_details`
--
ALTER TABLE `other_details`
  ADD PRIMARY KEY (`other_detail_id`);

--
-- Indexes for table `questions`
--
ALTER TABLE `questions`
  ADD PRIMARY KEY (`question_id`);

--
-- Indexes for table `question_categories`
--
ALTER TABLE `question_categories`
  ADD PRIMARY KEY (`question_category_id`);

--
-- Indexes for table `reasonal_head`
--
ALTER TABLE `reasonal_head`
  ADD PRIMARY KEY (`reasonal_head_id`);

--
-- Indexes for table `supervisor`
--
ALTER TABLE `supervisor`
  ADD PRIMARY KEY (`supervisor_id`);

--
-- Indexes for table `super_admin`
--
ALTER TABLE `super_admin`
  ADD PRIMARY KEY (`super_admin_id`);

--
-- AUTO_INCREMENT for dumped tables
--

--
-- AUTO_INCREMENT for table `assigned_consumer`
--
ALTER TABLE `assigned_consumer`
  MODIFY `assigned_consumer_id` int(10) UNSIGNED NOT NULL AUTO_INCREMENT COMMENT 'assign consumer id', AUTO_INCREMENT=36;

--
-- AUTO_INCREMENT for table `company_head`
--
ALTER TABLE `company_head`
  MODIFY `company_head_id` int(10) UNSIGNED NOT NULL AUTO_INCREMENT COMMENT 'company head id', AUTO_INCREMENT=8;

--
-- AUTO_INCREMENT for table `consumers`
--
ALTER TABLE `consumers`
  MODIFY `c_id` int(10) UNSIGNED NOT NULL AUTO_INCREMENT COMMENT 'consumer table id', AUTO_INCREMENT=2068;

--
-- AUTO_INCREMENT for table `cylinder_images`
--
ALTER TABLE `cylinder_images`
  MODIFY `image_id` tinyint(3) UNSIGNED NOT NULL AUTO_INCREMENT COMMENT 'image id', AUTO_INCREMENT=11;

--
-- AUTO_INCREMENT for table `field_inspectors`
--
ALTER TABLE `field_inspectors`
  MODIFY `field_inspector_id` int(10) UNSIGNED NOT NULL AUTO_INCREMENT COMMENT 'field inspector id ', AUTO_INCREMENT=7;

--
-- AUTO_INCREMENT for table `inspections`
--
ALTER TABLE `inspections`
  MODIFY `inspection_id` int(10) UNSIGNED NOT NULL AUTO_INCREMENT COMMENT 'inspection id', AUTO_INCREMENT=553;

--
-- AUTO_INCREMENT for table `instruction_image`
--
ALTER TABLE `instruction_image`
  MODIFY `instruction_image_id` int(10) UNSIGNED NOT NULL AUTO_INCREMENT COMMENT 'instruction image id', AUTO_INCREMENT=181;

--
-- AUTO_INCREMENT for table `other_details`
--
ALTER TABLE `other_details`
  MODIFY `other_detail_id` int(10) UNSIGNED NOT NULL AUTO_INCREMENT COMMENT 'other detail id', AUTO_INCREMENT=48;

--
-- AUTO_INCREMENT for table `questions`
--
ALTER TABLE `questions`
  MODIFY `question_id` tinyint(3) UNSIGNED NOT NULL AUTO_INCREMENT COMMENT 'question id', AUTO_INCREMENT=40;

--
-- AUTO_INCREMENT for table `question_categories`
--
ALTER TABLE `question_categories`
  MODIFY `question_category_id` tinyint(3) UNSIGNED NOT NULL AUTO_INCREMENT COMMENT 'question category id', AUTO_INCREMENT=7;

--
-- AUTO_INCREMENT for table `reasonal_head`
--
ALTER TABLE `reasonal_head`
  MODIFY `reasonal_head_id` int(11) NOT NULL AUTO_INCREMENT COMMENT 'reasonal head id', AUTO_INCREMENT=5;

--
-- AUTO_INCREMENT for table `supervisor`
--
ALTER TABLE `supervisor`
  MODIFY `supervisor_id` int(10) UNSIGNED NOT NULL AUTO_INCREMENT COMMENT 'supervisor id', AUTO_INCREMENT=3;

--
-- AUTO_INCREMENT for table `super_admin`
--
ALTER TABLE `super_admin`
  MODIFY `super_admin_id` tinyint(3) UNSIGNED NOT NULL AUTO_INCREMENT COMMENT 'super admin id', AUTO_INCREMENT=2;
COMMIT;

/*!40101 SET CHARACTER_SET_CLIENT=@OLD_CHARACTER_SET_CLIENT */;
/*!40101 SET CHARACTER_SET_RESULTS=@OLD_CHARACTER_SET_RESULTS */;
/*!40101 SET COLLATION_CONNECTION=@OLD_COLLATION_CONNECTION */;
