-- phpMyAdmin SQL Dump
-- version 4.9.1
-- https://www.phpmyadmin.net/
--
-- Host: localhost
-- Generation Time: Dec 30, 2019 at 05:42 AM
-- Server version: 5.6.45
-- PHP Version: 5.6.40

SET SQL_MODE = "NO_AUTO_VALUE_ON_ZERO";
SET AUTOCOMMIT = 0;
START TRANSACTION;
SET time_zone = "+00:00";


/*!40101 SET @OLD_CHARACTER_SET_CLIENT=@@CHARACTER_SET_CLIENT */;
/*!40101 SET @OLD_CHARACTER_SET_RESULTS=@@CHARACTER_SET_RESULTS */;
/*!40101 SET @OLD_COLLATION_CONNECTION=@@COLLATION_CONNECTION */;
/*!40101 SET NAMES utf8mb4 */;

--
-- Database: `Snrakshk_db`
--

-- --------------------------------------------------------

--
-- Table structure for table `assigned_consumer`
--

CREATE TABLE `assigned_consumer` (
  `assigned_consumer_id` int(10) UNSIGNED NOT NULL COMMENT 'assign consumer id',
  `c_id` int(10) UNSIGNED NOT NULL COMMENT 'consumer id ',
  `company_head_id` int(10) UNSIGNED NOT NULL COMMENT 'company head id',
  `reasonal_head_id` int(10) UNSIGNED NOT NULL COMMENT 'reasonal head id',
  `supervisor_id` int(10) UNSIGNED NOT NULL COMMENT 'suervisor id',
  `field_inspector_id` int(10) UNSIGNED NOT NULL COMMENT 'field inspector id',
  `status` enum('1','0','2') NOT NULL COMMENT 'status (1 for assinged and 0 consumer not available and 2 for complete)',
  `creation_time` datetime NOT NULL COMMENT 'creation time'
) ENGINE=InnoDB DEFAULT CHARSET=latin1;

--
-- Dumping data for table `assigned_consumer`
--

INSERT INTO `assigned_consumer` (`assigned_consumer_id`, `c_id`, `company_head_id`, `reasonal_head_id`, `supervisor_id`, `field_inspector_id`, `status`, `creation_time`) VALUES
(1, 1, 1, 1, 1, 2, '2', '2019-01-19 07:00:00'),
(2, 2, 1, 1, 1, 2, '2', '2019-01-19 10:00:00'),
(3, 3, 1, 1, 1, 2, '0', '2019-01-19 11:00:00'),
(4, 4, 1, 1, 1, 2, '2', '2019-01-19 11:00:00'),
(5, 5, 1, 1, 1, 2, '1', '2019-01-19 11:00:00'),
(6, 6, 1, 1, 1, 2, '1', '2019-01-19 11:00:00'),
(7, 7, 1, 1, 1, 2, '1', '2019-01-19 11:00:00'),
(8, 8, 1, 1, 1, 2, '1', '2019-01-19 11:00:00'),
(9, 9, 1, 1, 1, 2, '1', '2019-01-19 11:00:00'),
(10, 10, 1, 1, 1, 2, '1', '2019-01-19 11:00:00'),
(11, 11, 1, 1, 1, 1, '2', '2019-01-19 11:00:00'),
(12, 12, 1, 1, 1, 1, '2', '2019-01-25 12:00:00'),
(13, 13, 1, 1, 1, 1, '2', '2019-01-25 12:00:00'),
(14, 14, 1, 1, 1, 1, '2', '2019-01-25 12:00:00'),
(15, 15, 1, 1, 1, 1, '2', '2019-01-25 12:00:00'),
(16, 16, 1, 1, 1, 1, '2', '2019-01-25 12:00:00'),
(17, 17, 1, 1, 1, 1, '2', '2019-01-25 12:00:00'),
(18, 18, 1, 1, 1, 1, '2', '2019-01-25 12:00:00'),
(19, 19, 1, 1, 1, 1, '2', '2019-01-25 12:00:00'),
(20, 20, 1, 1, 1, 1, '2', '2019-01-25 12:00:00');

-- --------------------------------------------------------

--
-- Table structure for table `company_head`
--

CREATE TABLE `company_head` (
  `company_head_id` int(10) UNSIGNED NOT NULL COMMENT 'company head id',
  `full_name` varchar(50) NOT NULL COMMENT 'full name',
  `address` varchar(255) NOT NULL COMMENT 'address',
  `aadhar_number` bigint(20) NOT NULL COMMENT 'aadhar number',
  `employee_id` varchar(50) NOT NULL COMMENT 'employee id',
  `email` varchar(100) NOT NULL COMMENT 'email',
  `password` varchar(32) NOT NULL COMMENT 'password',
  `status` enum('1','0') NOT NULL COMMENT 'status(1 for enable and 0 disable)',
  `creation_time` datetime NOT NULL COMMENT 'creation_time',
  `updation_time` datetime NOT NULL COMMENT 'updation_time'
) ENGINE=InnoDB DEFAULT CHARSET=latin1;

--
-- Dumping data for table `company_head`
--

INSERT INTO `company_head` (`company_head_id`, `full_name`, `address`, `aadhar_number`, `employee_id`, `email`, `password`, `status`, `creation_time`, `updation_time`) VALUES
(1, 'raj sharma', 'A 26 sector 63, Noida, Uttar Pradesh', 123123321320, '3211', 'raj@gmail.com', 'e10adc3949ba59abbe56e057f20f883e', '1', '2019-01-16 14:00:00', '2019-01-16 14:00:00'),
(3, '1122', 'Noida', 1222121221131, '12222222222222222222222222222222222222222222222222', 'akriti@techugo.ae', 'e10adc3949ba59abbe56e057f20f883e', '1', '2019-01-24 07:41:44', '2019-01-24 07:41:44'),
(4, 'deep', 'Noida', 123123321320, '22222', 'deep@techugo.com', 'e10adc3949ba59abbe56e057f20f883e', '1', '2019-01-24 11:55:55', '2019-01-24 11:55:55'),
(7, 'Deepak sharma', 'asdfadsf', 321123321123, '32111', 'deepak.sharma@techugo.com', 'e10adc3949ba59abbe56e057f20f883e', '1', '2019-02-05 09:44:26', '2019-02-05 09:44:26');

-- --------------------------------------------------------

--
-- Table structure for table `consumers`
--

CREATE TABLE `consumers` (
  `c_id` int(10) UNSIGNED NOT NULL COMMENT 'consumer table id',
  `consumer_id` varchar(20) NOT NULL COMMENT 'consumer id',
  `full_name` varchar(50) NOT NULL COMMENT 'full name',
  `address` varchar(255) NOT NULL COMMENT 'address',
  `phone` bigint(20) NOT NULL COMMENT 'phone',
  `email` varchar(150) NOT NULL COMMENT 'email',
  `amount` float NOT NULL COMMENT 'inspection amount',
  `consumer_otp` int(11) NOT NULL COMMENT 'consumer otp',
  `join_date` date NOT NULL COMMENT 'join date'
) ENGINE=InnoDB DEFAULT CHARSET=latin1;

--
-- Dumping data for table `consumers`
--

INSERT INTO `consumers` (`c_id`, `consumer_id`, `full_name`, `address`, `phone`, `email`, `amount`, `consumer_otp`, `join_date`) VALUES
(1, '1233', 'ram', 'A 26, Sector 63, Noida, Uttar Pradesh', 1231231231, 'ram@gmail.com', 100, 1234, '2000-01-10'),
(2, '1211', 'ramesh', 'A 2, Sector 63, Noida, Uttar Pradesh', 1231231444, 'ramesh@gmail.com', 100, 2345, '2000-04-10'),
(3, '55555', 'deepak', 'c 2, Sector 22, Noida, Uttar Pradesh', 5555555555, 'deepak@gmail.com', 100, 3456, '2001-04-10'),
(4, '1111', 'naresh', 'c 1, Sector 56, Noida, Uttar Pradesh', 1221122121, 'naresh@gmail.com', 100, 4567, '2003-04-10'),
(5, '1112', 'akriti', 'A 24, Sector 60, Noida, Uttar Pradesh', 3213212121, 'akriti@gmail.com', 100, 5678, '2003-04-10'),
(6, '4444', 'abhinav', 'A 24, Sector 62, Noida, Uttar Pradesh', 9913212121, 'abhinav@gmail.com', 100, 6789, '2000-05-15'),
(7, '4411', 'raju', 'A 10, Sector 62, Noida, Uttar Pradesh', 9913212124, 'raju@gmail.com', 100, 7891, '2005-05-15'),
(8, '4555', 'raj', 'A 20, Sector 62, Noida, Uttar Pradesh', 9913212133, 'raj@gmail.com', 100, 8912, '2005-05-15'),
(9, '8885', 'junaid', 'A 20, Sector 63, Noida, Uttar Pradesh', 9915512133, 'junaid@gmail.com', 100, 9123, '2005-05-15'),
(10, '8985', 'zaffar', 'A 20, Sector 63, Noida, Uttar Pradesh', 9915512143, 'zaffar@gmail.com', 100, 1023, '2005-05-15'),
(11, '8986', 'deep', 'A 20, Sector 63, Noida, Uttar Pradesh', 9915512112, 'deep@gmail.com', 100, 2034, '2005-05-15'),
(12, '8987', 'randhir', 'A 20, Sector 63, Noida, Uttar Pradesh', 9915512188, 'randhir@gmail.com', 100, 2045, '2005-05-15'),
(13, '8988', 'kashish', 'A 20, Sector 63, Noida, Uttar Pradesh', 9915512199, 'kashish@gmail.com', 100, 2056, '2005-05-15'),
(14, '8989', 'rahul', 'A 20, Sector 63, Noida, Uttar Pradesh', 9915512100, 'rahul@gmail.com', 100, 2067, '2005-05-15'),
(15, '9901', 'shubham', 'A 20, Sector 63, Noida, Uttar Pradesh', 9915512000, 'shubham@gmail.com', 100, 2078, '2005-05-15'),
(16, '9902', 'sanjeet', 'A 20, Sector 63, Noida, Uttar Pradesh', 9915512111, 'sanjeet@gmail.com', 100, 2089, '2005-05-15'),
(17, '9903', 'sanjeev', 'A 20, Sector 63, Noida, Uttar Pradesh', 9915512222, 'sanjeev@gmail.com', 100, 3089, '2005-05-15'),
(18, '9904', 'ambhuj', 'A 20, Sector 63, Noida, Uttar Pradesh', 9915512333, 'ambhuj@gmail.com', 100, 4089, '2005-05-15'),
(19, '9904', 'manish sir', 'A 20, Sector 63, Noida, Uttar Pradesh', 9915512444, 'manishsir@gmail.com', 100, 5089, '2005-05-15'),
(20, '9905', 'lucky', 'A 20, Sector 63, Noida, Uttar Pradesh', 9915512555, 'lucky@gmail.com', 100, 6089, '2005-05-15');

-- --------------------------------------------------------

--
-- Table structure for table `cylinder_images`
--

CREATE TABLE `cylinder_images` (
  `image_id` tinyint(3) UNSIGNED NOT NULL COMMENT 'image id',
  `image` varchar(150) NOT NULL COMMENT 'image',
  `status` enum('1','0') NOT NULL COMMENT 'image status (1 for enable or 0 for disable)'
) ENGINE=InnoDB DEFAULT CHARSET=latin1;

--
-- Dumping data for table `cylinder_images`
--

INSERT INTO `cylinder_images` (`image_id`, `image`, `status`) VALUES
(1, '12-kg-lpg-cylinder.jpg', '1'),
(2, 'ecbd4df986ebf85c8a2873572e804803.jpg', '1'),
(3, 'Gas-Secura-Safety-Device.jpg', '1'),
(4, 'lpg-cylinder.jpg', '1'),
(5, 'lpg-cylinders.jpg', '1'),
(6, 'lpg-cylinder-stand.jpeg', '1'),
(7, 'lpg-gas-cylinder-valve.jpg', '1'),
(8, 'product_59944376a0205.png', '1'),
(9, 'Refillable-empty-stainless-steel-50kg-lpg-cooking.jpg', '1'),
(10, 'toughened-glass-for-domestic.jpeg', '1');

-- --------------------------------------------------------

--
-- Table structure for table `field_inspectors`
--

CREATE TABLE `field_inspectors` (
  `field_inspector_id` int(10) UNSIGNED NOT NULL COMMENT 'field inspector id ',
  `full_name` varchar(50) NOT NULL COMMENT 'full name',
  `area` varchar(255) NOT NULL COMMENT 'area',
  `aadhar_number` bigint(20) NOT NULL COMMENT 'aadhar number',
  `employee_id` varchar(50) NOT NULL COMMENT 'employee id',
  `company_head` int(10) UNSIGNED NOT NULL COMMENT 'company head id',
  `reasonal_head` int(10) UNSIGNED NOT NULL COMMENT 'reasonal head id',
  `supervisor` int(10) UNSIGNED NOT NULL COMMENT 'supervisor id',
  `email` varchar(100) NOT NULL COMMENT 'email',
  `password` varchar(32) NOT NULL COMMENT 'password',
  `token` varchar(15) NOT NULL COMMENT 'token',
  `status` enum('1','0') NOT NULL COMMENT 'status (1 for enable and 0 for disable)',
  `creation_time` datetime NOT NULL COMMENT 'creation time',
  `updation_time` datetime NOT NULL COMMENT 'updation_time'
) ENGINE=InnoDB DEFAULT CHARSET=latin1;

--
-- Dumping data for table `field_inspectors`
--

INSERT INTO `field_inspectors` (`field_inspector_id`, `full_name`, `area`, `aadhar_number`, `employee_id`, `company_head`, `reasonal_head`, `supervisor`, `email`, `password`, `token`, `status`, `creation_time`, `updation_time`) VALUES
(1, 'deepak sharma', 'Noida', 123123123123, '1123', 1, 1, 1, 'deepaktechugo@gmail.com', 'e10adc3949ba59abbe56e057f20f883e', '', '1', '2019-01-16 11:20:00', '2019-01-16 11:20:00'),
(2, 'raman', 'Noida', 123123321300, '5551', 1, 1, 1, 'test@gmail.com', 'e10adc3949ba59abbe56e057f20f883e', '866116799833253', '1', '2019-01-21 10:00:00', '2019-01-21 10:00:00'),
(5, 'Abhay', 'Noida', 1234567890000, '123456', 1, 1, 1, 'abhay@gmail.com', 'c33367701511b4f6020ec61ded352059', '', '1', '2019-01-29 07:38:17', '2019-01-29 07:38:17');

-- --------------------------------------------------------

--
-- Table structure for table `inspections`
--

CREATE TABLE `inspections` (
  `inspection_id` int(10) UNSIGNED NOT NULL COMMENT 'inspection id',
  `question_id` int(10) UNSIGNED NOT NULL COMMENT 'question id',
  `answer` varchar(255) NOT NULL COMMENT 'answer',
  `field_inspector_id` int(10) UNSIGNED NOT NULL COMMENT 'field inspector id',
  `assigned_consumer_id` int(10) UNSIGNED NOT NULL COMMENT 'assigned consumer id',
  `creation_time` datetime NOT NULL COMMENT 'creation time'
) ENGINE=InnoDB DEFAULT CHARSET=latin1;

--
-- Dumping data for table `inspections`
--

INSERT INTO `inspections` (`inspection_id`, `question_id`, `answer`, `field_inspector_id`, `assigned_consumer_id`, `creation_time`) VALUES
(1, 1, 'yes', 1, 19, '2019-02-01 14:45:10'),
(2, 2, 'yes', 1, 19, '2019-02-01 14:45:10'),
(3, 3, 'no', 1, 19, '2019-02-01 14:45:10'),
(4, 4, 'no', 1, 19, '2019-02-01 14:45:10'),
(5, 5, 'no', 1, 19, '2019-02-01 14:45:10'),
(6, 6, 'no', 1, 19, '2019-02-01 14:45:10'),
(7, 7, 'no', 1, 19, '2019-02-01 14:45:10'),
(8, 8, 'yes', 1, 19, '2019-02-01 14:45:10'),
(9, 24, 'yes', 1, 19, '2019-02-01 14:45:10'),
(10, 25, 'yes', 1, 19, '2019-02-01 14:45:10'),
(11, 26, 'no', 1, 19, '2019-02-01 14:45:10'),
(12, 27, 'no', 1, 19, '2019-02-01 14:45:10'),
(13, 28, 'no', 1, 19, '2019-02-01 14:45:10'),
(14, 29, 'no', 1, 19, '2019-02-01 14:45:10'),
(15, 30, 'yes', 1, 19, '2019-02-01 14:45:10'),
(16, 31, 'yes', 1, 19, '2019-02-01 14:45:10'),
(17, 32, 'no', 1, 19, '2019-02-01 14:45:10'),
(18, 33, 'yes', 1, 19, '2019-02-01 14:45:10'),
(19, 34, 'no', 1, 19, '2019-02-01 14:45:10'),
(20, 35, 'no', 1, 19, '2019-02-01 14:45:10'),
(21, 36, 'no', 1, 19, '2019-02-01 14:45:10'),
(22, 37, 'no', 1, 19, '2019-02-01 14:45:10'),
(23, 38, 'yes', 1, 19, '2019-02-01 14:45:10'),
(24, 39, 'yes', 1, 19, '2019-02-01 14:45:10'),
(25, 18, 'no', 1, 19, '2019-02-01 14:45:10'),
(26, 19, 'no', 1, 19, '2019-02-01 14:45:10'),
(27, 20, 'yes', 1, 19, '2019-02-01 14:45:10'),
(28, 21, 'yes', 1, 19, '2019-02-01 14:45:10'),
(29, 22, 'yes', 1, 19, '2019-02-01 14:45:10'),
(30, 23, 'yes', 1, 19, '2019-02-01 14:45:10'),
(31, 9, 'no', 1, 19, '2019-02-01 14:45:10'),
(32, 10, 'no', 1, 19, '2019-02-01 14:45:10'),
(33, 11, 'no', 1, 19, '2019-02-01 14:45:10'),
(34, 12, 'no', 1, 19, '2019-02-01 14:45:10'),
(35, 13, 'yes', 1, 19, '2019-02-01 14:45:10'),
(36, 14, 'yes', 1, 19, '2019-02-01 14:45:10'),
(37, 15, 'no', 1, 19, '2019-02-01 14:45:10'),
(38, 16, 'no', 1, 19, '2019-02-01 14:45:10'),
(39, 17, 'no', 1, 19, '2019-02-01 14:45:10'),
(40, 1, 'yes', 1, 20, '2019-02-01 14:47:50'),
(41, 2, 'yes', 1, 20, '2019-02-01 14:47:50'),
(42, 3, 'yes', 1, 20, '2019-02-01 14:47:50'),
(43, 4, 'no', 1, 20, '2019-02-01 14:47:50'),
(44, 5, 'no', 1, 20, '2019-02-01 14:47:50'),
(45, 6, 'no', 1, 20, '2019-02-01 14:47:50'),
(46, 7, 'no', 1, 20, '2019-02-01 14:47:50'),
(47, 8, 'yes', 1, 20, '2019-02-01 14:47:50'),
(48, 24, 'no', 1, 20, '2019-02-01 14:47:50'),
(49, 25, 'no', 1, 20, '2019-02-01 14:47:50'),
(50, 26, 'no', 1, 20, '2019-02-01 14:47:50'),
(51, 27, 'no', 1, 20, '2019-02-01 14:47:50'),
(52, 28, 'no', 1, 20, '2019-02-01 14:47:50'),
(53, 29, 'no', 1, 20, '2019-02-01 14:47:50'),
(54, 30, 'no', 1, 20, '2019-02-01 14:47:50'),
(55, 31, 'no', 1, 20, '2019-02-01 14:47:50'),
(56, 32, 'no', 1, 20, '2019-02-01 14:47:50'),
(57, 33, 'yes', 1, 20, '2019-02-01 14:47:50'),
(58, 34, 'yes', 1, 20, '2019-02-01 14:47:50'),
(59, 35, 'yes', 1, 20, '2019-02-01 14:47:50'),
(60, 36, 'yes', 1, 20, '2019-02-01 14:47:50'),
(61, 37, 'yes', 1, 20, '2019-02-01 14:47:50'),
(62, 38, 'yes', 1, 20, '2019-02-01 14:47:50'),
(63, 39, 'no', 1, 20, '2019-02-01 14:47:50'),
(64, 18, 'no', 1, 20, '2019-02-01 14:47:50'),
(65, 19, 'no', 1, 20, '2019-02-01 14:47:50'),
(66, 20, 'yes', 1, 20, '2019-02-01 14:47:50'),
(67, 21, 'yes', 1, 20, '2019-02-01 14:47:50'),
(68, 22, 'yes', 1, 20, '2019-02-01 14:47:50'),
(69, 23, 'no', 1, 20, '2019-02-01 14:47:50'),
(70, 9, 'no', 1, 20, '2019-02-01 14:47:50'),
(71, 10, 'no', 1, 20, '2019-02-01 14:47:50'),
(72, 11, 'no', 1, 20, '2019-02-01 14:47:50'),
(73, 12, 'yes', 1, 20, '2019-02-01 14:47:50'),
(74, 13, 'no', 1, 20, '2019-02-01 14:47:50'),
(75, 14, 'no', 1, 20, '2019-02-01 14:47:50'),
(76, 15, 'yes', 1, 20, '2019-02-01 14:47:50'),
(77, 16, 'yes', 1, 20, '2019-02-01 14:47:50'),
(78, 17, 'yes', 1, 20, '2019-02-01 14:47:50'),
(79, 1, 'no', 1, 18, '2019-02-01 15:07:53'),
(80, 2, 'no', 1, 18, '2019-02-01 15:07:53'),
(81, 3, 'no', 1, 18, '2019-02-01 15:07:53'),
(82, 4, 'no', 1, 18, '2019-02-01 15:07:53'),
(83, 5, 'yes', 1, 18, '2019-02-01 15:07:53'),
(84, 6, 'yes', 1, 18, '2019-02-01 15:07:53'),
(85, 7, 'no', 1, 18, '2019-02-01 15:07:53'),
(86, 8, 'yes', 1, 18, '2019-02-01 15:07:53'),
(87, 24, 'no', 1, 18, '2019-02-01 15:07:53'),
(88, 25, 'yes', 1, 18, '2019-02-01 15:07:53'),
(89, 26, 'yes', 1, 18, '2019-02-01 15:07:53'),
(90, 27, 'no', 1, 18, '2019-02-01 15:07:53'),
(91, 28, 'yes', 1, 18, '2019-02-01 15:07:53'),
(92, 29, 'yes', 1, 18, '2019-02-01 15:07:53'),
(93, 30, 'no', 1, 18, '2019-02-01 15:07:53'),
(94, 31, 'yes', 1, 18, '2019-02-01 15:07:53'),
(95, 32, 'no', 1, 18, '2019-02-01 15:07:53'),
(96, 33, 'yes', 1, 18, '2019-02-01 15:07:53'),
(97, 34, 'yes', 1, 18, '2019-02-01 15:07:53'),
(98, 35, 'no', 1, 18, '2019-02-01 15:07:53'),
(99, 36, 'yes', 1, 18, '2019-02-01 15:07:53'),
(100, 37, 'no', 1, 18, '2019-02-01 15:07:53'),
(101, 38, 'no', 1, 18, '2019-02-01 15:07:53'),
(102, 39, 'yes', 1, 18, '2019-02-01 15:07:53'),
(103, 18, 'yes', 1, 18, '2019-02-01 15:07:53'),
(104, 19, 'yes', 1, 18, '2019-02-01 15:07:53'),
(105, 20, 'no', 1, 18, '2019-02-01 15:07:53'),
(106, 21, 'no', 1, 18, '2019-02-01 15:07:53'),
(107, 22, 'no', 1, 18, '2019-02-01 15:07:53'),
(108, 23, 'yes', 1, 18, '2019-02-01 15:07:53'),
(109, 9, 'no', 1, 18, '2019-02-01 15:07:53'),
(110, 10, 'no', 1, 18, '2019-02-01 15:07:53'),
(111, 11, 'yes', 1, 18, '2019-02-01 15:07:53'),
(112, 12, 'yes', 1, 18, '2019-02-01 15:07:53'),
(113, 13, 'yes', 1, 18, '2019-02-01 15:07:53'),
(114, 14, 'no', 1, 18, '2019-02-01 15:07:53'),
(115, 15, 'no', 1, 18, '2019-02-01 15:07:53'),
(116, 16, 'no', 1, 18, '2019-02-01 15:07:53'),
(117, 17, 'yes', 1, 18, '2019-02-01 15:07:53'),
(118, 1, 'yes', 1, 17, '2019-02-01 15:12:21'),
(119, 2, 'yes', 1, 17, '2019-02-01 15:12:21'),
(120, 3, 'no', 1, 17, '2019-02-01 15:12:21'),
(121, 4, 'no', 1, 17, '2019-02-01 15:12:21'),
(122, 5, 'no', 1, 17, '2019-02-01 15:12:21'),
(123, 6, 'no', 1, 17, '2019-02-01 15:12:21'),
(124, 7, 'yes', 1, 17, '2019-02-01 15:12:21'),
(125, 8, 'no', 1, 17, '2019-02-01 15:12:21'),
(126, 24, 'no', 1, 17, '2019-02-01 15:12:21'),
(127, 25, 'no', 1, 17, '2019-02-01 15:12:21'),
(128, 26, 'no', 1, 17, '2019-02-01 15:12:21'),
(129, 27, 'no', 1, 17, '2019-02-01 15:12:21'),
(130, 28, 'yes', 1, 17, '2019-02-01 15:12:21'),
(131, 29, 'yes', 1, 17, '2019-02-01 15:12:21'),
(132, 30, 'yes', 1, 17, '2019-02-01 15:12:21'),
(133, 31, 'no', 1, 17, '2019-02-01 15:12:21'),
(134, 32, 'no', 1, 17, '2019-02-01 15:12:21'),
(135, 33, 'no', 1, 17, '2019-02-01 15:12:21'),
(136, 34, 'no', 1, 17, '2019-02-01 15:12:21'),
(137, 35, 'no', 1, 17, '2019-02-01 15:12:21'),
(138, 36, 'no', 1, 17, '2019-02-01 15:12:21'),
(139, 37, 'no', 1, 17, '2019-02-01 15:12:21'),
(140, 38, 'yes', 1, 17, '2019-02-01 15:12:21'),
(141, 39, 'yes', 1, 17, '2019-02-01 15:12:21'),
(142, 18, 'no', 1, 17, '2019-02-01 15:12:21'),
(143, 19, 'no', 1, 17, '2019-02-01 15:12:21'),
(144, 20, 'no', 1, 17, '2019-02-01 15:12:21'),
(145, 21, 'no', 1, 17, '2019-02-01 15:12:21'),
(146, 22, 'no', 1, 17, '2019-02-01 15:12:21'),
(147, 23, 'no', 1, 17, '2019-02-01 15:12:21'),
(148, 9, 'no', 1, 17, '2019-02-01 15:12:21'),
(149, 10, 'no', 1, 17, '2019-02-01 15:12:21'),
(150, 11, 'no', 1, 17, '2019-02-01 15:12:21'),
(151, 12, 'no', 1, 17, '2019-02-01 15:12:21'),
(152, 13, 'no', 1, 17, '2019-02-01 15:12:21'),
(153, 14, 'no', 1, 17, '2019-02-01 15:12:21'),
(154, 15, 'no', 1, 17, '2019-02-01 15:12:21'),
(155, 16, 'no', 1, 17, '2019-02-01 15:12:21'),
(156, 17, 'no', 1, 17, '2019-02-01 15:12:21'),
(157, 1, 'no', 1, 11, '2019-02-04 07:15:25'),
(158, 2, 'no', 1, 11, '2019-02-04 07:15:25'),
(159, 3, 'no', 1, 11, '2019-02-04 07:15:25'),
(160, 4, 'no', 1, 11, '2019-02-04 07:15:25'),
(161, 5, 'no', 1, 11, '2019-02-04 07:15:25'),
(162, 6, 'no', 1, 11, '2019-02-04 07:15:25'),
(163, 7, 'no', 1, 11, '2019-02-04 07:15:25'),
(164, 8, 'no', 1, 11, '2019-02-04 07:15:25'),
(165, 24, 'no', 1, 11, '2019-02-04 07:15:25'),
(166, 25, 'no', 1, 11, '2019-02-04 07:15:25'),
(167, 26, 'no', 1, 11, '2019-02-04 07:15:25'),
(168, 27, 'no', 1, 11, '2019-02-04 07:15:25'),
(169, 28, 'no', 1, 11, '2019-02-04 07:15:25'),
(170, 29, 'no', 1, 11, '2019-02-04 07:15:25'),
(171, 30, 'no', 1, 11, '2019-02-04 07:15:25'),
(172, 31, 'no', 1, 11, '2019-02-04 07:15:25'),
(173, 32, 'no', 1, 11, '2019-02-04 07:15:25'),
(174, 33, 'no', 1, 11, '2019-02-04 07:15:25'),
(175, 34, 'no', 1, 11, '2019-02-04 07:15:25'),
(176, 35, 'no', 1, 11, '2019-02-04 07:15:25'),
(177, 36, 'no', 1, 11, '2019-02-04 07:15:25'),
(178, 37, 'no', 1, 11, '2019-02-04 07:15:25'),
(179, 38, 'no', 1, 11, '2019-02-04 07:15:25'),
(180, 39, 'no', 1, 11, '2019-02-04 07:15:25'),
(181, 18, 'no', 1, 11, '2019-02-04 07:15:25'),
(182, 19, 'no', 1, 11, '2019-02-04 07:15:25'),
(183, 20, 'no', 1, 11, '2019-02-04 07:15:25'),
(184, 21, 'no', 1, 11, '2019-02-04 07:15:25'),
(185, 22, 'no', 1, 11, '2019-02-04 07:15:25'),
(186, 23, 'no', 1, 11, '2019-02-04 07:15:25'),
(187, 9, 'no', 1, 11, '2019-02-04 07:15:25'),
(188, 10, 'no', 1, 11, '2019-02-04 07:15:25'),
(189, 11, 'no', 1, 11, '2019-02-04 07:15:25'),
(190, 12, 'no', 1, 11, '2019-02-04 07:15:25'),
(191, 13, 'no', 1, 11, '2019-02-04 07:15:25'),
(192, 14, 'no', 1, 11, '2019-02-04 07:15:25'),
(193, 15, 'no', 1, 11, '2019-02-04 07:15:25'),
(194, 16, 'no', 1, 11, '2019-02-04 07:15:25'),
(195, 17, 'no', 1, 11, '2019-02-04 07:15:25'),
(196, 1, 'no', 1, 12, '2019-02-04 07:18:53'),
(197, 2, 'no', 1, 12, '2019-02-04 07:18:53'),
(198, 3, 'no', 1, 12, '2019-02-04 07:18:53'),
(199, 4, 'no', 1, 12, '2019-02-04 07:18:53'),
(200, 5, 'no', 1, 12, '2019-02-04 07:18:53'),
(201, 6, 'no', 1, 12, '2019-02-04 07:18:53'),
(202, 7, 'no', 1, 12, '2019-02-04 07:18:53'),
(203, 8, 'no', 1, 12, '2019-02-04 07:18:53'),
(204, 24, 'no', 1, 12, '2019-02-04 07:18:53'),
(205, 25, 'no', 1, 12, '2019-02-04 07:18:53'),
(206, 26, 'no', 1, 12, '2019-02-04 07:18:53'),
(207, 27, 'no', 1, 12, '2019-02-04 07:18:53'),
(208, 28, 'no', 1, 12, '2019-02-04 07:18:53'),
(209, 29, 'no', 1, 12, '2019-02-04 07:18:53'),
(210, 30, 'no', 1, 12, '2019-02-04 07:18:53'),
(211, 31, 'no', 1, 12, '2019-02-04 07:18:53'),
(212, 32, 'no', 1, 12, '2019-02-04 07:18:53'),
(213, 33, 'no', 1, 12, '2019-02-04 07:18:53'),
(214, 34, 'no', 1, 12, '2019-02-04 07:18:53'),
(215, 35, 'no', 1, 12, '2019-02-04 07:18:53'),
(216, 36, 'no', 1, 12, '2019-02-04 07:18:53'),
(217, 37, 'no', 1, 12, '2019-02-04 07:18:53'),
(218, 38, 'no', 1, 12, '2019-02-04 07:18:53'),
(219, 39, 'no', 1, 12, '2019-02-04 07:18:53'),
(220, 18, 'no', 1, 12, '2019-02-04 07:18:53'),
(221, 19, 'no', 1, 12, '2019-02-04 07:18:53'),
(222, 20, 'no', 1, 12, '2019-02-04 07:18:53'),
(223, 21, 'no', 1, 12, '2019-02-04 07:18:53'),
(224, 22, 'no', 1, 12, '2019-02-04 07:18:53'),
(225, 23, 'no', 1, 12, '2019-02-04 07:18:53'),
(226, 9, 'no', 1, 12, '2019-02-04 07:18:53'),
(227, 10, 'no', 1, 12, '2019-02-04 07:18:53'),
(228, 11, 'no', 1, 12, '2019-02-04 07:18:53'),
(229, 12, 'no', 1, 12, '2019-02-04 07:18:53'),
(230, 13, 'no', 1, 12, '2019-02-04 07:18:53'),
(231, 14, 'no', 1, 12, '2019-02-04 07:18:53'),
(232, 15, 'no', 1, 12, '2019-02-04 07:18:53'),
(233, 16, 'no', 1, 12, '2019-02-04 07:18:53'),
(234, 17, 'no', 1, 12, '2019-02-04 07:18:53'),
(235, 1, 'no', 1, 13, '2019-02-05 07:11:03'),
(236, 2, 'no', 1, 13, '2019-02-05 07:11:03'),
(237, 3, 'no', 1, 13, '2019-02-05 07:11:03'),
(238, 4, 'no', 1, 13, '2019-02-05 07:11:03'),
(239, 5, 'no', 1, 13, '2019-02-05 07:11:03'),
(240, 6, 'no', 1, 13, '2019-02-05 07:11:03'),
(241, 7, 'no', 1, 13, '2019-02-05 07:11:03'),
(242, 8, 'no', 1, 13, '2019-02-05 07:11:03'),
(243, 24, 'no', 1, 13, '2019-02-05 07:11:03'),
(244, 25, 'no', 1, 13, '2019-02-05 07:11:03'),
(245, 26, 'no', 1, 13, '2019-02-05 07:11:03'),
(246, 27, 'no', 1, 13, '2019-02-05 07:11:03'),
(247, 28, 'no', 1, 13, '2019-02-05 07:11:03'),
(248, 29, 'no', 1, 13, '2019-02-05 07:11:03'),
(249, 30, 'no', 1, 13, '2019-02-05 07:11:03'),
(250, 31, 'no', 1, 13, '2019-02-05 07:11:03'),
(251, 32, 'no', 1, 13, '2019-02-05 07:11:03'),
(252, 33, 'no', 1, 13, '2019-02-05 07:11:03'),
(253, 34, 'no', 1, 13, '2019-02-05 07:11:03'),
(254, 35, 'no', 1, 13, '2019-02-05 07:11:03'),
(255, 36, 'no', 1, 13, '2019-02-05 07:11:03'),
(256, 37, 'no', 1, 13, '2019-02-05 07:11:03'),
(257, 38, 'no', 1, 13, '2019-02-05 07:11:03'),
(258, 39, 'no', 1, 13, '2019-02-05 07:11:03'),
(259, 18, 'no', 1, 13, '2019-02-05 07:11:03'),
(260, 19, 'no', 1, 13, '2019-02-05 07:11:03'),
(261, 20, 'no', 1, 13, '2019-02-05 07:11:03'),
(262, 21, 'no', 1, 13, '2019-02-05 07:11:03'),
(263, 22, 'no', 1, 13, '2019-02-05 07:11:03'),
(264, 23, 'no', 1, 13, '2019-02-05 07:11:03'),
(265, 9, 'no', 1, 13, '2019-02-05 07:11:03'),
(266, 10, 'no', 1, 13, '2019-02-05 07:11:03'),
(267, 11, 'no', 1, 13, '2019-02-05 07:11:03'),
(268, 12, 'no', 1, 13, '2019-02-05 07:11:03'),
(269, 13, 'no', 1, 13, '2019-02-05 07:11:03'),
(270, 14, 'no', 1, 13, '2019-02-05 07:11:03'),
(271, 15, 'no', 1, 13, '2019-02-05 07:11:03'),
(272, 16, 'no', 1, 13, '2019-02-05 07:11:03'),
(273, 17, 'no', 1, 13, '2019-02-05 07:11:03'),
(274, 1, 'yes', 2, 11, '2019-02-06 07:12:30'),
(275, 2, 'no', 2, 11, '2019-02-06 07:12:30'),
(276, 1, 'yes', 2, 16, '2019-02-06 07:24:24'),
(277, 2, 'no', 2, 16, '2019-02-06 07:24:24'),
(278, 1, 'yes', 2, 15, '2019-02-06 07:45:11'),
(279, 2, 'no', 2, 15, '2019-02-06 07:45:11'),
(280, 1, 'no', 1, 14, '2019-02-19 10:47:30'),
(281, 2, 'no', 1, 14, '2019-02-19 10:47:30'),
(282, 3, 'no', 1, 14, '2019-02-19 10:47:30'),
(283, 4, 'no', 1, 14, '2019-02-19 10:47:30'),
(284, 5, 'no', 1, 14, '2019-02-19 10:47:30'),
(285, 6, 'no', 1, 14, '2019-02-19 10:47:30'),
(286, 7, 'no', 1, 14, '2019-02-19 10:47:30'),
(287, 8, 'no', 1, 14, '2019-02-19 10:47:30'),
(288, 24, 'no', 1, 14, '2019-02-19 10:47:30'),
(289, 25, 'no', 1, 14, '2019-02-19 10:47:30'),
(290, 26, 'no', 1, 14, '2019-02-19 10:47:30'),
(291, 27, 'no', 1, 14, '2019-02-19 10:47:30'),
(292, 28, 'no', 1, 14, '2019-02-19 10:47:30'),
(293, 29, 'no', 1, 14, '2019-02-19 10:47:30'),
(294, 30, 'no', 1, 14, '2019-02-19 10:47:30'),
(295, 31, 'no', 1, 14, '2019-02-19 10:47:30'),
(296, 32, 'no', 1, 14, '2019-02-19 10:47:30'),
(297, 33, 'no', 1, 14, '2019-02-19 10:47:30'),
(298, 34, 'no', 1, 14, '2019-02-19 10:47:30'),
(299, 35, 'no', 1, 14, '2019-02-19 10:47:30'),
(300, 36, 'no', 1, 14, '2019-02-19 10:47:30'),
(301, 37, 'no', 1, 14, '2019-02-19 10:47:30'),
(302, 38, 'no', 1, 14, '2019-02-19 10:47:30'),
(303, 39, 'no', 1, 14, '2019-02-19 10:47:30'),
(304, 18, 'no', 1, 14, '2019-02-19 10:47:30'),
(305, 19, 'no', 1, 14, '2019-02-19 10:47:30'),
(306, 20, 'no', 1, 14, '2019-02-19 10:47:30'),
(307, 21, 'no', 1, 14, '2019-02-19 10:47:30'),
(308, 22, 'no', 1, 14, '2019-02-19 10:47:30'),
(309, 23, 'no', 1, 14, '2019-02-19 10:47:30'),
(310, 9, 'no', 1, 14, '2019-02-19 10:47:30'),
(311, 10, 'no', 1, 14, '2019-02-19 10:47:30'),
(312, 11, 'no', 1, 14, '2019-02-19 10:47:30'),
(313, 12, 'no', 1, 14, '2019-02-19 10:47:30'),
(314, 13, 'no', 1, 14, '2019-02-19 10:47:30'),
(315, 14, 'no', 1, 14, '2019-02-19 10:47:30'),
(316, 15, 'no', 1, 14, '2019-02-19 10:47:30'),
(317, 16, 'no', 1, 14, '2019-02-19 10:47:30'),
(318, 17, 'no', 1, 14, '2019-02-19 10:47:30'),
(319, 1, 'no', 1, 16, '2019-02-19 10:48:50'),
(320, 2, 'no', 1, 16, '2019-02-19 10:48:50'),
(321, 3, 'yes', 1, 16, '2019-02-19 10:48:50'),
(322, 4, 'no', 1, 16, '2019-02-19 10:48:50'),
(323, 5, 'no', 1, 16, '2019-02-19 10:48:50'),
(324, 6, 'no', 1, 16, '2019-02-19 10:48:50'),
(325, 7, 'no', 1, 16, '2019-02-19 10:48:50'),
(326, 8, 'no', 1, 16, '2019-02-19 10:48:50'),
(327, 24, 'no', 1, 16, '2019-02-19 10:48:50'),
(328, 25, 'no', 1, 16, '2019-02-19 10:48:50'),
(329, 26, 'no', 1, 16, '2019-02-19 10:48:50'),
(330, 27, 'no', 1, 16, '2019-02-19 10:48:50'),
(331, 28, 'no', 1, 16, '2019-02-19 10:48:50'),
(332, 29, 'yes', 1, 16, '2019-02-19 10:48:50'),
(333, 30, 'no', 1, 16, '2019-02-19 10:48:50'),
(334, 31, 'no', 1, 16, '2019-02-19 10:48:50'),
(335, 32, 'no', 1, 16, '2019-02-19 10:48:50'),
(336, 33, 'no', 1, 16, '2019-02-19 10:48:50'),
(337, 34, 'no', 1, 16, '2019-02-19 10:48:50'),
(338, 35, 'no', 1, 16, '2019-02-19 10:48:50'),
(339, 36, 'no', 1, 16, '2019-02-19 10:48:50'),
(340, 37, 'no', 1, 16, '2019-02-19 10:48:50'),
(341, 38, 'no', 1, 16, '2019-02-19 10:48:50'),
(342, 39, 'no', 1, 16, '2019-02-19 10:48:50'),
(343, 18, 'no', 1, 16, '2019-02-19 10:48:50'),
(344, 19, 'no', 1, 16, '2019-02-19 10:48:50'),
(345, 20, 'no', 1, 16, '2019-02-19 10:48:50'),
(346, 21, 'no', 1, 16, '2019-02-19 10:48:50'),
(347, 22, 'no', 1, 16, '2019-02-19 10:48:50'),
(348, 23, 'no', 1, 16, '2019-02-19 10:48:50'),
(349, 9, 'no', 1, 16, '2019-02-19 10:48:50'),
(350, 10, 'no', 1, 16, '2019-02-19 10:48:50'),
(351, 11, 'no', 1, 16, '2019-02-19 10:48:50'),
(352, 12, 'no', 1, 16, '2019-02-19 10:48:50'),
(353, 13, 'no', 1, 16, '2019-02-19 10:48:50'),
(354, 14, 'no', 1, 16, '2019-02-19 10:48:50'),
(355, 15, 'no', 1, 16, '2019-02-19 10:48:50'),
(356, 16, 'no', 1, 16, '2019-02-19 10:48:50'),
(357, 17, 'no', 1, 16, '2019-02-19 10:48:50'),
(358, 1, 'no', 1, 15, '2019-02-19 11:32:13'),
(359, 2, 'no', 1, 15, '2019-02-19 11:32:13'),
(360, 3, 'no', 1, 15, '2019-02-19 11:32:13'),
(361, 4, 'no', 1, 15, '2019-02-19 11:32:13'),
(362, 5, 'no', 1, 15, '2019-02-19 11:32:13'),
(363, 6, 'no', 1, 15, '2019-02-19 11:32:13'),
(364, 7, 'no', 1, 15, '2019-02-19 11:32:13'),
(365, 8, 'no', 1, 15, '2019-02-19 11:32:13'),
(366, 24, 'no', 1, 15, '2019-02-19 11:32:13'),
(367, 25, 'no', 1, 15, '2019-02-19 11:32:13'),
(368, 26, 'no', 1, 15, '2019-02-19 11:32:13'),
(369, 27, 'no', 1, 15, '2019-02-19 11:32:13'),
(370, 28, 'no', 1, 15, '2019-02-19 11:32:13'),
(371, 29, 'no', 1, 15, '2019-02-19 11:32:13'),
(372, 30, 'no', 1, 15, '2019-02-19 11:32:13'),
(373, 31, 'no', 1, 15, '2019-02-19 11:32:13'),
(374, 32, 'no', 1, 15, '2019-02-19 11:32:13'),
(375, 33, 'no', 1, 15, '2019-02-19 11:32:13'),
(376, 34, 'no', 1, 15, '2019-02-19 11:32:13'),
(377, 35, 'no', 1, 15, '2019-02-19 11:32:13'),
(378, 36, 'no', 1, 15, '2019-02-19 11:32:13'),
(379, 37, 'no', 1, 15, '2019-02-19 11:32:13'),
(380, 38, 'no', 1, 15, '2019-02-19 11:32:13'),
(381, 39, 'no', 1, 15, '2019-02-19 11:32:13'),
(382, 18, 'no', 1, 15, '2019-02-19 11:32:13'),
(383, 19, 'no', 1, 15, '2019-02-19 11:32:13'),
(384, 20, 'no', 1, 15, '2019-02-19 11:32:13'),
(385, 21, 'no', 1, 15, '2019-02-19 11:32:13'),
(386, 22, 'no', 1, 15, '2019-02-19 11:32:13'),
(387, 23, 'no', 1, 15, '2019-02-19 11:32:13'),
(388, 9, 'no', 1, 15, '2019-02-19 11:32:13'),
(389, 10, 'no', 1, 15, '2019-02-19 11:32:13'),
(390, 11, 'no', 1, 15, '2019-02-19 11:32:13'),
(391, 12, 'no', 1, 15, '2019-02-19 11:32:13'),
(392, 13, 'no', 1, 15, '2019-02-19 11:32:13'),
(393, 14, 'no', 1, 15, '2019-02-19 11:32:13'),
(394, 15, 'no', 1, 15, '2019-02-19 11:32:13'),
(395, 16, 'no', 1, 15, '2019-02-19 11:32:13'),
(396, 17, 'no', 1, 15, '2019-02-19 11:32:13'),
(397, 1, 'no', 2, 1, '2019-02-22 08:17:45'),
(398, 2, 'no', 2, 1, '2019-02-22 08:17:45'),
(399, 3, 'no', 2, 1, '2019-02-22 08:17:45'),
(400, 4, 'no', 2, 1, '2019-02-22 08:17:45'),
(401, 5, 'no', 2, 1, '2019-02-22 08:17:45'),
(402, 6, 'no', 2, 1, '2019-02-22 08:17:45'),
(403, 7, 'no', 2, 1, '2019-02-22 08:17:45'),
(404, 8, 'no', 2, 1, '2019-02-22 08:17:45'),
(405, 24, 'no', 2, 1, '2019-02-22 08:17:45'),
(406, 25, 'no', 2, 1, '2019-02-22 08:17:45'),
(407, 26, 'no', 2, 1, '2019-02-22 08:17:45'),
(408, 27, 'no', 2, 1, '2019-02-22 08:17:45'),
(409, 28, 'no', 2, 1, '2019-02-22 08:17:45'),
(410, 29, 'no', 2, 1, '2019-02-22 08:17:45'),
(411, 30, 'no', 2, 1, '2019-02-22 08:17:45'),
(412, 31, 'no', 2, 1, '2019-02-22 08:17:45'),
(413, 32, 'no', 2, 1, '2019-02-22 08:17:45'),
(414, 33, 'no', 2, 1, '2019-02-22 08:17:45'),
(415, 34, 'no', 2, 1, '2019-02-22 08:17:45'),
(416, 35, 'no', 2, 1, '2019-02-22 08:17:45'),
(417, 36, 'no', 2, 1, '2019-02-22 08:17:45'),
(418, 37, 'no', 2, 1, '2019-02-22 08:17:45'),
(419, 38, 'no', 2, 1, '2019-02-22 08:17:45'),
(420, 39, 'no', 2, 1, '2019-02-22 08:17:45'),
(421, 18, 'no', 2, 1, '2019-02-22 08:17:45'),
(422, 19, 'no', 2, 1, '2019-02-22 08:17:45'),
(423, 20, 'no', 2, 1, '2019-02-22 08:17:45'),
(424, 21, 'no', 2, 1, '2019-02-22 08:17:45'),
(425, 22, 'no', 2, 1, '2019-02-22 08:17:45'),
(426, 23, 'no', 2, 1, '2019-02-22 08:17:45'),
(427, 9, 'no', 2, 1, '2019-02-22 08:17:45'),
(428, 10, 'no', 2, 1, '2019-02-22 08:17:45'),
(429, 11, 'no', 2, 1, '2019-02-22 08:17:45'),
(430, 12, 'no', 2, 1, '2019-02-22 08:17:45'),
(431, 13, 'no', 2, 1, '2019-02-22 08:17:45'),
(432, 14, 'no', 2, 1, '2019-02-22 08:17:45'),
(433, 15, 'no', 2, 1, '2019-02-22 08:17:45'),
(434, 16, 'no', 2, 1, '2019-02-22 08:17:45'),
(435, 17, 'no', 2, 1, '2019-02-22 08:17:45'),
(436, 1, 'no', 2, 2, '2019-02-22 08:28:49'),
(437, 2, 'yes', 2, 2, '2019-02-22 08:28:49'),
(438, 3, 'yes', 2, 2, '2019-02-22 08:28:49'),
(439, 4, 'yes', 2, 2, '2019-02-22 08:28:49'),
(440, 5, 'no', 2, 2, '2019-02-22 08:28:49'),
(441, 6, 'yes', 2, 2, '2019-02-22 08:28:49'),
(442, 7, 'yes', 2, 2, '2019-02-22 08:28:49'),
(443, 8, 'no', 2, 2, '2019-02-22 08:28:49'),
(444, 24, 'yes', 2, 2, '2019-02-22 08:28:49'),
(445, 25, 'yes', 2, 2, '2019-02-22 08:28:49'),
(446, 26, 'yes', 2, 2, '2019-02-22 08:28:49'),
(447, 27, 'yes', 2, 2, '2019-02-22 08:28:49'),
(448, 28, 'yes', 2, 2, '2019-02-22 08:28:49'),
(449, 29, 'yes', 2, 2, '2019-02-22 08:28:49'),
(450, 30, 'yes', 2, 2, '2019-02-22 08:28:49'),
(451, 31, 'yes', 2, 2, '2019-02-22 08:28:49'),
(452, 32, 'yes', 2, 2, '2019-02-22 08:28:49'),
(453, 33, 'yes', 2, 2, '2019-02-22 08:28:49'),
(454, 34, 'yes', 2, 2, '2019-02-22 08:28:49'),
(455, 35, 'yes', 2, 2, '2019-02-22 08:28:49'),
(456, 36, 'yes', 2, 2, '2019-02-22 08:28:49'),
(457, 37, 'yes', 2, 2, '2019-02-22 08:28:49'),
(458, 38, 'yes', 2, 2, '2019-02-22 08:28:49'),
(459, 39, 'yes', 2, 2, '2019-02-22 08:28:49'),
(460, 18, 'no', 2, 2, '2019-02-22 08:28:49'),
(461, 19, 'yes', 2, 2, '2019-02-22 08:28:49'),
(462, 20, 'yes', 2, 2, '2019-02-22 08:28:49'),
(463, 21, 'yes', 2, 2, '2019-02-22 08:28:49'),
(464, 22, 'yes', 2, 2, '2019-02-22 08:28:49'),
(465, 23, 'yes', 2, 2, '2019-02-22 08:28:49'),
(466, 9, 'yes', 2, 2, '2019-02-22 08:28:49'),
(467, 10, 'no', 2, 2, '2019-02-22 08:28:49'),
(468, 11, 'yes', 2, 2, '2019-02-22 08:28:49'),
(469, 12, 'yes', 2, 2, '2019-02-22 08:28:49'),
(470, 13, 'yes', 2, 2, '2019-02-22 08:28:49'),
(471, 14, 'yes', 2, 2, '2019-02-22 08:28:49'),
(472, 15, 'yes', 2, 2, '2019-02-22 08:28:49'),
(473, 16, 'yes', 2, 2, '2019-02-22 08:28:49'),
(474, 17, 'yes', 2, 2, '2019-02-22 08:28:49'),
(475, 1, 'yes', 2, 4, '2019-02-22 08:31:58'),
(476, 2, 'yes', 2, 4, '2019-02-22 08:31:58'),
(477, 3, 'no', 2, 4, '2019-02-22 08:31:58'),
(478, 4, 'yes', 2, 4, '2019-02-22 08:31:58'),
(479, 5, 'yes', 2, 4, '2019-02-22 08:31:58'),
(480, 6, 'yes', 2, 4, '2019-02-22 08:31:58'),
(481, 7, 'yes', 2, 4, '2019-02-22 08:31:58'),
(482, 8, 'yes', 2, 4, '2019-02-22 08:31:58'),
(483, 24, 'yes', 2, 4, '2019-02-22 08:31:58'),
(484, 25, 'yes', 2, 4, '2019-02-22 08:31:58'),
(485, 26, 'yes', 2, 4, '2019-02-22 08:31:58'),
(486, 27, 'yes', 2, 4, '2019-02-22 08:31:58'),
(487, 28, 'no', 2, 4, '2019-02-22 08:31:58'),
(488, 29, 'yes', 2, 4, '2019-02-22 08:31:58'),
(489, 30, 'yes', 2, 4, '2019-02-22 08:31:58'),
(490, 31, 'yes', 2, 4, '2019-02-22 08:31:58'),
(491, 32, 'yes', 2, 4, '2019-02-22 08:31:58'),
(492, 33, 'yes', 2, 4, '2019-02-22 08:31:58'),
(493, 34, 'yes', 2, 4, '2019-02-22 08:31:58'),
(494, 35, 'yes', 2, 4, '2019-02-22 08:31:58'),
(495, 36, 'yes', 2, 4, '2019-02-22 08:31:58'),
(496, 37, 'yes', 2, 4, '2019-02-22 08:31:58'),
(497, 38, 'yes', 2, 4, '2019-02-22 08:31:58'),
(498, 39, 'yes', 2, 4, '2019-02-22 08:31:58'),
(499, 18, 'yes', 2, 4, '2019-02-22 08:31:58'),
(500, 19, 'no', 2, 4, '2019-02-22 08:31:58'),
(501, 20, 'yes', 2, 4, '2019-02-22 08:31:58'),
(502, 21, 'yes', 2, 4, '2019-02-22 08:31:58'),
(503, 22, 'yes', 2, 4, '2019-02-22 08:31:58'),
(504, 23, 'yes', 2, 4, '2019-02-22 08:31:58'),
(505, 9, 'yes', 2, 4, '2019-02-22 08:31:58'),
(506, 10, 'yes', 2, 4, '2019-02-22 08:31:58'),
(507, 11, 'yes', 2, 4, '2019-02-22 08:31:58'),
(508, 12, 'yes', 2, 4, '2019-02-22 08:31:58'),
(509, 13, 'yes', 2, 4, '2019-02-22 08:31:58'),
(510, 14, 'yes', 2, 4, '2019-02-22 08:31:58'),
(511, 15, 'yes', 2, 4, '2019-02-22 08:31:58'),
(512, 16, 'yes', 2, 4, '2019-02-22 08:31:58'),
(513, 17, 'yes', 2, 4, '2019-02-22 08:31:58');

-- --------------------------------------------------------

--
-- Table structure for table `instruction_image`
--

CREATE TABLE `instruction_image` (
  `instruction_image_id` int(10) UNSIGNED NOT NULL COMMENT 'instruction image id',
  `field_inspector_id` int(10) UNSIGNED NOT NULL COMMENT 'field inspector id',
  `assigned_consumer_id` int(10) UNSIGNED NOT NULL COMMENT 'assigned consumer id',
  `image_id` tinyint(3) UNSIGNED NOT NULL COMMENT 'instruction image id',
  `answer` enum('no','yes') NOT NULL COMMENT 'answer',
  `creation_time` datetime NOT NULL COMMENT 'creation time'
) ENGINE=InnoDB DEFAULT CHARSET=latin1;

--
-- Dumping data for table `instruction_image`
--

INSERT INTO `instruction_image` (`instruction_image_id`, `field_inspector_id`, `assigned_consumer_id`, `image_id`, `answer`, `creation_time`) VALUES
(1, 1, 19, 1, 'no', '2019-02-01 14:45:10'),
(2, 1, 19, 2, 'no', '2019-02-01 14:45:10'),
(3, 1, 19, 3, 'no', '2019-02-01 14:45:10'),
(4, 1, 19, 4, 'no', '2019-02-01 14:45:10'),
(5, 1, 19, 5, 'no', '2019-02-01 14:45:10'),
(6, 1, 19, 6, 'no', '2019-02-01 14:45:10'),
(7, 1, 19, 7, 'no', '2019-02-01 14:45:10'),
(8, 1, 19, 8, 'no', '2019-02-01 14:45:10'),
(9, 1, 19, 9, 'no', '2019-02-01 14:45:10'),
(10, 1, 19, 10, 'no', '2019-02-01 14:45:10'),
(11, 1, 20, 1, 'no', '2019-02-01 14:47:50'),
(12, 1, 20, 2, 'no', '2019-02-01 14:47:50'),
(13, 1, 20, 3, 'no', '2019-02-01 14:47:50'),
(14, 1, 20, 4, 'no', '2019-02-01 14:47:50'),
(15, 1, 20, 5, 'no', '2019-02-01 14:47:50'),
(16, 1, 20, 6, 'no', '2019-02-01 14:47:50'),
(17, 1, 20, 7, 'no', '2019-02-01 14:47:50'),
(18, 1, 20, 8, 'no', '2019-02-01 14:47:50'),
(19, 1, 20, 9, 'no', '2019-02-01 14:47:50'),
(20, 1, 20, 10, 'no', '2019-02-01 14:47:50'),
(21, 1, 18, 1, 'no', '2019-02-01 15:07:53'),
(22, 1, 18, 2, 'no', '2019-02-01 15:07:53'),
(23, 1, 18, 3, 'no', '2019-02-01 15:07:53'),
(24, 1, 18, 4, 'no', '2019-02-01 15:07:53'),
(25, 1, 18, 5, 'no', '2019-02-01 15:07:53'),
(26, 1, 18, 6, 'no', '2019-02-01 15:07:53'),
(27, 1, 18, 7, 'no', '2019-02-01 15:07:53'),
(28, 1, 18, 8, 'no', '2019-02-01 15:07:53'),
(29, 1, 18, 9, 'no', '2019-02-01 15:07:53'),
(30, 1, 18, 10, 'no', '2019-02-01 15:07:53'),
(31, 1, 17, 1, 'no', '2019-02-01 15:12:21'),
(32, 1, 17, 2, 'no', '2019-02-01 15:12:21'),
(33, 1, 17, 3, 'no', '2019-02-01 15:12:21'),
(34, 1, 17, 4, 'no', '2019-02-01 15:12:21'),
(35, 1, 17, 5, 'no', '2019-02-01 15:12:21'),
(36, 1, 17, 6, 'no', '2019-02-01 15:12:21'),
(37, 1, 17, 7, 'no', '2019-02-01 15:12:21'),
(38, 1, 17, 8, 'no', '2019-02-01 15:12:21'),
(39, 1, 17, 9, 'no', '2019-02-01 15:12:21'),
(40, 1, 17, 10, 'no', '2019-02-01 15:12:21'),
(41, 1, 11, 1, 'no', '2019-02-04 07:15:25'),
(42, 1, 11, 2, 'no', '2019-02-04 07:15:25'),
(43, 1, 11, 3, 'no', '2019-02-04 07:15:25'),
(44, 1, 11, 4, 'no', '2019-02-04 07:15:25'),
(45, 1, 11, 5, 'no', '2019-02-04 07:15:25'),
(46, 1, 11, 6, 'no', '2019-02-04 07:15:25'),
(47, 1, 11, 7, 'no', '2019-02-04 07:15:25'),
(48, 1, 11, 8, 'no', '2019-02-04 07:15:25'),
(49, 1, 11, 9, 'no', '2019-02-04 07:15:25'),
(50, 1, 11, 10, 'no', '2019-02-04 07:15:25'),
(51, 1, 12, 1, 'no', '2019-02-04 07:18:53'),
(52, 1, 12, 2, 'no', '2019-02-04 07:18:53'),
(53, 1, 12, 3, 'no', '2019-02-04 07:18:53'),
(54, 1, 12, 4, 'no', '2019-02-04 07:18:53'),
(55, 1, 12, 5, 'no', '2019-02-04 07:18:53'),
(56, 1, 12, 6, 'no', '2019-02-04 07:18:53'),
(57, 1, 12, 7, 'no', '2019-02-04 07:18:53'),
(58, 1, 12, 8, 'no', '2019-02-04 07:18:53'),
(59, 1, 12, 9, 'no', '2019-02-04 07:18:53'),
(60, 1, 12, 10, 'no', '2019-02-04 07:18:53'),
(61, 1, 13, 1, 'no', '2019-02-05 07:11:03'),
(62, 1, 13, 2, 'no', '2019-02-05 07:11:03'),
(63, 1, 13, 3, 'no', '2019-02-05 07:11:03'),
(64, 1, 13, 4, 'no', '2019-02-05 07:11:03'),
(65, 1, 13, 5, 'no', '2019-02-05 07:11:03'),
(66, 1, 13, 6, 'no', '2019-02-05 07:11:03'),
(67, 1, 13, 7, 'no', '2019-02-05 07:11:03'),
(68, 1, 13, 8, 'no', '2019-02-05 07:11:03'),
(69, 1, 13, 9, 'no', '2019-02-05 07:11:03'),
(70, 1, 13, 10, 'no', '2019-02-05 07:11:03'),
(71, 2, 11, 1, 'no', '2019-02-06 07:12:30'),
(72, 2, 11, 2, 'no', '2019-02-06 07:12:30'),
(73, 2, 11, 3, 'no', '2019-02-06 07:12:30'),
(74, 2, 11, 4, 'no', '2019-02-06 07:12:30'),
(75, 2, 11, 5, 'no', '2019-02-06 07:12:30'),
(76, 2, 11, 6, 'no', '2019-02-06 07:12:30'),
(77, 2, 11, 7, 'no', '2019-02-06 07:12:30'),
(78, 2, 11, 8, 'no', '2019-02-06 07:12:30'),
(79, 2, 11, 9, 'no', '2019-02-06 07:12:30'),
(80, 2, 11, 10, 'no', '2019-02-06 07:12:30'),
(81, 2, 16, 1, 'no', '2019-02-06 07:24:24'),
(82, 2, 16, 2, 'no', '2019-02-06 07:24:24'),
(83, 2, 16, 3, 'no', '2019-02-06 07:24:24'),
(84, 2, 16, 4, 'no', '2019-02-06 07:24:24'),
(85, 2, 16, 5, 'no', '2019-02-06 07:24:24'),
(86, 2, 16, 6, 'no', '2019-02-06 07:24:24'),
(87, 2, 16, 7, 'no', '2019-02-06 07:24:24'),
(88, 2, 16, 8, 'no', '2019-02-06 07:24:24'),
(89, 2, 16, 9, 'no', '2019-02-06 07:24:24'),
(90, 2, 16, 10, 'no', '2019-02-06 07:24:24'),
(91, 2, 17, 1, 'no', '2019-02-06 07:27:57'),
(92, 2, 17, 2, 'no', '2019-02-06 07:27:57'),
(93, 2, 17, 3, 'no', '2019-02-06 07:27:57'),
(94, 2, 17, 4, 'no', '2019-02-06 07:27:57'),
(95, 2, 17, 5, 'no', '2019-02-06 07:27:57'),
(96, 2, 17, 6, 'no', '2019-02-06 07:27:57'),
(97, 2, 17, 7, 'no', '2019-02-06 07:27:57'),
(98, 2, 17, 8, 'no', '2019-02-06 07:27:57'),
(99, 2, 17, 9, 'no', '2019-02-06 07:27:57'),
(100, 2, 17, 10, 'no', '2019-02-06 07:27:57'),
(101, 2, 15, 1, 'no', '2019-02-06 07:45:11'),
(102, 2, 15, 2, 'no', '2019-02-06 07:45:11'),
(103, 2, 15, 3, 'no', '2019-02-06 07:45:11'),
(104, 2, 15, 4, 'no', '2019-02-06 07:45:11'),
(105, 2, 15, 5, 'no', '2019-02-06 07:45:11'),
(106, 2, 15, 6, 'no', '2019-02-06 07:45:11'),
(107, 2, 15, 7, 'no', '2019-02-06 07:45:11'),
(108, 2, 15, 8, 'no', '2019-02-06 07:45:11'),
(109, 2, 15, 9, 'no', '2019-02-06 07:45:11'),
(110, 2, 15, 10, 'no', '2019-02-06 07:45:11'),
(111, 1, 14, 1, 'no', '2019-02-19 10:47:30'),
(112, 1, 14, 2, 'no', '2019-02-19 10:47:30'),
(113, 1, 14, 3, 'no', '2019-02-19 10:47:30'),
(114, 1, 14, 4, 'no', '2019-02-19 10:47:30'),
(115, 1, 14, 5, 'no', '2019-02-19 10:47:30'),
(116, 1, 14, 6, 'no', '2019-02-19 10:47:30'),
(117, 1, 14, 7, 'no', '2019-02-19 10:47:30'),
(118, 1, 14, 8, 'no', '2019-02-19 10:47:30'),
(119, 1, 14, 9, 'no', '2019-02-19 10:47:30'),
(120, 1, 14, 10, 'no', '2019-02-19 10:47:30'),
(121, 1, 16, 1, 'no', '2019-02-19 10:48:50'),
(122, 1, 16, 2, 'no', '2019-02-19 10:48:50'),
(123, 1, 16, 3, 'no', '2019-02-19 10:48:50'),
(124, 1, 16, 4, 'no', '2019-02-19 10:48:50'),
(125, 1, 16, 5, 'no', '2019-02-19 10:48:50'),
(126, 1, 16, 6, 'no', '2019-02-19 10:48:50'),
(127, 1, 16, 7, 'no', '2019-02-19 10:48:50'),
(128, 1, 16, 8, 'no', '2019-02-19 10:48:50'),
(129, 1, 16, 9, 'no', '2019-02-19 10:48:50'),
(130, 1, 16, 10, 'no', '2019-02-19 10:48:50'),
(131, 1, 15, 1, 'yes', '2019-02-19 11:32:13'),
(132, 1, 15, 2, 'no', '2019-02-19 11:32:13'),
(133, 1, 15, 3, 'no', '2019-02-19 11:32:13'),
(134, 1, 15, 4, 'no', '2019-02-19 11:32:13'),
(135, 1, 15, 5, 'no', '2019-02-19 11:32:13'),
(136, 1, 15, 6, 'no', '2019-02-19 11:32:13'),
(137, 1, 15, 7, 'no', '2019-02-19 11:32:13'),
(138, 1, 15, 8, 'no', '2019-02-19 11:32:13'),
(139, 1, 15, 9, 'no', '2019-02-19 11:32:13'),
(140, 1, 15, 10, 'no', '2019-02-19 11:32:13'),
(141, 2, 1, 1, 'no', '2019-02-22 08:17:45'),
(142, 2, 1, 2, 'yes', '2019-02-22 08:17:45'),
(143, 2, 1, 3, 'no', '2019-02-22 08:17:45'),
(144, 2, 1, 4, 'no', '2019-02-22 08:17:45'),
(145, 2, 1, 5, 'no', '2019-02-22 08:17:45'),
(146, 2, 1, 6, 'no', '2019-02-22 08:17:45'),
(147, 2, 1, 7, 'no', '2019-02-22 08:17:45'),
(148, 2, 1, 8, 'no', '2019-02-22 08:17:45'),
(149, 2, 1, 9, 'no', '2019-02-22 08:17:45'),
(150, 2, 1, 10, 'no', '2019-02-22 08:17:45'),
(151, 2, 2, 1, 'yes', '2019-02-22 08:28:49'),
(152, 2, 2, 2, 'no', '2019-02-22 08:28:49'),
(153, 2, 2, 3, 'no', '2019-02-22 08:28:49'),
(154, 2, 2, 4, 'no', '2019-02-22 08:28:49'),
(155, 2, 2, 5, 'no', '2019-02-22 08:28:49'),
(156, 2, 2, 6, 'no', '2019-02-22 08:28:49'),
(157, 2, 2, 7, 'no', '2019-02-22 08:28:49'),
(158, 2, 2, 8, 'no', '2019-02-22 08:28:49'),
(159, 2, 2, 9, 'no', '2019-02-22 08:28:49'),
(160, 2, 2, 10, 'no', '2019-02-22 08:28:49'),
(161, 2, 4, 1, 'no', '2019-02-22 08:31:58'),
(162, 2, 4, 2, 'yes', '2019-02-22 08:31:58'),
(163, 2, 4, 3, 'no', '2019-02-22 08:31:58'),
(164, 2, 4, 4, 'yes', '2019-02-22 08:31:58'),
(165, 2, 4, 5, 'no', '2019-02-22 08:31:58'),
(166, 2, 4, 6, 'yes', '2019-02-22 08:31:58'),
(167, 2, 4, 7, 'no', '2019-02-22 08:31:58'),
(168, 2, 4, 8, 'yes', '2019-02-22 08:31:58'),
(169, 2, 4, 9, 'no', '2019-02-22 08:31:58'),
(170, 2, 4, 10, 'yes', '2019-02-22 08:31:58');

-- --------------------------------------------------------

--
-- Table structure for table `other_details`
--

CREATE TABLE `other_details` (
  `other_detail_id` int(10) UNSIGNED NOT NULL COMMENT 'other detail id',
  `attendant` varchar(50) NOT NULL COMMENT 'attendant',
  `outdated` varchar(50) NOT NULL COMMENT 'outdated',
  `any_complaint` text NOT NULL COMMENT 'any complaint',
  `field_inspector_address_proof` varchar(100) NOT NULL COMMENT 'field inspector address proof',
  `kitchen_image` varchar(100) NOT NULL COMMENT 'kitchen image',
  `consumer_id_image` varchar(100) NOT NULL COMMENT 'consumer id image',
  `payment_mode` varchar(20) NOT NULL COMMENT 'payment mode',
  `amount` float NOT NULL COMMENT 'amount',
  `consumer_number_status` enum('0','1') NOT NULL COMMENT 'consumer number status',
  `inspection_status` enum('1','0') NOT NULL COMMENT 'inspection status',
  `field_inspector_id` int(10) UNSIGNED NOT NULL COMMENT 'field inspector id',
  `assigned_consumer_id` int(10) UNSIGNED NOT NULL COMMENT 'assigned consumer id',
  `phone` bigint(20) NOT NULL COMMENT 'consumer phone number',
  `alternate_phone` bigint(20) NOT NULL COMMENT 'alternate phone ',
  `email` varchar(100) NOT NULL COMMENT 'email',
  `total_members` tinyint(4) NOT NULL COMMENT 'total family members',
  `employed` enum('NA','yes','no') NOT NULL COMMENT 'employed (yes for employed and no for not employed)',
  `total_lpg_consumption` tinyint(4) NOT NULL COMMENT 'total lpg consumption',
  `number_of_phones` tinyint(4) NOT NULL COMMENT 'number of smart phones ',
  `two_wheeler` tinyint(4) NOT NULL COMMENT 'number of two wheeler',
  `four_wheeler` tinyint(4) NOT NULL COMMENT 'number of four wheeler',
  `latitude` double NOT NULL COMMENT 'latitude',
  `longitude` double NOT NULL COMMENT 'longitude'
) ENGINE=InnoDB DEFAULT CHARSET=latin1;

--
-- Dumping data for table `other_details`
--

INSERT INTO `other_details` (`other_detail_id`, `attendant`, `outdated`, `any_complaint`, `field_inspector_address_proof`, `kitchen_image`, `consumer_id_image`, `payment_mode`, `amount`, `consumer_number_status`, `inspection_status`, `field_inspector_id`, `assigned_consumer_id`, `phone`, `alternate_phone`, `email`, `total_members`, `employed`, `total_lpg_consumption`, `number_of_phones`, `two_wheeler`, `four_wheeler`, `latitude`, `longitude`) VALUES
(1, 'consumer', 'hello', '', '415912670-address_proof.jpg', '228606570-kitchen_image.jpg', '436463886-consumer_id.jpg', 'cash', 100, '0', '1', 1, 19, 2583994122, 0, '', 10, 'yes', 99, 0, 0, 0, 0, 0),
(2, 'consumer', 'hello', '', '519791084-address_proof.jpg', '544611389-kitchen_image.jpg', '762564132-consumer_id.jpg', 'cash', 100, '0', '1', 1, 20, 2583691475, 0, '', 14, 'yes', 25, 0, 0, 0, 0, 0),
(3, 'consumer', '', '', '663302710-address_proof.jpg', '583780590-kitchen_image.jpg', '57949586-consumer_id.jpg', 'cash', 100, '0', '1', 1, 18, 4853698552, 3698523698, 'a@g.in', 25, 'yes', 99, 0, 0, 0, 0, 0),
(4, 'consumer', 'hello', '', '363936123-address_proof.jpg', '293681700-kitchen_image.jpg', '410696838-consumer_id.jpg', 'cash', 100, '0', '1', 1, 17, 4258369741, 2583698225, 'a@g.in', 99, 'yes', 99, 85, 58, 96, 0, 0),
(5, 'consumer', 'Spare Part', '', '536219202-address_proof.jpg', '409285229-kitchen_image.jpg', '477068430-consumer_id.jpg', 'cash', 100, '0', '1', 1, 11, 6803558353, 0, 'd@c.bn', 2, 'yes', 3, 2, 0, 0, 0, 0),
(6, 'consumer', 'Spare Part', '', '712627786-address_proof.jpg', '412748048-kitchen_image.jpg', '', 'cash', 100, '0', '1', 1, 12, 2805038585, 0, 'c@v.nm', 5, 'yes', 1, 2, 0, 0, 0, 0),
(7, 'consumer', '', '', '83067848-address_proof.jpg', '', '', 'cash', 100, '0', '1', 1, 13, 7875878787, 0, 'a@c.bn', 5, 'yes', 1, 0, 0, 0, 0, 0),
(8, 'consumer', '', '', '454195909-address_proof.jpg', '430707584-kitchen_image.jpg', '938805127-consumer_id.jpg', 'cash', 100, '0', '1', 2, 11, 9953632723, 0, '', 5, 'yes', 1, 1, 1, 0, 0, 0),
(9, 'consumer', '', '', '16-address_proof.jpg', '16-kitchen_image.jpg', '16-consumer_id.jpg', 'cash', 100, '0', '1', 2, 16, 9953632723, 0, '', 21, 'yes', 12, 91, 0, 0, 0, 0),
(10, 'consumer', '', '', '17-address_proof.jpg', '17-kitchen_image.jpg', '17-consumer_id.jpg', 'cash', 100, '0', '1', 2, 17, 3454321453, 0, '', 31, 'yes', 2, 3, 0, 0, 0, 0),
(11, 'consumer', '', '', '15-address_proof.jpg', '15-kitchen_image.jpg', '15-consumer_id.jpg', 'cash', 100, '0', '1', 2, 15, 9986873618, 0, '', 4, 'yes', 12, 13, 0, 0, 0, 0),
(12, 'Father', 'Pipeline', '', '14-address_proof.jpg', '14-kitchen_image.jpg', '14-consumer_id.jpg', 'cash', 100, '0', '1', 1, 14, 8585558878, 8555555558, 'a@c.kl', 2, 'yes', 1, 1, 0, 0, 0, 0),
(13, 'consumer', 'Spare Part', '', '16-address_proof.jpg', '16-kitchen_image.jpg', '16-consumer_id.jpg', 'cash', 100, '0', '1', 1, 16, 6556565656, 0, 'g@b.ml', 2, 'yes', 3, 7, 0, 0, 0, 0),
(14, 'consumer', 'Spare Part', '', '15-address_proof.jpg', '15-kitchen_image.jpg', '15-consumer_id.jpg', 'cash', 100, '0', '1', 1, 15, 2555828282, 0, 'a@g.kl', 5, 'yes', 1, 5, 0, 0, 0, 0),
(15, 'consumer', '', '', '1-address_proof.jpg', '1-kitchen_image.jpg', '1-consumer_id.jpg', 'cash', 100, '1', '1', 2, 1, 8888888888, 0, 'ak@gmail.com', 5, 'yes', 2, 5, 0, 1, 0, 0),
(16, 'Father', 'Gas Burner,Pipeline,Spare Part', '', '2-address_proof.jpg', '2-kitchen_image.jpg', '2-consumer_id.jpg', 'cash', 100, '0', '1', 2, 2, 9912312312, 9812312312, 'abhinav@gmail.com', 4, 'yes', 5, 2, 2, 1, 0, 0),
(17, 'Father', 'Gas Burner', '', '4-address_proof.jpg', '4-kitchen_image.jpg', '4-consumer_id.jpg', 'online', 100, '0', '1', 2, 4, 9912312312, 9812312312, 'abhinav.gupta@techugo.co', 5, 'yes', 5, 2, 2, 1, 0, 0);

-- --------------------------------------------------------

--
-- Table structure for table `questions`
--

CREATE TABLE `questions` (
  `question_id` tinyint(3) UNSIGNED NOT NULL COMMENT 'question id',
  `question_category_id` tinyint(3) UNSIGNED NOT NULL COMMENT 'question category id',
  `question` text NOT NULL COMMENT 'question',
  `status` enum('1','0') NOT NULL COMMENT 'status'
) ENGINE=InnoDB DEFAULT CHARSET=latin1;

--
-- Dumping data for table `questions`
--

INSERT INTO `questions` (`question_id`, `question_category_id`, `question`, `status`) VALUES
(1, 1, 'Is the cylinder kept in upright position at ground level in a well-ventilated place?', '1'),
(2, 1, 'Is the cylinder kept in a cabinet or in a pit below floor level?', '1'),
(3, 1, 'Is cylinder, Regulator & Suraksha hose clearly visible and within easy reach?', '1'),
(4, 1, 'Is the cylinder kept away from other sources of heat?', '1'),
(5, 1, 'Is there any inflammatory object like kerosene, cloth, paper etc kept near LPG cylinder in the kitchen?', '1'),
(6, 1, 'Is any object like utensil, water pitcher etc kept on the ring of the cylinder?', '1'),
(7, 1, 'Is the safety cap with nylon thread attached to the cylinder in use?', '1'),
(8, 1, 'Is the test date of the cylinder OK or has expired?', '1'),
(9, 5, 'Is the pressure regulator attached properly to the cylinder?', '1'),
(10, 5, 'Is the Regulator in use OK?', '1'),
(11, 5, 'Is the pressure obtained through the regulator OK?', '1'),
(12, 5, 'Is the Pressure Regulator BIS-Approved?', '1'),
(13, 6, 'Is the LPG Suraksha rubber hose BIS- approved?', '1'),
(14, 6, 'Is the Suraksha hose in good condition?', '1'),
(15, 6, 'Is the length of the hose OK?', '1'),
(16, 6, 'Is the hose attached properly with the cylinder & the hot plate?', '1'),
(17, 6, 'Is the rubber tube uncovered and visible?', '1'),
(18, 4, 'Is the Gas Stove BIS-Approved?', '1'),
(19, 4, 'If not, is it been used for cooking purpose?', '1'),
(20, 4, 'Is the gas stove kept on a platform above the cylinder level?', '1'),
(21, 4, 'Is the gas stove requires servicing?', '1'),
(22, 4, 'Is the gas stove showing blue flame while burning?', '1'),
(23, 4, 'Is the gas stove burning fine in both sim & high?', '1'),
(24, 2, 'Is the kitchen well ventilated?', '1'),
(25, 2, 'Is more than one gas connection working in the kitchen?', '1'),
(26, 2, 'Is there any traditional earthen Chulla or Angithi in the room where LPG connection is installed?', '1'),
(27, 2, 'Is there any traditional earthen Chulla or Angithi in the room where LPG connection is installed?', '1'),
(28, 2, 'Is there any inflammable material like rubber mats, coir, mosquito coil or spray etc., inside the kitchen or above the stove?', '1'),
(29, 2, 'Is there any Shelf or storage cabinet right above the hot plate?', '1'),
(30, 2, 'Are there any curtains on the windows near the gas stove?', '1'),
(31, 2, 'Is the Empty/Filled extra cylinder/cylinders stored in a cool and well-ventilated place with the safety cap on it?', '1'),
(32, 2, 'Is Refrigerator kept inside the kitchen?', '1'),
(33, 3, 'Does the customer know how to attach a regulator?', '1'),
(34, 3, 'Does the customer get the cylinder unsealed and weighed in his presence before accepting the refill?', '1'),
(35, 3, 'Is the customer aware of all the precautions to be taken while replacing the cylinder?', '1'),
(36, 3, 'Does the customer closes the knob of the regulator when not in use especially at night before going to sleep?', '1'),
(37, 3, 'Does the customer know the importance of putting back the safety cap on the empty or not in use cylinder?', '1'),
(38, 3, 'Does the customer know about the Emergency service cell?', '1'),
(39, 3, 'Does the customer know what precautions are to be taken in case of leakage and other emergency situations?', '1');

-- --------------------------------------------------------

--
-- Table structure for table `question_categories`
--

CREATE TABLE `question_categories` (
  `question_category_id` tinyint(3) UNSIGNED NOT NULL COMMENT 'question category id',
  `category` varchar(50) NOT NULL COMMENT 'category',
  `status` enum('1','0') NOT NULL COMMENT 'status'
) ENGINE=InnoDB DEFAULT CHARSET=latin1;

--
-- Dumping data for table `question_categories`
--

INSERT INTO `question_categories` (`question_category_id`, `category`, `status`) VALUES
(1, 'Cylinder', '1'),
(2, 'General', '1'),
(3, 'Customer Awareness', '1'),
(4, 'Gas Stove', '1'),
(5, 'Pressure Regulator', '1'),
(6, 'Rubber Hose', '1');

-- --------------------------------------------------------

--
-- Table structure for table `reasonal_head`
--

CREATE TABLE `reasonal_head` (
  `reasonal_head_id` int(11) NOT NULL COMMENT 'reasonal head id',
  `full_name` varchar(50) NOT NULL COMMENT 'full name',
  `address` varchar(255) NOT NULL COMMENT 'address',
  `aadhar_number` bigint(20) NOT NULL COMMENT 'aadhar number',
  `employee_id` varchar(50) NOT NULL COMMENT 'employee id',
  `company_head` int(10) UNSIGNED NOT NULL COMMENT 'company head id',
  `email` varchar(100) NOT NULL COMMENT 'email',
  `password` varchar(32) NOT NULL COMMENT 'password',
  `status` enum('1','0') NOT NULL COMMENT 'status (1 for enable and 0 for disable)',
  `creation_time` datetime NOT NULL COMMENT 'creation time',
  `updation_time` datetime NOT NULL COMMENT 'updation time'
) ENGINE=InnoDB DEFAULT CHARSET=latin1;

--
-- Dumping data for table `reasonal_head`
--

INSERT INTO `reasonal_head` (`reasonal_head_id`, `full_name`, `address`, `aadhar_number`, `employee_id`, `company_head`, `email`, `password`, `status`, `creation_time`, `updation_time`) VALUES
(1, 'rajesh', 'sector 22, Noida, Uttar Pradesh', 124124124124, '1134', 4, 'rajesh@gmail.com', 'e10adc3949ba59abbe56e057f20f883e', '1', '2019-01-16 15:00:00', '2019-01-16 15:00:00'),
(3, 'abhay', 'Noida', 1234566423322, '33333', 4, 'abhay@techugo.ae', 'e10adc3949ba59abbe56e057f20f883e', '1', '2019-01-24 11:57:30', '2019-01-24 11:57:30'),
(4, 'raaj', 'noida', 1234567891818, '111112', 1, 'raj@t.ae', 'e10adc3949ba59abbe56e057f20f883e', '1', '2019-01-31 07:50:35', '2019-01-31 07:50:35');

-- --------------------------------------------------------

--
-- Table structure for table `supervisor`
--

CREATE TABLE `supervisor` (
  `supervisor_id` int(10) UNSIGNED NOT NULL COMMENT 'supervisor id',
  `full_name` varchar(50) NOT NULL COMMENT 'full name',
  `address` varchar(255) NOT NULL COMMENT 'address',
  `aadhar_number` bigint(20) NOT NULL COMMENT 'aadhar number',
  `employee_id` varchar(50) NOT NULL COMMENT 'employee id',
  `company_head` int(10) UNSIGNED NOT NULL COMMENT 'company head id',
  `reasonal_head` int(10) UNSIGNED NOT NULL COMMENT 'reasonal head id',
  `email` varchar(150) NOT NULL COMMENT 'email',
  `password` varchar(32) NOT NULL COMMENT 'password',
  `status` enum('1','0') NOT NULL COMMENT 'status (1 for enable and 0 for disable)',
  `creation_time` datetime NOT NULL COMMENT 'creation time',
  `updation_time` datetime NOT NULL COMMENT 'updation_time'
) ENGINE=InnoDB DEFAULT CHARSET=latin1;

--
-- Dumping data for table `supervisor`
--

INSERT INTO `supervisor` (`supervisor_id`, `full_name`, `address`, `aadhar_number`, `employee_id`, `company_head`, `reasonal_head`, `email`, `password`, `status`, `creation_time`, `updation_time`) VALUES
(1, 'ram', 'D 7, sector 12, Noida, Uttra Pradesh', 123123321345, '1145', 1, 1, 'ram@gmail.com', 'e10adc3949ba59abbe56e057f20f883e', '1', '2019-01-17 09:00:00', '2019-01-17 09:00:00');

-- --------------------------------------------------------

--
-- Table structure for table `super_admin`
--

CREATE TABLE `super_admin` (
  `super_admin_id` tinyint(3) UNSIGNED NOT NULL COMMENT 'super admin id',
  `email` varchar(50) NOT NULL COMMENT 'super admin email',
  `password` varchar(32) NOT NULL COMMENT 'super admin password'
) ENGINE=InnoDB DEFAULT CHARSET=latin1;

--
-- Dumping data for table `super_admin`
--

INSERT INTO `super_admin` (`super_admin_id`, `email`, `password`) VALUES
(1, 'superadmin@snrakshk.com', '7e38d646b1adb0f6f429f0a29a2f9a80');

--
-- Indexes for dumped tables
--

--
-- Indexes for table `assigned_consumer`
--
ALTER TABLE `assigned_consumer`
  ADD PRIMARY KEY (`assigned_consumer_id`);

--
-- Indexes for table `company_head`
--
ALTER TABLE `company_head`
  ADD PRIMARY KEY (`company_head_id`);

--
-- Indexes for table `consumers`
--
ALTER TABLE `consumers`
  ADD PRIMARY KEY (`c_id`);

--
-- Indexes for table `cylinder_images`
--
ALTER TABLE `cylinder_images`
  ADD PRIMARY KEY (`image_id`);

--
-- Indexes for table `field_inspectors`
--
ALTER TABLE `field_inspectors`
  ADD PRIMARY KEY (`field_inspector_id`);

--
-- Indexes for table `inspections`
--
ALTER TABLE `inspections`
  ADD PRIMARY KEY (`inspection_id`);

--
-- Indexes for table `instruction_image`
--
ALTER TABLE `instruction_image`
  ADD PRIMARY KEY (`instruction_image_id`);

--
-- Indexes for table `other_details`
--
ALTER TABLE `other_details`
  ADD PRIMARY KEY (`other_detail_id`);

--
-- Indexes for table `questions`
--
ALTER TABLE `questions`
  ADD PRIMARY KEY (`question_id`);

--
-- Indexes for table `question_categories`
--
ALTER TABLE `question_categories`
  ADD PRIMARY KEY (`question_category_id`);

--
-- Indexes for table `reasonal_head`
--
ALTER TABLE `reasonal_head`
  ADD PRIMARY KEY (`reasonal_head_id`);

--
-- Indexes for table `supervisor`
--
ALTER TABLE `supervisor`
  ADD PRIMARY KEY (`supervisor_id`);

--
-- Indexes for table `super_admin`
--
ALTER TABLE `super_admin`
  ADD PRIMARY KEY (`super_admin_id`);

--
-- AUTO_INCREMENT for dumped tables
--

--
-- AUTO_INCREMENT for table `assigned_consumer`
--
ALTER TABLE `assigned_consumer`
  MODIFY `assigned_consumer_id` int(10) UNSIGNED NOT NULL AUTO_INCREMENT COMMENT 'assign consumer id', AUTO_INCREMENT=21;

--
-- AUTO_INCREMENT for table `company_head`
--
ALTER TABLE `company_head`
  MODIFY `company_head_id` int(10) UNSIGNED NOT NULL AUTO_INCREMENT COMMENT 'company head id', AUTO_INCREMENT=8;

--
-- AUTO_INCREMENT for table `consumers`
--
ALTER TABLE `consumers`
  MODIFY `c_id` int(10) UNSIGNED NOT NULL AUTO_INCREMENT COMMENT 'consumer table id', AUTO_INCREMENT=21;

--
-- AUTO_INCREMENT for table `cylinder_images`
--
ALTER TABLE `cylinder_images`
  MODIFY `image_id` tinyint(3) UNSIGNED NOT NULL AUTO_INCREMENT COMMENT 'image id', AUTO_INCREMENT=11;

--
-- AUTO_INCREMENT for table `field_inspectors`
--
ALTER TABLE `field_inspectors`
  MODIFY `field_inspector_id` int(10) UNSIGNED NOT NULL AUTO_INCREMENT COMMENT 'field inspector id ', AUTO_INCREMENT=6;

--
-- AUTO_INCREMENT for table `inspections`
--
ALTER TABLE `inspections`
  MODIFY `inspection_id` int(10) UNSIGNED NOT NULL AUTO_INCREMENT COMMENT 'inspection id', AUTO_INCREMENT=514;

--
-- AUTO_INCREMENT for table `instruction_image`
--
ALTER TABLE `instruction_image`
  MODIFY `instruction_image_id` int(10) UNSIGNED NOT NULL AUTO_INCREMENT COMMENT 'instruction image id', AUTO_INCREMENT=171;

--
-- AUTO_INCREMENT for table `other_details`
--
ALTER TABLE `other_details`
  MODIFY `other_detail_id` int(10) UNSIGNED NOT NULL AUTO_INCREMENT COMMENT 'other detail id', AUTO_INCREMENT=18;

--
-- AUTO_INCREMENT for table `questions`
--
ALTER TABLE `questions`
  MODIFY `question_id` tinyint(3) UNSIGNED NOT NULL AUTO_INCREMENT COMMENT 'question id', AUTO_INCREMENT=40;

--
-- AUTO_INCREMENT for table `question_categories`
--
ALTER TABLE `question_categories`
  MODIFY `question_category_id` tinyint(3) UNSIGNED NOT NULL AUTO_INCREMENT COMMENT 'question category id', AUTO_INCREMENT=7;

--
-- AUTO_INCREMENT for table `reasonal_head`
--
ALTER TABLE `reasonal_head`
  MODIFY `reasonal_head_id` int(11) NOT NULL AUTO_INCREMENT COMMENT 'reasonal head id', AUTO_INCREMENT=5;

--
-- AUTO_INCREMENT for table `supervisor`
--
ALTER TABLE `supervisor`
  MODIFY `supervisor_id` int(10) UNSIGNED NOT NULL AUTO_INCREMENT COMMENT 'supervisor id', AUTO_INCREMENT=2;

--
-- AUTO_INCREMENT for table `super_admin`
--
ALTER TABLE `super_admin`
  MODIFY `super_admin_id` tinyint(3) UNSIGNED NOT NULL AUTO_INCREMENT COMMENT 'super admin id', AUTO_INCREMENT=2;
COMMIT;

/*!40101 SET CHARACTER_SET_CLIENT=@OLD_CHARACTER_SET_CLIENT */;
/*!40101 SET CHARACTER_SET_RESULTS=@OLD_CHARACTER_SET_RESULTS */;
/*!40101 SET COLLATION_CONNECTION=@OLD_COLLATION_CONNECTION */;
